"BatchNumber","PositionInBatch","FileName","Reason","SourceLengthBytes","SourceAttributes","DestinationLengthBytes","Emotion","SpeakerId","SplitSet","BoxSourcePath","ExpectedDestinationPath"
"22","478","MSP-PODCAST_1347_0010_0024.wav","SOURCE_OFFLINE_COPY_FAILED","183086","Offline, NotContentIndexed","-1","H","762","Development","C:\Users\RD004\Box\知能情報処理システム研究室\音声\音声データベース\MSP_PODCAST\Audio\MSP-PODCAST_1347_0010_0024.wav","C:\Users\RD004\Documents\lab\data\MSP_PODCAST\Audio\batch_022\MSP-PODCAST_1347_0010_0024.wav"
"39","482","MSP-PODCAST_2339_0182.wav","SOURCE_ZERO_LENGTH","0","NotContentIndexed","0","H","1250","Train","C:\Users\RD004\Box\知能情報処理システム研究室\音声\音声データベース\MSP_PODCAST\Audio\MSP-PODCAST_2339_0182.wav","C:\Users\RD004\Documents\lab\data\MSP_PODCAST\Audio\batch_039\MSP-PODCAST_2339_0182.wav"
"39","483","MSP-PODCAST_2339_0213.wav","SOURCE_ZERO_LENGTH","0","NotContentIndexed","0","H","1287","Train","C:\Users\RD004\Box\知能情報処理システム研究室\音声\音声データベース\MSP_PODCAST\Audio\MSP-PODCAST_2339_0213.wav","C:\Users\RD004\Documents\lab\data\MSP_PODCAST\Audio\batch_039\MSP-PODCAST_2339_0213.wav"
"39","484","MSP-PODCAST_2339_0215.wav","SOURCE_ZERO_LENGTH","0","NotContentIndexed","0","H","1287","Train","C:\Users\RD004\Box\知能情報処理システム研究室\音声\音声データベース\MSP_PODCAST\Audio\MSP-PODCAST_2339_0215.wav","C:\Users\RD004\Documents\lab\data\MSP_PODCAST\Audio\batch_039\MSP-PODCAST_2339_0215.wav"
"39","485","MSP-PODCAST_2339_0243.wav","SOURCE_ZERO_LENGTH","0","NotContentIndexed","0","H","1287","Train","C:\Users\RD004\Box\知能情報処理システム研究室\音声\音声データベース\MSP_PODCAST\Audio\MSP-PODCAST_2339_0243.wav","C:\Users\RD004\Documents\lab\data\MSP_PODCAST\Audio\batch_039\MSP-PODCAST_2339_0243.wav"
"39","486","MSP-PODCAST_2339_0247.wav","SOURCE_ZERO_LENGTH","0","NotContentIndexed","0","H","1251","Train","C:\Users\RD004\Box\知能情報処理システム研究室\音声\音声データベース\MSP_PODCAST\Audio\MSP-PODCAST_2339_0247.wav","C:\Users\RD004\Documents\lab\data\MSP_PODCAST\Audio\batch_039\MSP-PODCAST_2339_0247.wav"
"39","487","MSP-PODCAST_2339_0248.wav","SOURCE_ZERO_LENGTH","0","NotContentIndexed","0","H","1251","Train","C:\Users\RD004\Box\知能情報処理システム研究室\音声\音声データベース\MSP_PODCAST\Audio\MSP-PODCAST_2339_0248.wav","C:\Users\RD004\Documents\lab\data\MSP_PODCAST\Audio\batch_039\MSP-PODCAST_2339_0248.wav"
"39","488","MSP-PODCAST_2339_0264.wav","SOURCE_ZERO_LENGTH","0","NotContentIndexed","0","S","1251","Train","C:\Users\RD004\Box\知能情報処理システム研究室\音声\音声データベース\MSP_PODCAST\Audio\MSP-PODCAST_2339_0264.wav","C:\Users\RD004\Documents\lab\data\MSP_PODCAST\Audio\batch_039\MSP-PODCAST_2339_0264.wav"
"39","489","MSP-PODCAST_2339_0271.wav","SOURCE_ZERO_LENGTH","0","NotContentIndexed","0","H","1251","Train","C:\Users\RD004\Box\知能情報処理システム研究室\音声\音声データベース\MSP_PODCAST\Audio\MSP-PODCAST_2339_0271.wav","C:\Users\RD004\Documents\lab\data\MSP_PODCAST\Audio\batch_039\MSP-PODCAST_2339_0271.wav"
"39","490","MSP-PODCAST_2339_0286.wav","SOURCE_ZERO_LENGTH","0","NotContentIndexed","0","H","1286","Train","C:\Users\RD004\Box\知能情報処理システム研究室\音声\音声データベース\MSP_PODCAST\Audio\MSP-PODCAST_2339_0286.wav","C:\Users\RD004\Documents\lab\data\MSP_PODCAST\Audio\batch_039\MSP-PODCAST_2339_0286.wav"
"39","491","MSP-PODCAST_2339_0290.wav","SOURCE_ZERO_LENGTH","0","NotContentIndexed","0","H","1286","Train","C:\Users\RD004\Box\知能情報処理システム研究室\音声\音声データベース\MSP_PODCAST\Audio\MSP-PODCAST_2339_0290.wav","C:\Users\RD004\Documents\lab\data\MSP_PODCAST\Audio\batch_039\MSP-PODCAST_2339_0290.wav"
"39","492","MSP-PODCAST_2339_0298.wav","SOURCE_ZERO_LENGTH","0","NotContentIndexed","0","H","1286","Train","C:\Users\RD004\Box\知能情報処理システム研究室\音声\音声データベース\MSP_PODCAST\Audio\MSP-PODCAST_2339_0298.wav","C:\Users\RD004\Documents\lab\data\MSP_PODCAST\Audio\batch_039\MSP-PODCAST_2339_0298.wav"
"39","493","MSP-PODCAST_2339_0303.wav","SOURCE_ZERO_LENGTH","0","NotContentIndexed","0","S","1286","Train","C:\Users\RD004\Box\知能情報処理システム研究室\音声\音声データベース\MSP_PODCAST\Audio\MSP-PODCAST_2339_0303.wav","C:\Users\RD004\Documents\lab\data\MSP_PODCAST\Audio\batch_039\MSP-PODCAST_2339_0303.wav"
"39","494","MSP-PODCAST_2339_0314.wav","SOURCE_ZERO_LENGTH","0","NotContentIndexed","0","H","1286","Train","C:\Users\RD004\Box\知能情報処理システム研究室\音声\音声データベース\MSP_PODCAST\Audio\MSP-PODCAST_2339_0314.wav","C:\Users\RD004\Documents\lab\data\MSP_PODCAST\Audio\batch_039\MSP-PODCAST_2339_0314.wav"
"39","495","MSP-PODCAST_2339_0324.wav","SOURCE_ZERO_LENGTH","0","NotContentIndexed","0","A","1286","Train","C:\Users\RD004\Box\知能情報処理システム研究室\音声\音声データベース\MSP_PODCAST\Audio\MSP-PODCAST_2339_0324.wav","C:\Users\RD004\Documents\lab\data\MSP_PODCAST\Audio\batch_039\MSP-PODCAST_2339_0324.wav"
"39","496","MSP-PODCAST_2339_0336.wav","SOURCE_ZERO_LENGTH","0","NotContentIndexed","0","H","1286","Train","C:\Users\RD004\Box\知能情報処理システム研究室\音声\音声データベース\MSP_PODCAST\Audio\MSP-PODCAST_2339_0336.wav","C:\Users\RD004\Documents\lab\data\MSP_PODCAST\Audio\batch_039\MSP-PODCAST_2339_0336.wav"
"39","497","MSP-PODCAST_2339_0337.wav","SOURCE_ZERO_LENGTH","0","NotContentIndexed","0","H","1286","Train","C:\Users\RD004\Box\知能情報処理システム研究室\音声\音声データベース\MSP_PODCAST\Audio\MSP-PODCAST_2339_0337.wav","C:\Users\RD004\Documents\lab\data\MSP_PODCAST\Audio\batch_039\MSP-PODCAST_2339_0337.wav"
"39","498","MSP-PODCAST_2339_0353.wav","SOURCE_ZERO_LENGTH","0","NotContentIndexed","0","H","1286","Train","C:\Users\RD004\Box\知能情報処理システム研究室\音声\音声データベース\MSP_PODCAST\Audio\MSP-PODCAST_2339_0353.wav","C:\Users\RD004\Documents\lab\data\MSP_PODCAST\Audio\batch_039\MSP-PODCAST_2339_0353.wav"
"39","499","MSP-PODCAST_2339_0393.wav","SOURCE_ZERO_LENGTH","0","NotContentIndexed","0","H","1287","Train","C:\Users\RD004\Box\知能情報処理システム研究室\音声\音声データベース\MSP_PODCAST\Audio\MSP-PODCAST_2339_0393.wav","C:\Users\RD004\Documents\lab\data\MSP_PODCAST\Audio\batch_039\MSP-PODCAST_2339_0393.wav"
"39","500","MSP-PODCAST_2339_0397.wav","SOURCE_ZERO_LENGTH","0","NotContentIndexed","0","H","1251","Train","C:\Users\RD004\Box\知能情報処理システム研究室\音声\音声データベース\MSP_PODCAST\Audio\MSP-PODCAST_2339_0397.wav","C:\Users\RD004\Documents\lab\data\MSP_PODCAST\Audio\batch_039\MSP-PODCAST_2339_0397.wav"
"40","1","MSP-PODCAST_2339_0401.wav","SOURCE_ZERO_LENGTH","0","NotContentIndexed","0","H","1251","Train","C:\Users\RD004\Box\知能情報処理システム研究室\音声\音声データベース\MSP_PODCAST\Audio\MSP-PODCAST_2339_0401.wav","C:\Users\RD004\Documents\lab\data\MSP_PODCAST\Audio\batch_040\MSP-PODCAST_2339_0401.wav"
"40","2","MSP-PODCAST_2339_0406.wav","SOURCE_ZERO_LENGTH","0","NotContentIndexed","0","H","1251","Train","C:\Users\RD004\Box\知能情報処理システム研究室\音声\音声データベース\MSP_PODCAST\Audio\MSP-PODCAST_2339_0406.wav","C:\Users\RD004\Documents\lab\data\MSP_PODCAST\Audio\batch_040\MSP-PODCAST_2339_0406.wav"
"40","3","MSP-PODCAST_2339_0408.wav","SOURCE_ZERO_LENGTH","0","NotContentIndexed","0","A","1251","Train","C:\Users\RD004\Box\知能情報処理システム研究室\音声\音声データベース\MSP_PODCAST\Audio\MSP-PODCAST_2339_0408.wav","C:\Users\RD004\Documents\lab\data\MSP_PODCAST\Audio\batch_040\MSP-PODCAST_2339_0408.wav"
"40","4","MSP-PODCAST_2339_0412.wav","SOURCE_ZERO_LENGTH","0","NotContentIndexed","0","H","1286","Train","C:\Users\RD004\Box\知能情報処理システム研究室\音声\音声データベース\MSP_PODCAST\Audio\MSP-PODCAST_2339_0412.wav","C:\Users\RD004\Documents\lab\data\MSP_PODCAST\Audio\batch_040\MSP-PODCAST_2339_0412.wav"
"40","5","MSP-PODCAST_2339_0450.wav","SOURCE_ZERO_LENGTH","0","NotContentIndexed","0","H","1287","Train","C:\Users\RD004\Box\知能情報処理システム研究室\音声\音声データベース\MSP_PODCAST\Audio\MSP-PODCAST_2339_0450.wav","C:\Users\RD004\Documents\lab\data\MSP_PODCAST\Audio\batch_040\MSP-PODCAST_2339_0450.wav"
"40","6","MSP-PODCAST_2339_0470.wav","SOURCE_ZERO_LENGTH","0","NotContentIndexed","0","H","1286","Train","C:\Users\RD004\Box\知能情報処理システム研究室\音声\音声データベース\MSP_PODCAST\Audio\MSP-PODCAST_2339_0470.wav","C:\Users\RD004\Documents\lab\data\MSP_PODCAST\Audio\batch_040\MSP-PODCAST_2339_0470.wav"
"40","7","MSP-PODCAST_2339_0496.wav","SOURCE_ZERO_LENGTH","0","NotContentIndexed","0","H","1286","Train","C:\Users\RD004\Box\知能情報処理システム研究室\音声\音声データベース\MSP_PODCAST\Audio\MSP-PODCAST_2339_0496.wav","C:\Users\RD004\Documents\lab\data\MSP_PODCAST\Audio\batch_040\MSP-PODCAST_2339_0496.wav"
"40","8","MSP-PODCAST_2339_0527.wav","SOURCE_ZERO_LENGTH","0","NotContentIndexed","0","H","1286","Train","C:\Users\RD004\Box\知能情報処理システム研究室\音声\音声データベース\MSP_PODCAST\Audio\MSP-PODCAST_2339_0527.wav","C:\Users\RD004\Documents\lab\data\MSP_PODCAST\Audio\batch_040\MSP-PODCAST_2339_0527.wav"
"40","9","MSP-PODCAST_2339_0531.wav","SOURCE_ZERO_LENGTH","0","NotContentIndexed","0","H","1287","Train","C:\Users\RD004\Box\知能情報処理システム研究室\音声\音声データベース\MSP_PODCAST\Audio\MSP-PODCAST_2339_0531.wav","C:\Users\RD004\Documents\lab\data\MSP_PODCAST\Audio\batch_040\MSP-PODCAST_2339_0531.wav"
"40","10","MSP-PODCAST_2339_0533.wav","SOURCE_ZERO_LENGTH","0","NotContentIndexed","0","H","1287","Train","C:\Users\RD004\Box\知能情報処理システム研究室\音声\音声データベース\MSP_PODCAST\Audio\MSP-PODCAST_2339_0533.wav","C:\Users\RD004\Documents\lab\data\MSP_PODCAST\Audio\batch_040\MSP-PODCAST_2339_0533.wav"
"40","11","MSP-PODCAST_2339_0534.wav","SOURCE_ZERO_LENGTH","0","NotContentIndexed","0","H","1287","Train","C:\Users\RD004\Box\知能情報処理システム研究室\音声\音声データベース\MSP_PODCAST\Audio\MSP-PODCAST_2339_0534.wav","C:\Users\RD004\Documents\lab\data\MSP_PODCAST\Audio\batch_040\MSP-PODCAST_2339_0534.wav"
"40","12","MSP-PODCAST_2339_0541.wav","SOURCE_ZERO_LENGTH","0","NotContentIndexed","0","H","1287","Train","C:\Users\RD004\Box\知能情報処理システム研究室\音声\音声データベース\MSP_PODCAST\Audio\MSP-PODCAST_2339_0541.wav","C:\Users\RD004\Documents\lab\data\MSP_PODCAST\Audio\batch_040\MSP-PODCAST_2339_0541.wav"
"40","13","MSP-PODCAST_2339_0543.wav","SOURCE_ZERO_LENGTH","0","NotContentIndexed","0","H","1287","Train","C:\Users\RD004\Box\知能情報処理システム研究室\音声\音声データベース\MSP_PODCAST\Audio\MSP-PODCAST_2339_0543.wav","C:\Users\RD004\Documents\lab\data\MSP_PODCAST\Audio\batch_040\MSP-PODCAST_2339_0543.wav"
"40","14","MSP-PODCAST_2339_0545.wav","SOURCE_ZERO_LENGTH","0","NotContentIndexed","0","H","1287","Train","C:\Users\RD004\Box\知能情報処理システム研究室\音声\音声データベース\MSP_PODCAST\Audio\MSP-PODCAST_2339_0545.wav","C:\Users\RD004\Documents\lab\data\MSP_PODCAST\Audio\batch_040\MSP-PODCAST_2339_0545.wav"
"40","15","MSP-PODCAST_2339_0583.wav","SOURCE_ZERO_LENGTH","0","NotContentIndexed","0","H","1287","Train","C:\Users\RD004\Box\知能情報処理システム研究室\音声\音声データベース\MSP_PODCAST\Audio\MSP-PODCAST_2339_0583.wav","C:\Users\RD004\Documents\lab\data\MSP_PODCAST\Audio\batch_040\MSP-PODCAST_2339_0583.wav"
"40","16","MSP-PODCAST_2339_0599.wav","SOURCE_ZERO_LENGTH","0","NotContentIndexed","0","H","1287","Train","C:\Users\RD004\Box\知能情報処理システム研究室\音声\音声データベース\MSP_PODCAST\Audio\MSP-PODCAST_2339_0599.wav","C:\Users\RD004\Documents\lab\data\MSP_PODCAST\Audio\batch_040\MSP-PODCAST_2339_0599.wav"
"40","17","MSP-PODCAST_2339_0611.wav","SOURCE_ZERO_LENGTH","0","NotContentIndexed","0","H","1286","Train","C:\Users\RD004\Box\知能情報処理システム研究室\音声\音声データベース\MSP_PODCAST\Audio\MSP-PODCAST_2339_0611.wav","C:\Users\RD004\Documents\lab\data\MSP_PODCAST\Audio\batch_040\MSP-PODCAST_2339_0611.wav"
"40","18","MSP-PODCAST_2339_0612.wav","SOURCE_ZERO_LENGTH","0","NotContentIndexed","0","H","1286","Train","C:\Users\RD004\Box\知能情報処理システム研究室\音声\音声データベース\MSP_PODCAST\Audio\MSP-PODCAST_2339_0612.wav","C:\Users\RD004\Documents\lab\data\MSP_PODCAST\Audio\batch_040\MSP-PODCAST_2339_0612.wav"
"40","19","MSP-PODCAST_2339_0619.wav","SOURCE_ZERO_LENGTH","0","NotContentIndexed","0","H","1286","Train","C:\Users\RD004\Box\知能情報処理システム研究室\音声\音声データベース\MSP_PODCAST\Audio\MSP-PODCAST_2339_0619.wav","C:\Users\RD004\Documents\lab\data\MSP_PODCAST\Audio\batch_040\MSP-PODCAST_2339_0619.wav"
"40","20","MSP-PODCAST_2339_0625.wav","SOURCE_ZERO_LENGTH","0","NotContentIndexed","0","H","1286","Train","C:\Users\RD004\Box\知能情報処理システム研究室\音声\音声データベース\MSP_PODCAST\Audio\MSP-PODCAST_2339_0625.wav","C:\Users\RD004\Documents\lab\data\MSP_PODCAST\Audio\batch_040\MSP-PODCAST_2339_0625.wav"
"40","21","MSP-PODCAST_2339_0630.wav","SOURCE_ZERO_LENGTH","0","NotContentIndexed","0","H","1287","Train","C:\Users\RD004\Box\知能情報処理システム研究室\音声\音声データベース\MSP_PODCAST\Audio\MSP-PODCAST_2339_0630.wav","C:\Users\RD004\Documents\lab\data\MSP_PODCAST\Audio\batch_040\MSP-PODCAST_2339_0630.wav"
"40","22","MSP-PODCAST_2339_0707.wav","SOURCE_ZERO_LENGTH","0","NotContentIndexed","0","H","1286","Train","C:\Users\RD004\Box\知能情報処理システム研究室\音声\音声データベース\MSP_PODCAST\Audio\MSP-PODCAST_2339_0707.wav","C:\Users\RD004\Documents\lab\data\MSP_PODCAST\Audio\batch_040\MSP-PODCAST_2339_0707.wav"
"40","23","MSP-PODCAST_2339_0725.wav","SOURCE_ZERO_LENGTH","0","NotContentIndexed","0","H","1287","Train","C:\Users\RD004\Box\知能情報処理システム研究室\音声\音声データベース\MSP_PODCAST\Audio\MSP-PODCAST_2339_0725.wav","C:\Users\RD004\Documents\lab\data\MSP_PODCAST\Audio\batch_040\MSP-PODCAST_2339_0725.wav"
"40","24","MSP-PODCAST_2339_0726.wav","SOURCE_ZERO_LENGTH","0","NotContentIndexed","0","H","1287","Train","C:\Users\RD004\Box\知能情報処理システム研究室\音声\音声データベース\MSP_PODCAST\Audio\MSP-PODCAST_2339_0726.wav","C:\Users\RD004\Documents\lab\data\MSP_PODCAST\Audio\batch_040\MSP-PODCAST_2339_0726.wav"
"40","25","MSP-PODCAST_2339_0729.wav","SOURCE_ZERO_LENGTH","0","NotContentIndexed","0","H","1287","Train","C:\Users\RD004\Box\知能情報処理システム研究室\音声\音声データベース\MSP_PODCAST\Audio\MSP-PODCAST_2339_0729.wav","C:\Users\RD004\Documents\lab\data\MSP_PODCAST\Audio\batch_040\MSP-PODCAST_2339_0729.wav"
"40","26","MSP-PODCAST_2339_0732.wav","SOURCE_ZERO_LENGTH","0","NotContentIndexed","0","H","1287","Train","C:\Users\RD004\Box\知能情報処理システム研究室\音声\音声データベース\MSP_PODCAST\Audio\MSP-PODCAST_2339_0732.wav","C:\Users\RD004\Documents\lab\data\MSP_PODCAST\Audio\batch_040\MSP-PODCAST_2339_0732.wav"
"40","27","MSP-PODCAST_2342_0104.wav","SOURCE_ZERO_LENGTH","0","NotContentIndexed","0","S","1249","Train","C:\Users\RD004\Box\知能情報処理システム研究室\音声\音声データベース\MSP_PODCAST\Audio\MSP-PODCAST_2342_0104.wav","C:\Users\RD004\Documents\lab\data\MSP_PODCAST\Audio\batch_040\MSP-PODCAST_2342_0104.wav"
"40","28","MSP-PODCAST_2342_0179.wav","SOURCE_ZERO_LENGTH","0","NotContentIndexed","0","S","1249","Train","C:\Users\RD004\Box\知能情報処理システム研究室\音声\音声データベース\MSP_PODCAST\Audio\MSP-PODCAST_2342_0179.wav","C:\Users\RD004\Documents\lab\data\MSP_PODCAST\Audio\batch_040\MSP-PODCAST_2342_0179.wav"
"40","29","MSP-PODCAST_2342_0210.wav","SOURCE_ZERO_LENGTH","0","NotContentIndexed","0","H","1249","Train","C:\Users\RD004\Box\知能情報処理システム研究室\音声\音声データベース\MSP_PODCAST\Audio\MSP-PODCAST_2342_0210.wav","C:\Users\RD004\Documents\lab\data\MSP_PODCAST\Audio\batch_040\MSP-PODCAST_2342_0210.wav"
"40","30","MSP-PODCAST_2342_0245.wav","SOURCE_ZERO_LENGTH","0","NotContentIndexed","0","S","1249","Train","C:\Users\RD004\Box\知能情報処理システム研究室\音声\音声データベース\MSP_PODCAST\Audio\MSP-PODCAST_2342_0245.wav","C:\Users\RD004\Documents\lab\data\MSP_PODCAST\Audio\batch_040\MSP-PODCAST_2342_0245.wav"
"40","31","MSP-PODCAST_2342_0339.wav","SOURCE_ZERO_LENGTH","0","NotContentIndexed","0","S","1249","Train","C:\Users\RD004\Box\知能情報処理システム研究室\音声\音声データベース\MSP_PODCAST\Audio\MSP-PODCAST_2342_0339.wav","C:\Users\RD004\Documents\lab\data\MSP_PODCAST\Audio\batch_040\MSP-PODCAST_2342_0339.wav"
"40","32","MSP-PODCAST_2343_0024.wav","SOURCE_ZERO_LENGTH","0","NotContentIndexed","0","H","94","Test1","C:\Users\RD004\Box\知能情報処理システム研究室\音声\音声データベース\MSP_PODCAST\Audio\MSP-PODCAST_2343_0024.wav","C:\Users\RD004\Documents\lab\data\MSP_PODCAST\Audio\batch_040\MSP-PODCAST_2343_0024.wav"
"40","33","MSP-PODCAST_2343_0034.wav","SOURCE_ZERO_LENGTH","0","NotContentIndexed","0","H","96","Test1","C:\Users\RD004\Box\知能情報処理システム研究室\音声\音声データベース\MSP_PODCAST\Audio\MSP-PODCAST_2343_0034.wav","C:\Users\RD004\Documents\lab\data\MSP_PODCAST\Audio\batch_040\MSP-PODCAST_2343_0034.wav"
"40","34","MSP-PODCAST_2343_0042.wav","SOURCE_ZERO_LENGTH","0","NotContentIndexed","0","H","95","Test1","C:\Users\RD004\Box\知能情報処理システム研究室\音声\音声データベース\MSP_PODCAST\Audio\MSP-PODCAST_2343_0042.wav","C:\Users\RD004\Documents\lab\data\MSP_PODCAST\Audio\batch_040\MSP-PODCAST_2343_0042.wav"
"40","35","MSP-PODCAST_2343_0043.wav","SOURCE_ZERO_LENGTH","0","NotContentIndexed","0","H","95","Test1","C:\Users\RD004\Box\知能情報処理システム研究室\音声\音声データベース\MSP_PODCAST\Audio\MSP-PODCAST_2343_0043.wav","C:\Users\RD004\Documents\lab\data\MSP_PODCAST\Audio\batch_040\MSP-PODCAST_2343_0043.wav"
"40","36","MSP-PODCAST_2343_0045.wav","SOURCE_ZERO_LENGTH","0","NotContentIndexed","0","H","95","Test1","C:\Users\RD004\Box\知能情報処理システム研究室\音声\音声データベース\MSP_PODCAST\Audio\MSP-PODCAST_2343_0045.wav","C:\Users\RD004\Documents\lab\data\MSP_PODCAST\Audio\batch_040\MSP-PODCAST_2343_0045.wav"
"40","37","MSP-PODCAST_2343_0063.wav","SOURCE_ZERO_LENGTH","0","NotContentIndexed","0","S","95","Test1","C:\Users\RD004\Box\知能情報処理システム研究室\音声\音声データベース\MSP_PODCAST\Audio\MSP-PODCAST_2343_0063.wav","C:\Users\RD004\Documents\lab\data\MSP_PODCAST\Audio\batch_040\MSP-PODCAST_2343_0063.wav"
"40","38","MSP-PODCAST_2343_0081.wav","SOURCE_ZERO_LENGTH","0","NotContentIndexed","0","D","96","Test1","C:\Users\RD004\Box\知能情報処理システム研究室\音声\音声データベース\MSP_PODCAST\Audio\MSP-PODCAST_2343_0081.wav","C:\Users\RD004\Documents\lab\data\MSP_PODCAST\Audio\batch_040\MSP-PODCAST_2343_0081.wav"
"40","39","MSP-PODCAST_2343_0087.wav","SOURCE_ZERO_LENGTH","0","NotContentIndexed","0","H","95","Test1","C:\Users\RD004\Box\知能情報処理システム研究室\音声\音声データベース\MSP_PODCAST\Audio\MSP-PODCAST_2343_0087.wav","C:\Users\RD004\Documents\lab\data\MSP_PODCAST\Audio\batch_040\MSP-PODCAST_2343_0087.wav"
"40","40","MSP-PODCAST_2343_0088.wav","SOURCE_ZERO_LENGTH","0","NotContentIndexed","0","H","94","Test1","C:\Users\RD004\Box\知能情報処理システム研究室\音声\音声データベース\MSP_PODCAST\Audio\MSP-PODCAST_2343_0088.wav","C:\Users\RD004\Documents\lab\data\MSP_PODCAST\Audio\batch_040\MSP-PODCAST_2343_0088.wav"
"40","41","MSP-PODCAST_2343_0092.wav","SOURCE_ZERO_LENGTH","0","NotContentIndexed","0","H","94","Test1","C:\Users\RD004\Box\知能情報処理システム研究室\音声\音声データベース\MSP_PODCAST\Audio\MSP-PODCAST_2343_0092.wav","C:\Users\RD004\Documents\lab\data\MSP_PODCAST\Audio\batch_040\MSP-PODCAST_2343_0092.wav"
"40","42","MSP-PODCAST_2343_0116.wav","SOURCE_ZERO_LENGTH","0","NotContentIndexed","0","A","94","Test1","C:\Users\RD004\Box\知能情報処理システム研究室\音声\音声データベース\MSP_PODCAST\Audio\MSP-PODCAST_2343_0116.wav","C:\Users\RD004\Documents\lab\data\MSP_PODCAST\Audio\batch_040\MSP-PODCAST_2343_0116.wav"
"40","43","MSP-PODCAST_2343_0118.wav","SOURCE_ZERO_LENGTH","0","NotContentIndexed","0","H","94","Test1","C:\Users\RD004\Box\知能情報処理システム研究室\音声\音声データベース\MSP_PODCAST\Audio\MSP-PODCAST_2343_0118.wav","C:\Users\RD004\Documents\lab\data\MSP_PODCAST\Audio\batch_040\MSP-PODCAST_2343_0118.wav"
"40","44","MSP-PODCAST_2343_0132.wav","SOURCE_ZERO_LENGTH","0","NotContentIndexed","0","H","94","Test1","C:\Users\RD004\Box\知能情報処理システム研究室\音声\音声データベース\MSP_PODCAST\Audio\MSP-PODCAST_2343_0132.wav","C:\Users\RD004\Documents\lab\data\MSP_PODCAST\Audio\batch_040\MSP-PODCAST_2343_0132.wav"
"40","45","MSP-PODCAST_2343_0159.wav","SOURCE_ZERO_LENGTH","0","NotContentIndexed","0","H","94","Test1","C:\Users\RD004\Box\知能情報処理システム研究室\音声\音声データベース\MSP_PODCAST\Audio\MSP-PODCAST_2343_0159.wav","C:\Users\RD004\Documents\lab\data\MSP_PODCAST\Audio\batch_040\MSP-PODCAST_2343_0159.wav"
"40","46","MSP-PODCAST_2343_0168.wav","SOURCE_ZERO_LENGTH","0","NotContentIndexed","0","H","94","Test1","C:\Users\RD004\Box\知能情報処理システム研究室\音声\音声データベース\MSP_PODCAST\Audio\MSP-PODCAST_2343_0168.wav","C:\Users\RD004\Documents\lab\data\MSP_PODCAST\Audio\batch_040\MSP-PODCAST_2343_0168.wav"
"40","47","MSP-PODCAST_2343_0171.wav","SOURCE_ZERO_LENGTH","0","NotContentIndexed","0","S","94","Test1","C:\Users\RD004\Box\知能情報処理システム研究室\音声\音声データベース\MSP_PODCAST\Audio\MSP-PODCAST_2343_0171.wav","C:\Users\RD004\Documents\lab\data\MSP_PODCAST\Audio\batch_040\MSP-PODCAST_2343_0171.wav"
"40","48","MSP-PODCAST_2343_0190.wav","SOURCE_ZERO_LENGTH","0","NotContentIndexed","0","H","94","Test1","C:\Users\RD004\Box\知能情報処理システム研究室\音声\音声データベース\MSP_PODCAST\Audio\MSP-PODCAST_2343_0190.wav","C:\Users\RD004\Documents\lab\data\MSP_PODCAST\Audio\batch_040\MSP-PODCAST_2343_0190.wav"
"40","49","MSP-PODCAST_2343_0191.wav","SOURCE_ZERO_LENGTH","0","NotContentIndexed","0","H","96","Test1","C:\Users\RD004\Box\知能情報処理システム研究室\音声\音声データベース\MSP_PODCAST\Audio\MSP-PODCAST_2343_0191.wav","C:\Users\RD004\Documents\lab\data\MSP_PODCAST\Audio\batch_040\MSP-PODCAST_2343_0191.wav"
"40","50","MSP-PODCAST_2343_0205.wav","SOURCE_ZERO_LENGTH","0","NotContentIndexed","0","S","94","Test1","C:\Users\RD004\Box\知能情報処理システム研究室\音声\音声データベース\MSP_PODCAST\Audio\MSP-PODCAST_2343_0205.wav","C:\Users\RD004\Documents\lab\data\MSP_PODCAST\Audio\batch_040\MSP-PODCAST_2343_0205.wav"
"40","51","MSP-PODCAST_2343_0206.wav","SOURCE_ZERO_LENGTH","0","NotContentIndexed","0","H","96","Test1","C:\Users\RD004\Box\知能情報処理システム研究室\音声\音声データベース\MSP_PODCAST\Audio\MSP-PODCAST_2343_0206.wav","C:\Users\RD004\Documents\lab\data\MSP_PODCAST\Audio\batch_040\MSP-PODCAST_2343_0206.wav"
"40","52","MSP-PODCAST_2343_0220.wav","SOURCE_ZERO_LENGTH","0","NotContentIndexed","0","H","96","Test1","C:\Users\RD004\Box\知能情報処理システム研究室\音声\音声データベース\MSP_PODCAST\Audio\MSP-PODCAST_2343_0220.wav","C:\Users\RD004\Documents\lab\data\MSP_PODCAST\Audio\batch_040\MSP-PODCAST_2343_0220.wav"
"40","53","MSP-PODCAST_2343_0231.wav","SOURCE_ZERO_LENGTH","0","NotContentIndexed","0","H","95","Test1","C:\Users\RD004\Box\知能情報処理システム研究室\音声\音声データベース\MSP_PODCAST\Audio\MSP-PODCAST_2343_0231.wav","C:\Users\RD004\Documents\lab\data\MSP_PODCAST\Audio\batch_040\MSP-PODCAST_2343_0231.wav"
"40","54","MSP-PODCAST_2343_0249.wav","SOURCE_ZERO_LENGTH","0","NotContentIndexed","0","H","94","Test1","C:\Users\RD004\Box\知能情報処理システム研究室\音声\音声データベース\MSP_PODCAST\Audio\MSP-PODCAST_2343_0249.wav","C:\Users\RD004\Documents\lab\data\MSP_PODCAST\Audio\batch_040\MSP-PODCAST_2343_0249.wav"
"40","55","MSP-PODCAST_2343_0255.wav","SOURCE_ZERO_LENGTH","0","NotContentIndexed","0","D","94","Test1","C:\Users\RD004\Box\知能情報処理システム研究室\音声\音声データベース\MSP_PODCAST\Audio\MSP-PODCAST_2343_0255.wav","C:\Users\RD004\Documents\lab\data\MSP_PODCAST\Audio\batch_040\MSP-PODCAST_2343_0255.wav"
"40","56","MSP-PODCAST_2343_0267.wav","SOURCE_ZERO_LENGTH","0","NotContentIndexed","0","H","94","Test1","C:\Users\RD004\Box\知能情報処理システム研究室\音声\音声データベース\MSP_PODCAST\Audio\MSP-PODCAST_2343_0267.wav","C:\Users\RD004\Documents\lab\data\MSP_PODCAST\Audio\batch_040\MSP-PODCAST_2343_0267.wav"
"40","57","MSP-PODCAST_2343_0280.wav","SOURCE_ZERO_LENGTH","0","NotContentIndexed","0","H","95","Test1","C:\Users\RD004\Box\知能情報処理システム研究室\音声\音声データベース\MSP_PODCAST\Audio\MSP-PODCAST_2343_0280.wav","C:\Users\RD004\Documents\lab\data\MSP_PODCAST\Audio\batch_040\MSP-PODCAST_2343_0280.wav"
"40","58","MSP-PODCAST_2343_0309.wav","SOURCE_ZERO_LENGTH","0","NotContentIndexed","0","H","94","Test1","C:\Users\RD004\Box\知能情報処理システム研究室\音声\音声データベース\MSP_PODCAST\Audio\MSP-PODCAST_2343_0309.wav","C:\Users\RD004\Documents\lab\data\MSP_PODCAST\Audio\batch_040\MSP-PODCAST_2343_0309.wav"
"40","59","MSP-PODCAST_2343_0312.wav","SOURCE_ZERO_LENGTH","0","NotContentIndexed","0","S","94","Test1","C:\Users\RD004\Box\知能情報処理システム研究室\音声\音声データベース\MSP_PODCAST\Audio\MSP-PODCAST_2343_0312.wav","C:\Users\RD004\Documents\lab\data\MSP_PODCAST\Audio\batch_040\MSP-PODCAST_2343_0312.wav"
"40","60","MSP-PODCAST_2343_0314.wav","SOURCE_ZERO_LENGTH","0","NotContentIndexed","0","S","94","Test1","C:\Users\RD004\Box\知能情報処理システム研究室\音声\音声データベース\MSP_PODCAST\Audio\MSP-PODCAST_2343_0314.wav","C:\Users\RD004\Documents\lab\data\MSP_PODCAST\Audio\batch_040\MSP-PODCAST_2343_0314.wav"
"40","61","MSP-PODCAST_2343_0316.wav","SOURCE_ZERO_LENGTH","0","NotContentIndexed","0","S","94","Test1","C:\Users\RD004\Box\知能情報処理システム研究室\音声\音声データベース\MSP_PODCAST\Audio\MSP-PODCAST_2343_0316.wav","C:\Users\RD004\Documents\lab\data\MSP_PODCAST\Audio\batch_040\MSP-PODCAST_2343_0316.wav"
"40","62","MSP-PODCAST_2343_0344.wav","SOURCE_ZERO_LENGTH","0","NotContentIndexed","0","H","94","Test1","C:\Users\RD004\Box\知能情報処理システム研究室\音声\音声データベース\MSP_PODCAST\Audio\MSP-PODCAST_2343_0344.wav","C:\Users\RD004\Documents\lab\data\MSP_PODCAST\Audio\batch_040\MSP-PODCAST_2343_0344.wav"
"40","63","MSP-PODCAST_2343_0355.wav","SOURCE_ZERO_LENGTH","0","NotContentIndexed","0","S","94","Test1","C:\Users\RD004\Box\知能情報処理システム研究室\音声\音声データベース\MSP_PODCAST\Audio\MSP-PODCAST_2343_0355.wav","C:\Users\RD004\Documents\lab\data\MSP_PODCAST\Audio\batch_040\MSP-PODCAST_2343_0355.wav"
"40","64","MSP-PODCAST_2343_0370.wav","SOURCE_ZERO_LENGTH","0","NotContentIndexed","0","H","95","Test1","C:\Users\RD004\Box\知能情報処理システム研究室\音声\音声データベース\MSP_PODCAST\Audio\MSP-PODCAST_2343_0370.wav","C:\Users\RD004\Documents\lab\data\MSP_PODCAST\Audio\batch_040\MSP-PODCAST_2343_0370.wav"
"40","65","MSP-PODCAST_2343_0394.wav","SOURCE_ZERO_LENGTH","0","NotContentIndexed","0","H","96","Test1","C:\Users\RD004\Box\知能情報処理システム研究室\音声\音声データベース\MSP_PODCAST\Audio\MSP-PODCAST_2343_0394.wav","C:\Users\RD004\Documents\lab\data\MSP_PODCAST\Audio\batch_040\MSP-PODCAST_2343_0394.wav"
"40","66","MSP-PODCAST_2343_0397.wav","SOURCE_ZERO_LENGTH","0","NotContentIndexed","0","H","94","Test1","C:\Users\RD004\Box\知能情報処理システム研究室\音声\音声データベース\MSP_PODCAST\Audio\MSP-PODCAST_2343_0397.wav","C:\Users\RD004\Documents\lab\data\MSP_PODCAST\Audio\batch_040\MSP-PODCAST_2343_0397.wav"
"40","67","MSP-PODCAST_2343_0426.wav","SOURCE_ZERO_LENGTH","0","NotContentIndexed","0","H","96","Test1","C:\Users\RD004\Box\知能情報処理システム研究室\音声\音声データベース\MSP_PODCAST\Audio\MSP-PODCAST_2343_0426.wav","C:\Users\RD004\Documents\lab\data\MSP_PODCAST\Audio\batch_040\MSP-PODCAST_2343_0426.wav"
"40","68","MSP-PODCAST_2343_0428.wav","SOURCE_ZERO_LENGTH","0","NotContentIndexed","0","A","96","Test1","C:\Users\RD004\Box\知能情報処理システム研究室\音声\音声データベース\MSP_PODCAST\Audio\MSP-PODCAST_2343_0428.wav","C:\Users\RD004\Documents\lab\data\MSP_PODCAST\Audio\batch_040\MSP-PODCAST_2343_0428.wav"
"40","69","MSP-PODCAST_2343_0442.wav","SOURCE_ZERO_LENGTH","0","NotContentIndexed","0","H","94","Test1","C:\Users\RD004\Box\知能情報処理システム研究室\音声\音声データベース\MSP_PODCAST\Audio\MSP-PODCAST_2343_0442.wav","C:\Users\RD004\Documents\lab\data\MSP_PODCAST\Audio\batch_040\MSP-PODCAST_2343_0442.wav"
"40","70","MSP-PODCAST_2343_0453.wav","SOURCE_ZERO_LENGTH","0","NotContentIndexed","0","H","94","Test1","C:\Users\RD004\Box\知能情報処理システム研究室\音声\音声データベース\MSP_PODCAST\Audio\MSP-PODCAST_2343_0453.wav","C:\Users\RD004\Documents\lab\data\MSP_PODCAST\Audio\batch_040\MSP-PODCAST_2343_0453.wav"
"40","71","MSP-PODCAST_2343_0466.wav","SOURCE_ZERO_LENGTH","0","NotContentIndexed","0","A","94","Test1","C:\Users\RD004\Box\知能情報処理システム研究室\音声\音声データベース\MSP_PODCAST\Audio\MSP-PODCAST_2343_0466.wav","C:\Users\RD004\Documents\lab\data\MSP_PODCAST\Audio\batch_040\MSP-PODCAST_2343_0466.wav"
"40","72","MSP-PODCAST_2343_0471.wav","SOURCE_ZERO_LENGTH","0","NotContentIndexed","0","H","94","Test1","C:\Users\RD004\Box\知能情報処理システム研究室\音声\音声データベース\MSP_PODCAST\Audio\MSP-PODCAST_2343_0471.wav","C:\Users\RD004\Documents\lab\data\MSP_PODCAST\Audio\batch_040\MSP-PODCAST_2343_0471.wav"
"40","73","MSP-PODCAST_2343_0492.wav","SOURCE_ZERO_LENGTH","0","NotContentIndexed","0","A","96","Test1","C:\Users\RD004\Box\知能情報処理システム研究室\音声\音声データベース\MSP_PODCAST\Audio\MSP-PODCAST_2343_0492.wav","C:\Users\RD004\Documents\lab\data\MSP_PODCAST\Audio\batch_040\MSP-PODCAST_2343_0492.wav"
"40","74","MSP-PODCAST_2343_0514.wav","SOURCE_ZERO_LENGTH","0","NotContentIndexed","0","H","94","Test1","C:\Users\RD004\Box\知能情報処理システム研究室\音声\音声データベース\MSP_PODCAST\Audio\MSP-PODCAST_2343_0514.wav","C:\Users\RD004\Documents\lab\data\MSP_PODCAST\Audio\batch_040\MSP-PODCAST_2343_0514.wav"
"40","75","MSP-PODCAST_2343_0525.wav","SOURCE_ZERO_LENGTH","0","NotContentIndexed","0","H","94","Test1","C:\Users\RD004\Box\知能情報処理システム研究室\音声\音声データベース\MSP_PODCAST\Audio\MSP-PODCAST_2343_0525.wav","C:\Users\RD004\Documents\lab\data\MSP_PODCAST\Audio\batch_040\MSP-PODCAST_2343_0525.wav"
"40","76","MSP-PODCAST_2343_0527.wav","SOURCE_ZERO_LENGTH","0","NotContentIndexed","0","H","95","Test1","C:\Users\RD004\Box\知能情報処理システム研究室\音声\音声データベース\MSP_PODCAST\Audio\MSP-PODCAST_2343_0527.wav","C:\Users\RD004\Documents\lab\data\MSP_PODCAST\Audio\batch_040\MSP-PODCAST_2343_0527.wav"
"40","77","MSP-PODCAST_2343_0529.wav","SOURCE_ZERO_LENGTH","0","NotContentIndexed","0","S","94","Test1","C:\Users\RD004\Box\知能情報処理システム研究室\音声\音声データベース\MSP_PODCAST\Audio\MSP-PODCAST_2343_0529.wav","C:\Users\RD004\Documents\lab\data\MSP_PODCAST\Audio\batch_040\MSP-PODCAST_2343_0529.wav"
"40","78","MSP-PODCAST_2343_0534.wav","SOURCE_ZERO_LENGTH","0","NotContentIndexed","0","A","95","Test1","C:\Users\RD004\Box\知能情報処理システム研究室\音声\音声データベース\MSP_PODCAST\Audio\MSP-PODCAST_2343_0534.wav","C:\Users\RD004\Documents\lab\data\MSP_PODCAST\Audio\batch_040\MSP-PODCAST_2343_0534.wav"
"40","79","MSP-PODCAST_2343_0537.wav","SOURCE_ZERO_LENGTH","0","NotContentIndexed","0","S","96","Test1","C:\Users\RD004\Box\知能情報処理システム研究室\音声\音声データベース\MSP_PODCAST\Audio\MSP-PODCAST_2343_0537.wav","C:\Users\RD004\Documents\lab\data\MSP_PODCAST\Audio\batch_040\MSP-PODCAST_2343_0537.wav"
"40","80","MSP-PODCAST_2343_0538.wav","SOURCE_ZERO_LENGTH","0","NotContentIndexed","0","A","96","Test1","C:\Users\RD004\Box\知能情報処理システム研究室\音声\音声データベース\MSP_PODCAST\Audio\MSP-PODCAST_2343_0538.wav","C:\Users\RD004\Documents\lab\data\MSP_PODCAST\Audio\batch_040\MSP-PODCAST_2343_0538.wav"
"40","81","MSP-PODCAST_2343_0540.wav","SOURCE_ZERO_LENGTH","0","NotContentIndexed","0","D","95","Test1","C:\Users\RD004\Box\知能情報処理システム研究室\音声\音声データベース\MSP_PODCAST\Audio\MSP-PODCAST_2343_0540.wav","C:\Users\RD004\Documents\lab\data\MSP_PODCAST\Audio\batch_040\MSP-PODCAST_2343_0540.wav"
"40","82","MSP-PODCAST_2343_0547.wav","SOURCE_ZERO_LENGTH","0","NotContentIndexed","0","D","94","Test1","C:\Users\RD004\Box\知能情報処理システム研究室\音声\音声データベース\MSP_PODCAST\Audio\MSP-PODCAST_2343_0547.wav","C:\Users\RD004\Documents\lab\data\MSP_PODCAST\Audio\batch_040\MSP-PODCAST_2343_0547.wav"
"40","83","MSP-PODCAST_2343_0548.wav","SOURCE_ZERO_LENGTH","0","NotContentIndexed","0","H","94","Test1","C:\Users\RD004\Box\知能情報処理システム研究室\音声\音声データベース\MSP_PODCAST\Audio\MSP-PODCAST_2343_0548.wav","C:\Users\RD004\Documents\lab\data\MSP_PODCAST\Audio\batch_040\MSP-PODCAST_2343_0548.wav"
"40","84","MSP-PODCAST_2343_0550.wav","SOURCE_ZERO_LENGTH","0","NotContentIndexed","0","S","94","Test1","C:\Users\RD004\Box\知能情報処理システム研究室\音声\音声データベース\MSP_PODCAST\Audio\MSP-PODCAST_2343_0550.wav","C:\Users\RD004\Documents\lab\data\MSP_PODCAST\Audio\batch_040\MSP-PODCAST_2343_0550.wav"
"40","85","MSP-PODCAST_2343_0562.wav","SOURCE_ZERO_LENGTH","0","NotContentIndexed","0","H","95","Test1","C:\Users\RD004\Box\知能情報処理システム研究室\音声\音声データベース\MSP_PODCAST\Audio\MSP-PODCAST_2343_0562.wav","C:\Users\RD004\Documents\lab\data\MSP_PODCAST\Audio\batch_040\MSP-PODCAST_2343_0562.wav"
"40","86","MSP-PODCAST_2343_0566.wav","SOURCE_ZERO_LENGTH","0","NotContentIndexed","0","A","95","Test1","C:\Users\RD004\Box\知能情報処理システム研究室\音声\音声データベース\MSP_PODCAST\Audio\MSP-PODCAST_2343_0566.wav","C:\Users\RD004\Documents\lab\data\MSP_PODCAST\Audio\batch_040\MSP-PODCAST_2343_0566.wav"
"40","87","MSP-PODCAST_2343_0567.wav","SOURCE_ZERO_LENGTH","0","NotContentIndexed","0","H","96","Test1","C:\Users\RD004\Box\知能情報処理システム研究室\音声\音声データベース\MSP_PODCAST\Audio\MSP-PODCAST_2343_0567.wav","C:\Users\RD004\Documents\lab\data\MSP_PODCAST\Audio\batch_040\MSP-PODCAST_2343_0567.wav"
"40","88","MSP-PODCAST_2343_0569.wav","SOURCE_ZERO_LENGTH","0","NotContentIndexed","0","H","95","Test1","C:\Users\RD004\Box\知能情報処理システム研究室\音声\音声データベース\MSP_PODCAST\Audio\MSP-PODCAST_2343_0569.wav","C:\Users\RD004\Documents\lab\data\MSP_PODCAST\Audio\batch_040\MSP-PODCAST_2343_0569.wav"
"40","89","MSP-PODCAST_2343_0572.wav","SOURCE_ZERO_LENGTH","0","NotContentIndexed","0","H","94","Test1","C:\Users\RD004\Box\知能情報処理システム研究室\音声\音声データベース\MSP_PODCAST\Audio\MSP-PODCAST_2343_0572.wav","C:\Users\RD004\Documents\lab\data\MSP_PODCAST\Audio\batch_040\MSP-PODCAST_2343_0572.wav"
"40","90","MSP-PODCAST_2343_0576.wav","SOURCE_ZERO_LENGTH","0","NotContentIndexed","0","A","95","Test1","C:\Users\RD004\Box\知能情報処理システム研究室\音声\音声データベース\MSP_PODCAST\Audio\MSP-PODCAST_2343_0576.wav","C:\Users\RD004\Documents\lab\data\MSP_PODCAST\Audio\batch_040\MSP-PODCAST_2343_0576.wav"
"40","91","MSP-PODCAST_2343_0581.wav","SOURCE_ZERO_LENGTH","0","NotContentIndexed","0","A","94","Test1","C:\Users\RD004\Box\知能情報処理システム研究室\音声\音声データベース\MSP_PODCAST\Audio\MSP-PODCAST_2343_0581.wav","C:\Users\RD004\Documents\lab\data\MSP_PODCAST\Audio\batch_040\MSP-PODCAST_2343_0581.wav"
"40","92","MSP-PODCAST_2343_0598.wav","SOURCE_ZERO_LENGTH","0","NotContentIndexed","0","A","94","Test1","C:\Users\RD004\Box\知能情報処理システム研究室\音声\音声データベース\MSP_PODCAST\Audio\MSP-PODCAST_2343_0598.wav","C:\Users\RD004\Documents\lab\data\MSP_PODCAST\Audio\batch_040\MSP-PODCAST_2343_0598.wav"
"40","93","MSP-PODCAST_2343_0607.wav","SOURCE_ZERO_LENGTH","0","NotContentIndexed","0","A","95","Test1","C:\Users\RD004\Box\知能情報処理システム研究室\音声\音声データベース\MSP_PODCAST\Audio\MSP-PODCAST_2343_0607.wav","C:\Users\RD004\Documents\lab\data\MSP_PODCAST\Audio\batch_040\MSP-PODCAST_2343_0607.wav"
"40","94","MSP-PODCAST_2343_0667.wav","SOURCE_ZERO_LENGTH","0","NotContentIndexed","0","H","94","Test1","C:\Users\RD004\Box\知能情報処理システム研究室\音声\音声データベース\MSP_PODCAST\Audio\MSP-PODCAST_2343_0667.wav","C:\Users\RD004\Documents\lab\data\MSP_PODCAST\Audio\batch_040\MSP-PODCAST_2343_0667.wav"
"40","95","MSP-PODCAST_2343_0672.wav","SOURCE_ZERO_LENGTH","0","NotContentIndexed","0","S","96","Test1","C:\Users\RD004\Box\知能情報処理システム研究室\音声\音声データベース\MSP_PODCAST\Audio\MSP-PODCAST_2343_0672.wav","C:\Users\RD004\Documents\lab\data\MSP_PODCAST\Audio\batch_040\MSP-PODCAST_2343_0672.wav"
"40","96","MSP-PODCAST_2343_0675.wav","SOURCE_ZERO_LENGTH","0","NotContentIndexed","0","H","94","Test1","C:\Users\RD004\Box\知能情報処理システム研究室\音声\音声データベース\MSP_PODCAST\Audio\MSP-PODCAST_2343_0675.wav","C:\Users\RD004\Documents\lab\data\MSP_PODCAST\Audio\batch_040\MSP-PODCAST_2343_0675.wav"
"40","97","MSP-PODCAST_2343_0695.wav","SOURCE_ZERO_LENGTH","0","NotContentIndexed","0","H","94","Test1","C:\Users\RD004\Box\知能情報処理システム研究室\音声\音声データベース\MSP_PODCAST\Audio\MSP-PODCAST_2343_0695.wav","C:\Users\RD004\Documents\lab\data\MSP_PODCAST\Audio\batch_040\MSP-PODCAST_2343_0695.wav"
"40","98","MSP-PODCAST_2343_0697.wav","SOURCE_ZERO_LENGTH","0","NotContentIndexed","0","H","94","Test1","C:\Users\RD004\Box\知能情報処理システム研究室\音声\音声データベース\MSP_PODCAST\Audio\MSP-PODCAST_2343_0697.wav","C:\Users\RD004\Documents\lab\data\MSP_PODCAST\Audio\batch_040\MSP-PODCAST_2343_0697.wav"
"40","99","MSP-PODCAST_2343_0698.wav","SOURCE_ZERO_LENGTH","0","NotContentIndexed","0","S","94","Test1","C:\Users\RD004\Box\知能情報処理システム研究室\音声\音声データベース\MSP_PODCAST\Audio\MSP-PODCAST_2343_0698.wav","C:\Users\RD004\Documents\lab\data\MSP_PODCAST\Audio\batch_040\MSP-PODCAST_2343_0698.wav"
"40","100","MSP-PODCAST_2343_0699.wav","SOURCE_ZERO_LENGTH","0","NotContentIndexed","0","H","94","Test1","C:\Users\RD004\Box\知能情報処理システム研究室\音声\音声データベース\MSP_PODCAST\Audio\MSP-PODCAST_2343_0699.wav","C:\Users\RD004\Documents\lab\data\MSP_PODCAST\Audio\batch_040\MSP-PODCAST_2343_0699.wav"
"40","101","MSP-PODCAST_2343_0728.wav","SOURCE_ZERO_LENGTH","0","NotContentIndexed","0","H","94","Test1","C:\Users\RD004\Box\知能情報処理システム研究室\音声\音声データベース\MSP_PODCAST\Audio\MSP-PODCAST_2343_0728.wav","C:\Users\RD004\Documents\lab\data\MSP_PODCAST\Audio\batch_040\MSP-PODCAST_2343_0728.wav"
"40","102","MSP-PODCAST_2343_0749.wav","SOURCE_ZERO_LENGTH","0","NotContentIndexed","0","H","94","Test1","C:\Users\RD004\Box\知能情報処理システム研究室\音声\音声データベース\MSP_PODCAST\Audio\MSP-PODCAST_2343_0749.wav","C:\Users\RD004\Documents\lab\data\MSP_PODCAST\Audio\batch_040\MSP-PODCAST_2343_0749.wav"
"40","103","MSP-PODCAST_2343_0751.wav","SOURCE_ZERO_LENGTH","0","NotContentIndexed","0","H","94","Test1","C:\Users\RD004\Box\知能情報処理システム研究室\音声\音声データベース\MSP_PODCAST\Audio\MSP-PODCAST_2343_0751.wav","C:\Users\RD004\Documents\lab\data\MSP_PODCAST\Audio\batch_040\MSP-PODCAST_2343_0751.wav"
"40","104","MSP-PODCAST_2343_0759.wav","SOURCE_ZERO_LENGTH","0","NotContentIndexed","0","H","94","Test1","C:\Users\RD004\Box\知能情報処理システム研究室\音声\音声データベース\MSP_PODCAST\Audio\MSP-PODCAST_2343_0759.wav","C:\Users\RD004\Documents\lab\data\MSP_PODCAST\Audio\batch_040\MSP-PODCAST_2343_0759.wav"
"40","105","MSP-PODCAST_2343_0766.wav","SOURCE_ZERO_LENGTH","0","NotContentIndexed","0","H","94","Test1","C:\Users\RD004\Box\知能情報処理システム研究室\音声\音声データベース\MSP_PODCAST\Audio\MSP-PODCAST_2343_0766.wav","C:\Users\RD004\Documents\lab\data\MSP_PODCAST\Audio\batch_040\MSP-PODCAST_2343_0766.wav"
"40","106","MSP-PODCAST_2343_0770.wav","SOURCE_ZERO_LENGTH","0","NotContentIndexed","0","H","95","Test1","C:\Users\RD004\Box\知能情報処理システム研究室\音声\音声データベース\MSP_PODCAST\Audio\MSP-PODCAST_2343_0770.wav","C:\Users\RD004\Documents\lab\data\MSP_PODCAST\Audio\batch_040\MSP-PODCAST_2343_0770.wav"
"40","107","MSP-PODCAST_2343_0773.wav","SOURCE_ZERO_LENGTH","0","NotContentIndexed","0","S","96","Test1","C:\Users\RD004\Box\知能情報処理システム研究室\音声\音声データベース\MSP_PODCAST\Audio\MSP-PODCAST_2343_0773.wav","C:\Users\RD004\Documents\lab\data\MSP_PODCAST\Audio\batch_040\MSP-PODCAST_2343_0773.wav"
"40","108","MSP-PODCAST_2343_0780.wav","SOURCE_ZERO_LENGTH","0","NotContentIndexed","0","S","94","Test1","C:\Users\RD004\Box\知能情報処理システム研究室\音声\音声データベース\MSP_PODCAST\Audio\MSP-PODCAST_2343_0780.wav","C:\Users\RD004\Documents\lab\data\MSP_PODCAST\Audio\batch_040\MSP-PODCAST_2343_0780.wav"
"40","109","MSP-PODCAST_2343_0790.wav","SOURCE_ZERO_LENGTH","0","NotContentIndexed","0","H","94","Test1","C:\Users\RD004\Box\知能情報処理システム研究室\音声\音声データベース\MSP_PODCAST\Audio\MSP-PODCAST_2343_0790.wav","C:\Users\RD004\Documents\lab\data\MSP_PODCAST\Audio\batch_040\MSP-PODCAST_2343_0790.wav"
"40","110","MSP-PODCAST_2343_0796.wav","SOURCE_ZERO_LENGTH","0","NotContentIndexed","0","H","94","Test1","C:\Users\RD004\Box\知能情報処理システム研究室\音声\音声データベース\MSP_PODCAST\Audio\MSP-PODCAST_2343_0796.wav","C:\Users\RD004\Documents\lab\data\MSP_PODCAST\Audio\batch_040\MSP-PODCAST_2343_0796.wav"
"40","111","MSP-PODCAST_2343_0803.wav","SOURCE_ZERO_LENGTH","0","NotContentIndexed","0","H","95","Test1","C:\Users\RD004\Box\知能情報処理システム研究室\音声\音声データベース\MSP_PODCAST\Audio\MSP-PODCAST_2343_0803.wav","C:\Users\RD004\Documents\lab\data\MSP_PODCAST\Audio\batch_040\MSP-PODCAST_2343_0803.wav"
"40","112","MSP-PODCAST_2343_0805.wav","SOURCE_ZERO_LENGTH","0","NotContentIndexed","0","H","95","Test1","C:\Users\RD004\Box\知能情報処理システム研究室\音声\音声データベース\MSP_PODCAST\Audio\MSP-PODCAST_2343_0805.wav","C:\Users\RD004\Documents\lab\data\MSP_PODCAST\Audio\batch_040\MSP-PODCAST_2343_0805.wav"
"40","113","MSP-PODCAST_2343_0811.wav","SOURCE_ZERO_LENGTH","0","NotContentIndexed","0","H","94","Test1","C:\Users\RD004\Box\知能情報処理システム研究室\音声\音声データベース\MSP_PODCAST\Audio\MSP-PODCAST_2343_0811.wav","C:\Users\RD004\Documents\lab\data\MSP_PODCAST\Audio\batch_040\MSP-PODCAST_2343_0811.wav"
"40","114","MSP-PODCAST_2343_0813.wav","SOURCE_ZERO_LENGTH","0","NotContentIndexed","0","H","94","Test1","C:\Users\RD004\Box\知能情報処理システム研究室\音声\音声データベース\MSP_PODCAST\Audio\MSP-PODCAST_2343_0813.wav","C:\Users\RD004\Documents\lab\data\MSP_PODCAST\Audio\batch_040\MSP-PODCAST_2343_0813.wav"
"40","115","MSP-PODCAST_2343_0817.wav","SOURCE_ZERO_LENGTH","0","NotContentIndexed","0","H","96","Test1","C:\Users\RD004\Box\知能情報処理システム研究室\音声\音声データベース\MSP_PODCAST\Audio\MSP-PODCAST_2343_0817.wav","C:\Users\RD004\Documents\lab\data\MSP_PODCAST\Audio\batch_040\MSP-PODCAST_2343_0817.wav"
"40","116","MSP-PODCAST_2343_0823.wav","SOURCE_ZERO_LENGTH","0","NotContentIndexed","0","H","94","Test1","C:\Users\RD004\Box\知能情報処理システム研究室\音声\音声データベース\MSP_PODCAST\Audio\MSP-PODCAST_2343_0823.wav","C:\Users\RD004\Documents\lab\data\MSP_PODCAST\Audio\batch_040\MSP-PODCAST_2343_0823.wav"
"40","117","MSP-PODCAST_2343_0832.wav","SOURCE_ZERO_LENGTH","0","NotContentIndexed","0","H","94","Test1","C:\Users\RD004\Box\知能情報処理システム研究室\音声\音声データベース\MSP_PODCAST\Audio\MSP-PODCAST_2343_0832.wav","C:\Users\RD004\Documents\lab\data\MSP_PODCAST\Audio\batch_040\MSP-PODCAST_2343_0832.wav"
"40","118","MSP-PODCAST_2343_0836.wav","SOURCE_ZERO_LENGTH","0","NotContentIndexed","0","H","94","Test1","C:\Users\RD004\Box\知能情報処理システム研究室\音声\音声データベース\MSP_PODCAST\Audio\MSP-PODCAST_2343_0836.wav","C:\Users\RD004\Documents\lab\data\MSP_PODCAST\Audio\batch_040\MSP-PODCAST_2343_0836.wav"
"40","119","MSP-PODCAST_2343_0853.wav","SOURCE_ZERO_LENGTH","0","NotContentIndexed","0","H","96","Test1","C:\Users\RD004\Box\知能情報処理システム研究室\音声\音声データベース\MSP_PODCAST\Audio\MSP-PODCAST_2343_0853.wav","C:\Users\RD004\Documents\lab\data\MSP_PODCAST\Audio\batch_040\MSP-PODCAST_2343_0853.wav"
"40","120","MSP-PODCAST_2343_0855.wav","SOURCE_ZERO_LENGTH","0","NotContentIndexed","0","S","95","Test1","C:\Users\RD004\Box\知能情報処理システム研究室\音声\音声データベース\MSP_PODCAST\Audio\MSP-PODCAST_2343_0855.wav","C:\Users\RD004\Documents\lab\data\MSP_PODCAST\Audio\batch_040\MSP-PODCAST_2343_0855.wav"
"40","121","MSP-PODCAST_2343_0856.wav","SOURCE_ZERO_LENGTH","0","NotContentIndexed","0","H","95","Test1","C:\Users\RD004\Box\知能情報処理システム研究室\音声\音声データベース\MSP_PODCAST\Audio\MSP-PODCAST_2343_0856.wav","C:\Users\RD004\Documents\lab\data\MSP_PODCAST\Audio\batch_040\MSP-PODCAST_2343_0856.wav"
"40","122","MSP-PODCAST_2343_0860.wav","SOURCE_ZERO_LENGTH","0","NotContentIndexed","0","H","94","Test1","C:\Users\RD004\Box\知能情報処理システム研究室\音声\音声データベース\MSP_PODCAST\Audio\MSP-PODCAST_2343_0860.wav","C:\Users\RD004\Documents\lab\data\MSP_PODCAST\Audio\batch_040\MSP-PODCAST_2343_0860.wav"
"40","123","MSP-PODCAST_2343_0862.wav","SOURCE_ZERO_LENGTH","0","NotContentIndexed","0","H","94","Test1","C:\Users\RD004\Box\知能情報処理システム研究室\音声\音声データベース\MSP_PODCAST\Audio\MSP-PODCAST_2343_0862.wav","C:\Users\RD004\Documents\lab\data\MSP_PODCAST\Audio\batch_040\MSP-PODCAST_2343_0862.wav"
"40","124","MSP-PODCAST_2343_0866.wav","SOURCE_ZERO_LENGTH","0","NotContentIndexed","0","H","94","Test1","C:\Users\RD004\Box\知能情報処理システム研究室\音声\音声データベース\MSP_PODCAST\Audio\MSP-PODCAST_2343_0866.wav","C:\Users\RD004\Documents\lab\data\MSP_PODCAST\Audio\batch_040\MSP-PODCAST_2343_0866.wav"
"40","125","MSP-PODCAST_2343_0878.wav","SOURCE_ZERO_LENGTH","0","NotContentIndexed","0","H","96","Test1","C:\Users\RD004\Box\知能情報処理システム研究室\音声\音声データベース\MSP_PODCAST\Audio\MSP-PODCAST_2343_0878.wav","C:\Users\RD004\Documents\lab\data\MSP_PODCAST\Audio\batch_040\MSP-PODCAST_2343_0878.wav"
"40","126","MSP-PODCAST_2343_0902.wav","SOURCE_ZERO_LENGTH","0","NotContentIndexed","0","H","96","Test1","C:\Users\RD004\Box\知能情報処理システム研究室\音声\音声データベース\MSP_PODCAST\Audio\MSP-PODCAST_2343_0902.wav","C:\Users\RD004\Documents\lab\data\MSP_PODCAST\Audio\batch_040\MSP-PODCAST_2343_0902.wav"
"40","127","MSP-PODCAST_2343_0903.wav","SOURCE_ZERO_LENGTH","0","NotContentIndexed","0","H","96","Test1","C:\Users\RD004\Box\知能情報処理システム研究室\音声\音声データベース\MSP_PODCAST\Audio\MSP-PODCAST_2343_0903.wav","C:\Users\RD004\Documents\lab\data\MSP_PODCAST\Audio\batch_040\MSP-PODCAST_2343_0903.wav"
"40","128","MSP-PODCAST_2343_0914.wav","SOURCE_ZERO_LENGTH","0","NotContentIndexed","0","H","94","Test1","C:\Users\RD004\Box\知能情報処理システム研究室\音声\音声データベース\MSP_PODCAST\Audio\MSP-PODCAST_2343_0914.wav","C:\Users\RD004\Documents\lab\data\MSP_PODCAST\Audio\batch_040\MSP-PODCAST_2343_0914.wav"
"40","129","MSP-PODCAST_2343_0929.wav","SOURCE_ZERO_LENGTH","0","NotContentIndexed","0","H","94","Test1","C:\Users\RD004\Box\知能情報処理システム研究室\音声\音声データベース\MSP_PODCAST\Audio\MSP-PODCAST_2343_0929.wav","C:\Users\RD004\Documents\lab\data\MSP_PODCAST\Audio\batch_040\MSP-PODCAST_2343_0929.wav"
"40","130","MSP-PODCAST_2343_0930.wav","SOURCE_ZERO_LENGTH","0","NotContentIndexed","0","H","94","Test1","C:\Users\RD004\Box\知能情報処理システム研究室\音声\音声データベース\MSP_PODCAST\Audio\MSP-PODCAST_2343_0930.wav","C:\Users\RD004\Documents\lab\data\MSP_PODCAST\Audio\batch_040\MSP-PODCAST_2343_0930.wav"
"40","131","MSP-PODCAST_2343_0950.wav","SOURCE_ZERO_LENGTH","0","NotContentIndexed","0","A","94","Test1","C:\Users\RD004\Box\知能情報処理システム研究室\音声\音声データベース\MSP_PODCAST\Audio\MSP-PODCAST_2343_0950.wav","C:\Users\RD004\Documents\lab\data\MSP_PODCAST\Audio\batch_040\MSP-PODCAST_2343_0950.wav"
"40","132","MSP-PODCAST_2343_0953.wav","SOURCE_ZERO_LENGTH","0","NotContentIndexed","0","H","94","Test1","C:\Users\RD004\Box\知能情報処理システム研究室\音声\音声データベース\MSP_PODCAST\Audio\MSP-PODCAST_2343_0953.wav","C:\Users\RD004\Documents\lab\data\MSP_PODCAST\Audio\batch_040\MSP-PODCAST_2343_0953.wav"
"40","133","MSP-PODCAST_2343_0967.wav","SOURCE_ZERO_LENGTH","0","NotContentIndexed","0","D","94","Test1","C:\Users\RD004\Box\知能情報処理システム研究室\音声\音声データベース\MSP_PODCAST\Audio\MSP-PODCAST_2343_0967.wav","C:\Users\RD004\Documents\lab\data\MSP_PODCAST\Audio\batch_040\MSP-PODCAST_2343_0967.wav"
"40","134","MSP-PODCAST_2343_0987.wav","SOURCE_ZERO_LENGTH","0","NotContentIndexed","0","H","94","Test1","C:\Users\RD004\Box\知能情報処理システム研究室\音声\音声データベース\MSP_PODCAST\Audio\MSP-PODCAST_2343_0987.wav","C:\Users\RD004\Documents\lab\data\MSP_PODCAST\Audio\batch_040\MSP-PODCAST_2343_0987.wav"
"40","135","MSP-PODCAST_2343_0995.wav","SOURCE_ZERO_LENGTH","0","NotContentIndexed","0","H","94","Test1","C:\Users\RD004\Box\知能情報処理システム研究室\音声\音声データベース\MSP_PODCAST\Audio\MSP-PODCAST_2343_0995.wav","C:\Users\RD004\Documents\lab\data\MSP_PODCAST\Audio\batch_040\MSP-PODCAST_2343_0995.wav"
"40","136","MSP-PODCAST_2343_1025.wav","SOURCE_ZERO_LENGTH","0","NotContentIndexed","0","H","94","Test1","C:\Users\RD004\Box\知能情報処理システム研究室\音声\音声データベース\MSP_PODCAST\Audio\MSP-PODCAST_2343_1025.wav","C:\Users\RD004\Documents\lab\data\MSP_PODCAST\Audio\batch_040\MSP-PODCAST_2343_1025.wav"
"40","137","MSP-PODCAST_2343_1032.wav","SOURCE_ZERO_LENGTH","0","NotContentIndexed","0","H","94","Test1","C:\Users\RD004\Box\知能情報処理システム研究室\音声\音声データベース\MSP_PODCAST\Audio\MSP-PODCAST_2343_1032.wav","C:\Users\RD004\Documents\lab\data\MSP_PODCAST\Audio\batch_040\MSP-PODCAST_2343_1032.wav"
"40","138","MSP-PODCAST_2343_1041.wav","SOURCE_ZERO_LENGTH","0","NotContentIndexed","0","H","94","Test1","C:\Users\RD004\Box\知能情報処理システム研究室\音声\音声データベース\MSP_PODCAST\Audio\MSP-PODCAST_2343_1041.wav","C:\Users\RD004\Documents\lab\data\MSP_PODCAST\Audio\batch_040\MSP-PODCAST_2343_1041.wav"
"40","139","MSP-PODCAST_2343_1047.wav","SOURCE_ZERO_LENGTH","0","NotContentIndexed","0","A","96","Test1","C:\Users\RD004\Box\知能情報処理システム研究室\音声\音声データベース\MSP_PODCAST\Audio\MSP-PODCAST_2343_1047.wav","C:\Users\RD004\Documents\lab\data\MSP_PODCAST\Audio\batch_040\MSP-PODCAST_2343_1047.wav"
"40","140","MSP-PODCAST_2343_1049.wav","SOURCE_ZERO_LENGTH","0","NotContentIndexed","0","A","95","Test1","C:\Users\RD004\Box\知能情報処理システム研究室\音声\音声データベース\MSP_PODCAST\Audio\MSP-PODCAST_2343_1049.wav","C:\Users\RD004\Documents\lab\data\MSP_PODCAST\Audio\batch_040\MSP-PODCAST_2343_1049.wav"
"40","141","MSP-PODCAST_2343_1053.wav","SOURCE_ZERO_LENGTH","0","NotContentIndexed","0","S","94","Test1","C:\Users\RD004\Box\知能情報処理システム研究室\音声\音声データベース\MSP_PODCAST\Audio\MSP-PODCAST_2343_1053.wav","C:\Users\RD004\Documents\lab\data\MSP_PODCAST\Audio\batch_040\MSP-PODCAST_2343_1053.wav"
"40","142","MSP-PODCAST_2343_1057.wav","SOURCE_ZERO_LENGTH","0","NotContentIndexed","0","S","95","Test1","C:\Users\RD004\Box\知能情報処理システム研究室\音声\音声データベース\MSP_PODCAST\Audio\MSP-PODCAST_2343_1057.wav","C:\Users\RD004\Documents\lab\data\MSP_PODCAST\Audio\batch_040\MSP-PODCAST_2343_1057.wav"
"40","143","MSP-PODCAST_2343_1067.wav","SOURCE_ZERO_LENGTH","0","NotContentIndexed","0","H","94","Test1","C:\Users\RD004\Box\知能情報処理システム研究室\音声\音声データベース\MSP_PODCAST\Audio\MSP-PODCAST_2343_1067.wav","C:\Users\RD004\Documents\lab\data\MSP_PODCAST\Audio\batch_040\MSP-PODCAST_2343_1067.wav"
"40","144","MSP-PODCAST_2343_1069.wav","SOURCE_ZERO_LENGTH","0","NotContentIndexed","0","H","94","Test1","C:\Users\RD004\Box\知能情報処理システム研究室\音声\音声データベース\MSP_PODCAST\Audio\MSP-PODCAST_2343_1069.wav","C:\Users\RD004\Documents\lab\data\MSP_PODCAST\Audio\batch_040\MSP-PODCAST_2343_1069.wav"
"40","145","MSP-PODCAST_2343_1074.wav","SOURCE_ZERO_LENGTH","0","NotContentIndexed","0","H","94","Test1","C:\Users\RD004\Box\知能情報処理システム研究室\音声\音声データベース\MSP_PODCAST\Audio\MSP-PODCAST_2343_1074.wav","C:\Users\RD004\Documents\lab\data\MSP_PODCAST\Audio\batch_040\MSP-PODCAST_2343_1074.wav"
"40","146","MSP-PODCAST_2343_1094.wav","SOURCE_ZERO_LENGTH","0","NotContentIndexed","0","H","94","Test1","C:\Users\RD004\Box\知能情報処理システム研究室\音声\音声データベース\MSP_PODCAST\Audio\MSP-PODCAST_2343_1094.wav","C:\Users\RD004\Documents\lab\data\MSP_PODCAST\Audio\batch_040\MSP-PODCAST_2343_1094.wav"
"40","147","MSP-PODCAST_2343_1141.wav","SOURCE_ZERO_LENGTH","0","NotContentIndexed","0","H","94","Test1","C:\Users\RD004\Box\知能情報処理システム研究室\音声\音声データベース\MSP_PODCAST\Audio\MSP-PODCAST_2343_1141.wav","C:\Users\RD004\Documents\lab\data\MSP_PODCAST\Audio\batch_040\MSP-PODCAST_2343_1141.wav"
"40","148","MSP-PODCAST_2343_1147.wav","SOURCE_ZERO_LENGTH","0","NotContentIndexed","0","H","94","Test1","C:\Users\RD004\Box\知能情報処理システム研究室\音声\音声データベース\MSP_PODCAST\Audio\MSP-PODCAST_2343_1147.wav","C:\Users\RD004\Documents\lab\data\MSP_PODCAST\Audio\batch_040\MSP-PODCAST_2343_1147.wav"
"40","149","MSP-PODCAST_2343_1150.wav","SOURCE_ZERO_LENGTH","0","NotContentIndexed","0","H","94","Test1","C:\Users\RD004\Box\知能情報処理システム研究室\音声\音声データベース\MSP_PODCAST\Audio\MSP-PODCAST_2343_1150.wav","C:\Users\RD004\Documents\lab\data\MSP_PODCAST\Audio\batch_040\MSP-PODCAST_2343_1150.wav"
"40","150","MSP-PODCAST_2343_1160.wav","SOURCE_ZERO_LENGTH","0","NotContentIndexed","0","H","94","Test1","C:\Users\RD004\Box\知能情報処理システム研究室\音声\音声データベース\MSP_PODCAST\Audio\MSP-PODCAST_2343_1160.wav","C:\Users\RD004\Documents\lab\data\MSP_PODCAST\Audio\batch_040\MSP-PODCAST_2343_1160.wav"
"40","151","MSP-PODCAST_2343_1180.wav","SOURCE_ZERO_LENGTH","0","NotContentIndexed","0","H","96","Test1","C:\Users\RD004\Box\知能情報処理システム研究室\音声\音声データベース\MSP_PODCAST\Audio\MSP-PODCAST_2343_1180.wav","C:\Users\RD004\Documents\lab\data\MSP_PODCAST\Audio\batch_040\MSP-PODCAST_2343_1180.wav"
"40","152","MSP-PODCAST_2343_1181.wav","SOURCE_ZERO_LENGTH","0","NotContentIndexed","0","A","94","Test1","C:\Users\RD004\Box\知能情報処理システム研究室\音声\音声データベース\MSP_PODCAST\Audio\MSP-PODCAST_2343_1181.wav","C:\Users\RD004\Documents\lab\data\MSP_PODCAST\Audio\batch_040\MSP-PODCAST_2343_1181.wav"
"40","153","MSP-PODCAST_2343_1188.wav","SOURCE_ZERO_LENGTH","0","NotContentIndexed","0","H","94","Test1","C:\Users\RD004\Box\知能情報処理システム研究室\音声\音声データベース\MSP_PODCAST\Audio\MSP-PODCAST_2343_1188.wav","C:\Users\RD004\Documents\lab\data\MSP_PODCAST\Audio\batch_040\MSP-PODCAST_2343_1188.wav"
"40","154","MSP-PODCAST_2343_1190.wav","SOURCE_ZERO_LENGTH","0","NotContentIndexed","0","H","94","Test1","C:\Users\RD004\Box\知能情報処理システム研究室\音声\音声データベース\MSP_PODCAST\Audio\MSP-PODCAST_2343_1190.wav","C:\Users\RD004\Documents\lab\data\MSP_PODCAST\Audio\batch_040\MSP-PODCAST_2343_1190.wav"
"40","155","MSP-PODCAST_2343_1195.wav","SOURCE_ZERO_LENGTH","0","NotContentIndexed","0","S","96","Test1","C:\Users\RD004\Box\知能情報処理システム研究室\音声\音声データベース\MSP_PODCAST\Audio\MSP-PODCAST_2343_1195.wav","C:\Users\RD004\Documents\lab\data\MSP_PODCAST\Audio\batch_040\MSP-PODCAST_2343_1195.wav"
"40","156","MSP-PODCAST_2343_1205.wav","SOURCE_ZERO_LENGTH","0","NotContentIndexed","0","H","94","Test1","C:\Users\RD004\Box\知能情報処理システム研究室\音声\音声データベース\MSP_PODCAST\Audio\MSP-PODCAST_2343_1205.wav","C:\Users\RD004\Documents\lab\data\MSP_PODCAST\Audio\batch_040\MSP-PODCAST_2343_1205.wav"
"40","157","MSP-PODCAST_2343_1249.wav","SOURCE_ZERO_LENGTH","0","NotContentIndexed","0","H","96","Test1","C:\Users\RD004\Box\知能情報処理システム研究室\音声\音声データベース\MSP_PODCAST\Audio\MSP-PODCAST_2343_1249.wav","C:\Users\RD004\Documents\lab\data\MSP_PODCAST\Audio\batch_040\MSP-PODCAST_2343_1249.wav"
"40","158","MSP-PODCAST_2343_1251.wav","SOURCE_ZERO_LENGTH","0","NotContentIndexed","0","H","94","Test1","C:\Users\RD004\Box\知能情報処理システム研究室\音声\音声データベース\MSP_PODCAST\Audio\MSP-PODCAST_2343_1251.wav","C:\Users\RD004\Documents\lab\data\MSP_PODCAST\Audio\batch_040\MSP-PODCAST_2343_1251.wav"
"40","159","MSP-PODCAST_2343_1257.wav","SOURCE_ZERO_LENGTH","0","NotContentIndexed","0","H","94","Test1","C:\Users\RD004\Box\知能情報処理システム研究室\音声\音声データベース\MSP_PODCAST\Audio\MSP-PODCAST_2343_1257.wav","C:\Users\RD004\Documents\lab\data\MSP_PODCAST\Audio\batch_040\MSP-PODCAST_2343_1257.wav"
"40","160","MSP-PODCAST_2343_1290.wav","SOURCE_ZERO_LENGTH","0","NotContentIndexed","0","H","94","Test1","C:\Users\RD004\Box\知能情報処理システム研究室\音声\音声データベース\MSP_PODCAST\Audio\MSP-PODCAST_2343_1290.wav","C:\Users\RD004\Documents\lab\data\MSP_PODCAST\Audio\batch_040\MSP-PODCAST_2343_1290.wav"
"40","161","MSP-PODCAST_2343_1319.wav","SOURCE_ZERO_LENGTH","0","NotContentIndexed","0","H","94","Test1","C:\Users\RD004\Box\知能情報処理システム研究室\音声\音声データベース\MSP_PODCAST\Audio\MSP-PODCAST_2343_1319.wav","C:\Users\RD004\Documents\lab\data\MSP_PODCAST\Audio\batch_040\MSP-PODCAST_2343_1319.wav"
"40","162","MSP-PODCAST_2343_1337.wav","SOURCE_ZERO_LENGTH","0","NotContentIndexed","0","H","94","Test1","C:\Users\RD004\Box\知能情報処理システム研究室\音声\音声データベース\MSP_PODCAST\Audio\MSP-PODCAST_2343_1337.wav","C:\Users\RD004\Documents\lab\data\MSP_PODCAST\Audio\batch_040\MSP-PODCAST_2343_1337.wav"
"40","163","MSP-PODCAST_2343_1339.wav","SOURCE_ZERO_LENGTH","0","NotContentIndexed","0","H","94","Test1","C:\Users\RD004\Box\知能情報処理システム研究室\音声\音声データベース\MSP_PODCAST\Audio\MSP-PODCAST_2343_1339.wav","C:\Users\RD004\Documents\lab\data\MSP_PODCAST\Audio\batch_040\MSP-PODCAST_2343_1339.wav"
"40","164","MSP-PODCAST_2343_1344.wav","SOURCE_ZERO_LENGTH","0","NotContentIndexed","0","H","94","Test1","C:\Users\RD004\Box\知能情報処理システム研究室\音声\音声データベース\MSP_PODCAST\Audio\MSP-PODCAST_2343_1344.wav","C:\Users\RD004\Documents\lab\data\MSP_PODCAST\Audio\batch_040\MSP-PODCAST_2343_1344.wav"
"40","165","MSP-PODCAST_2343_1369.wav","SOURCE_ZERO_LENGTH","0","NotContentIndexed","0","H","96","Test1","C:\Users\RD004\Box\知能情報処理システム研究室\音声\音声データベース\MSP_PODCAST\Audio\MSP-PODCAST_2343_1369.wav","C:\Users\RD004\Documents\lab\data\MSP_PODCAST\Audio\batch_040\MSP-PODCAST_2343_1369.wav"
"40","166","MSP-PODCAST_2343_1404.wav","SOURCE_ZERO_LENGTH","0","NotContentIndexed","0","A","94","Test1","C:\Users\RD004\Box\知能情報処理システム研究室\音声\音声データベース\MSP_PODCAST\Audio\MSP-PODCAST_2343_1404.wav","C:\Users\RD004\Documents\lab\data\MSP_PODCAST\Audio\batch_040\MSP-PODCAST_2343_1404.wav"
"40","167","MSP-PODCAST_2343_1410.wav","SOURCE_ZERO_LENGTH","0","NotContentIndexed","0","H","94","Test1","C:\Users\RD004\Box\知能情報処理システム研究室\音声\音声データベース\MSP_PODCAST\Audio\MSP-PODCAST_2343_1410.wav","C:\Users\RD004\Documents\lab\data\MSP_PODCAST\Audio\batch_040\MSP-PODCAST_2343_1410.wav"
"40","168","MSP-PODCAST_2343_1413.wav","SOURCE_ZERO_LENGTH","0","NotContentIndexed","0","A","94","Test1","C:\Users\RD004\Box\知能情報処理システム研究室\音声\音声データベース\MSP_PODCAST\Audio\MSP-PODCAST_2343_1413.wav","C:\Users\RD004\Documents\lab\data\MSP_PODCAST\Audio\batch_040\MSP-PODCAST_2343_1413.wav"
"40","169","MSP-PODCAST_2343_1420.wav","SOURCE_ZERO_LENGTH","0","NotContentIndexed","0","A","94","Test1","C:\Users\RD004\Box\知能情報処理システム研究室\音声\音声データベース\MSP_PODCAST\Audio\MSP-PODCAST_2343_1420.wav","C:\Users\RD004\Documents\lab\data\MSP_PODCAST\Audio\batch_040\MSP-PODCAST_2343_1420.wav"
"40","170","MSP-PODCAST_2343_1432.wav","SOURCE_ZERO_LENGTH","0","NotContentIndexed","0","H","94","Test1","C:\Users\RD004\Box\知能情報処理システム研究室\音声\音声データベース\MSP_PODCAST\Audio\MSP-PODCAST_2343_1432.wav","C:\Users\RD004\Documents\lab\data\MSP_PODCAST\Audio\batch_040\MSP-PODCAST_2343_1432.wav"
"40","171","MSP-PODCAST_2343_1439.wav","SOURCE_ZERO_LENGTH","0","NotContentIndexed","0","H","94","Test1","C:\Users\RD004\Box\知能情報処理システム研究室\音声\音声データベース\MSP_PODCAST\Audio\MSP-PODCAST_2343_1439.wav","C:\Users\RD004\Documents\lab\data\MSP_PODCAST\Audio\batch_040\MSP-PODCAST_2343_1439.wav"
"40","172","MSP-PODCAST_2343_1454.wav","SOURCE_ZERO_LENGTH","0","NotContentIndexed","0","A","96","Test1","C:\Users\RD004\Box\知能情報処理システム研究室\音声\音声データベース\MSP_PODCAST\Audio\MSP-PODCAST_2343_1454.wav","C:\Users\RD004\Documents\lab\data\MSP_PODCAST\Audio\batch_040\MSP-PODCAST_2343_1454.wav"
"40","173","MSP-PODCAST_2343_1459.wav","SOURCE_ZERO_LENGTH","0","NotContentIndexed","0","H","94","Test1","C:\Users\RD004\Box\知能情報処理システム研究室\音声\音声データベース\MSP_PODCAST\Audio\MSP-PODCAST_2343_1459.wav","C:\Users\RD004\Documents\lab\data\MSP_PODCAST\Audio\batch_040\MSP-PODCAST_2343_1459.wav"
"40","174","MSP-PODCAST_2343_1463.wav","SOURCE_ZERO_LENGTH","0","NotContentIndexed","0","H","94","Test1","C:\Users\RD004\Box\知能情報処理システム研究室\音声\音声データベース\MSP_PODCAST\Audio\MSP-PODCAST_2343_1463.wav","C:\Users\RD004\Documents\lab\data\MSP_PODCAST\Audio\batch_040\MSP-PODCAST_2343_1463.wav"
"40","175","MSP-PODCAST_2343_1466.wav","SOURCE_ZERO_LENGTH","0","NotContentIndexed","0","H","94","Test1","C:\Users\RD004\Box\知能情報処理システム研究室\音声\音声データベース\MSP_PODCAST\Audio\MSP-PODCAST_2343_1466.wav","C:\Users\RD004\Documents\lab\data\MSP_PODCAST\Audio\batch_040\MSP-PODCAST_2343_1466.wav"
"40","176","MSP-PODCAST_2343_1504.wav","SOURCE_ZERO_LENGTH","0","NotContentIndexed","0","H","94","Test1","C:\Users\RD004\Box\知能情報処理システム研究室\音声\音声データベース\MSP_PODCAST\Audio\MSP-PODCAST_2343_1504.wav","C:\Users\RD004\Documents\lab\data\MSP_PODCAST\Audio\batch_040\MSP-PODCAST_2343_1504.wav"
"40","177","MSP-PODCAST_2343_1506.wav","SOURCE_ZERO_LENGTH","0","NotContentIndexed","0","H","94","Test1","C:\Users\RD004\Box\知能情報処理システム研究室\音声\音声データベース\MSP_PODCAST\Audio\MSP-PODCAST_2343_1506.wav","C:\Users\RD004\Documents\lab\data\MSP_PODCAST\Audio\batch_040\MSP-PODCAST_2343_1506.wav"
"40","178","MSP-PODCAST_2343_1509.wav","SOURCE_ZERO_LENGTH","0","NotContentIndexed","0","H","94","Test1","C:\Users\RD004\Box\知能情報処理システム研究室\音声\音声データベース\MSP_PODCAST\Audio\MSP-PODCAST_2343_1509.wav","C:\Users\RD004\Documents\lab\data\MSP_PODCAST\Audio\batch_040\MSP-PODCAST_2343_1509.wav"
"40","179","MSP-PODCAST_2343_1511.wav","SOURCE_ZERO_LENGTH","0","NotContentIndexed","0","H","94","Test1","C:\Users\RD004\Box\知能情報処理システム研究室\音声\音声データベース\MSP_PODCAST\Audio\MSP-PODCAST_2343_1511.wav","C:\Users\RD004\Documents\lab\data\MSP_PODCAST\Audio\batch_040\MSP-PODCAST_2343_1511.wav"
"40","180","MSP-PODCAST_2343_1525.wav","SOURCE_ZERO_LENGTH","0","NotContentIndexed","0","H","94","Test1","C:\Users\RD004\Box\知能情報処理システム研究室\音声\音声データベース\MSP_PODCAST\Audio\MSP-PODCAST_2343_1525.wav","C:\Users\RD004\Documents\lab\data\MSP_PODCAST\Audio\batch_040\MSP-PODCAST_2343_1525.wav"
"40","181","MSP-PODCAST_2343_1528.wav","SOURCE_ZERO_LENGTH","0","NotContentIndexed","0","H","95","Test1","C:\Users\RD004\Box\知能情報処理システム研究室\音声\音声データベース\MSP_PODCAST\Audio\MSP-PODCAST_2343_1528.wav","C:\Users\RD004\Documents\lab\data\MSP_PODCAST\Audio\batch_040\MSP-PODCAST_2343_1528.wav"
"40","182","MSP-PODCAST_2343_1538.wav","SOURCE_ZERO_LENGTH","0","NotContentIndexed","0","S","96","Test1","C:\Users\RD004\Box\知能情報処理システム研究室\音声\音声データベース\MSP_PODCAST\Audio\MSP-PODCAST_2343_1538.wav","C:\Users\RD004\Documents\lab\data\MSP_PODCAST\Audio\batch_040\MSP-PODCAST_2343_1538.wav"
"40","183","MSP-PODCAST_2343_1562.wav","SOURCE_ZERO_LENGTH","0","NotContentIndexed","0","A","96","Test1","C:\Users\RD004\Box\知能情報処理システム研究室\音声\音声データベース\MSP_PODCAST\Audio\MSP-PODCAST_2343_1562.wav","C:\Users\RD004\Documents\lab\data\MSP_PODCAST\Audio\batch_040\MSP-PODCAST_2343_1562.wav"
"40","184","MSP-PODCAST_2343_1570.wav","SOURCE_ZERO_LENGTH","0","NotContentIndexed","0","A","96","Test1","C:\Users\RD004\Box\知能情報処理システム研究室\音声\音声データベース\MSP_PODCAST\Audio\MSP-PODCAST_2343_1570.wav","C:\Users\RD004\Documents\lab\data\MSP_PODCAST\Audio\batch_040\MSP-PODCAST_2343_1570.wav"
"40","185","MSP-PODCAST_2343_1576.wav","SOURCE_ZERO_LENGTH","0","NotContentIndexed","0","H","94","Test1","C:\Users\RD004\Box\知能情報処理システム研究室\音声\音声データベース\MSP_PODCAST\Audio\MSP-PODCAST_2343_1576.wav","C:\Users\RD004\Documents\lab\data\MSP_PODCAST\Audio\batch_040\MSP-PODCAST_2343_1576.wav"
"40","186","MSP-PODCAST_2343_1590.wav","SOURCE_ZERO_LENGTH","0","NotContentIndexed","0","A","96","Test1","C:\Users\RD004\Box\知能情報処理システム研究室\音声\音声データベース\MSP_PODCAST\Audio\MSP-PODCAST_2343_1590.wav","C:\Users\RD004\Documents\lab\data\MSP_PODCAST\Audio\batch_040\MSP-PODCAST_2343_1590.wav"
"40","187","MSP-PODCAST_2343_1603.wav","SOURCE_ZERO_LENGTH","0","NotContentIndexed","0","H","96","Test1","C:\Users\RD004\Box\知能情報処理システム研究室\音声\音声データベース\MSP_PODCAST\Audio\MSP-PODCAST_2343_1603.wav","C:\Users\RD004\Documents\lab\data\MSP_PODCAST\Audio\batch_040\MSP-PODCAST_2343_1603.wav"
"40","188","MSP-PODCAST_2343_1605.wav","SOURCE_ZERO_LENGTH","0","NotContentIndexed","0","H","96","Test1","C:\Users\RD004\Box\知能情報処理システム研究室\音声\音声データベース\MSP_PODCAST\Audio\MSP-PODCAST_2343_1605.wav","C:\Users\RD004\Documents\lab\data\MSP_PODCAST\Audio\batch_040\MSP-PODCAST_2343_1605.wav"
"40","189","MSP-PODCAST_2343_1616.wav","SOURCE_ZERO_LENGTH","0","NotContentIndexed","0","H","94","Test1","C:\Users\RD004\Box\知能情報処理システム研究室\音声\音声データベース\MSP_PODCAST\Audio\MSP-PODCAST_2343_1616.wav","C:\Users\RD004\Documents\lab\data\MSP_PODCAST\Audio\batch_040\MSP-PODCAST_2343_1616.wav"
"40","190","MSP-PODCAST_2343_1617.wav","SOURCE_ZERO_LENGTH","0","NotContentIndexed","0","H","94","Test1","C:\Users\RD004\Box\知能情報処理システム研究室\音声\音声データベース\MSP_PODCAST\Audio\MSP-PODCAST_2343_1617.wav","C:\Users\RD004\Documents\lab\data\MSP_PODCAST\Audio\batch_040\MSP-PODCAST_2343_1617.wav"
"40","191","MSP-PODCAST_2343_1630.wav","SOURCE_ZERO_LENGTH","0","NotContentIndexed","0","H","94","Test1","C:\Users\RD004\Box\知能情報処理システム研究室\音声\音声データベース\MSP_PODCAST\Audio\MSP-PODCAST_2343_1630.wav","C:\Users\RD004\Documents\lab\data\MSP_PODCAST\Audio\batch_040\MSP-PODCAST_2343_1630.wav"
"40","192","MSP-PODCAST_2343_1636.wav","SOURCE_ZERO_LENGTH","0","NotContentIndexed","0","A","96","Test1","C:\Users\RD004\Box\知能情報処理システム研究室\音声\音声データベース\MSP_PODCAST\Audio\MSP-PODCAST_2343_1636.wav","C:\Users\RD004\Documents\lab\data\MSP_PODCAST\Audio\batch_040\MSP-PODCAST_2343_1636.wav"
"40","193","MSP-PODCAST_2343_1651.wav","SOURCE_ZERO_LENGTH","0","NotContentIndexed","0","H","94","Test1","C:\Users\RD004\Box\知能情報処理システム研究室\音声\音声データベース\MSP_PODCAST\Audio\MSP-PODCAST_2343_1651.wav","C:\Users\RD004\Documents\lab\data\MSP_PODCAST\Audio\batch_040\MSP-PODCAST_2343_1651.wav"
"40","194","MSP-PODCAST_2343_1654.wav","SOURCE_ZERO_LENGTH","0","NotContentIndexed","0","S","94","Test1","C:\Users\RD004\Box\知能情報処理システム研究室\音声\音声データベース\MSP_PODCAST\Audio\MSP-PODCAST_2343_1654.wav","C:\Users\RD004\Documents\lab\data\MSP_PODCAST\Audio\batch_040\MSP-PODCAST_2343_1654.wav"
"40","195","MSP-PODCAST_2343_1687.wav","SOURCE_ZERO_LENGTH","0","NotContentIndexed","0","H","94","Test1","C:\Users\RD004\Box\知能情報処理システム研究室\音声\音声データベース\MSP_PODCAST\Audio\MSP-PODCAST_2343_1687.wav","C:\Users\RD004\Documents\lab\data\MSP_PODCAST\Audio\batch_040\MSP-PODCAST_2343_1687.wav"
"40","196","MSP-PODCAST_2343_1697.wav","SOURCE_ZERO_LENGTH","0","NotContentIndexed","0","A","94","Test1","C:\Users\RD004\Box\知能情報処理システム研究室\音声\音声データベース\MSP_PODCAST\Audio\MSP-PODCAST_2343_1697.wav","C:\Users\RD004\Documents\lab\data\MSP_PODCAST\Audio\batch_040\MSP-PODCAST_2343_1697.wav"
"40","197","MSP-PODCAST_2343_1700.wav","SOURCE_ZERO_LENGTH","0","NotContentIndexed","0","H","94","Test1","C:\Users\RD004\Box\知能情報処理システム研究室\音声\音声データベース\MSP_PODCAST\Audio\MSP-PODCAST_2343_1700.wav","C:\Users\RD004\Documents\lab\data\MSP_PODCAST\Audio\batch_040\MSP-PODCAST_2343_1700.wav"
"40","198","MSP-PODCAST_2343_1708.wav","SOURCE_ZERO_LENGTH","0","NotContentIndexed","0","H","94","Test1","C:\Users\RD004\Box\知能情報処理システム研究室\音声\音声データベース\MSP_PODCAST\Audio\MSP-PODCAST_2343_1708.wav","C:\Users\RD004\Documents\lab\data\MSP_PODCAST\Audio\batch_040\MSP-PODCAST_2343_1708.wav"
"40","199","MSP-PODCAST_2343_1709.wav","SOURCE_ZERO_LENGTH","0","NotContentIndexed","0","A","96","Test1","C:\Users\RD004\Box\知能情報処理システム研究室\音声\音声データベース\MSP_PODCAST\Audio\MSP-PODCAST_2343_1709.wav","C:\Users\RD004\Documents\lab\data\MSP_PODCAST\Audio\batch_040\MSP-PODCAST_2343_1709.wav"
"40","200","MSP-PODCAST_2343_1717.wav","SOURCE_ZERO_LENGTH","0","NotContentIndexed","0","H","95","Test1","C:\Users\RD004\Box\知能情報処理システム研究室\音声\音声データベース\MSP_PODCAST\Audio\MSP-PODCAST_2343_1717.wav","C:\Users\RD004\Documents\lab\data\MSP_PODCAST\Audio\batch_040\MSP-PODCAST_2343_1717.wav"
"40","201","MSP-PODCAST_2343_1720.wav","SOURCE_ZERO_LENGTH","0","NotContentIndexed","0","H","95","Test1","C:\Users\RD004\Box\知能情報処理システム研究室\音声\音声データベース\MSP_PODCAST\Audio\MSP-PODCAST_2343_1720.wav","C:\Users\RD004\Documents\lab\data\MSP_PODCAST\Audio\batch_040\MSP-PODCAST_2343_1720.wav"
"40","202","MSP-PODCAST_2343_1731.wav","SOURCE_ZERO_LENGTH","0","NotContentIndexed","0","A","95","Test1","C:\Users\RD004\Box\知能情報処理システム研究室\音声\音声データベース\MSP_PODCAST\Audio\MSP-PODCAST_2343_1731.wav","C:\Users\RD004\Documents\lab\data\MSP_PODCAST\Audio\batch_040\MSP-PODCAST_2343_1731.wav"
"40","203","MSP-PODCAST_2343_1739.wav","SOURCE_ZERO_LENGTH","0","NotContentIndexed","0","S","94","Test1","C:\Users\RD004\Box\知能情報処理システム研究室\音声\音声データベース\MSP_PODCAST\Audio\MSP-PODCAST_2343_1739.wav","C:\Users\RD004\Documents\lab\data\MSP_PODCAST\Audio\batch_040\MSP-PODCAST_2343_1739.wav"
"40","204","MSP-PODCAST_2343_1744.wav","SOURCE_ZERO_LENGTH","0","NotContentIndexed","0","H","94","Test1","C:\Users\RD004\Box\知能情報処理システム研究室\音声\音声データベース\MSP_PODCAST\Audio\MSP-PODCAST_2343_1744.wav","C:\Users\RD004\Documents\lab\data\MSP_PODCAST\Audio\batch_040\MSP-PODCAST_2343_1744.wav"
"40","205","MSP-PODCAST_2343_1748.wav","SOURCE_ZERO_LENGTH","0","NotContentIndexed","0","H","94","Test1","C:\Users\RD004\Box\知能情報処理システム研究室\音声\音声データベース\MSP_PODCAST\Audio\MSP-PODCAST_2343_1748.wav","C:\Users\RD004\Documents\lab\data\MSP_PODCAST\Audio\batch_040\MSP-PODCAST_2343_1748.wav"
"40","206","MSP-PODCAST_2343_1760.wav","SOURCE_ZERO_LENGTH","0","NotContentIndexed","0","A","96","Test1","C:\Users\RD004\Box\知能情報処理システム研究室\音声\音声データベース\MSP_PODCAST\Audio\MSP-PODCAST_2343_1760.wav","C:\Users\RD004\Documents\lab\data\MSP_PODCAST\Audio\batch_040\MSP-PODCAST_2343_1760.wav"
"40","207","MSP-PODCAST_2343_1763.wav","SOURCE_ZERO_LENGTH","0","NotContentIndexed","0","H","94","Test1","C:\Users\RD004\Box\知能情報処理システム研究室\音声\音声データベース\MSP_PODCAST\Audio\MSP-PODCAST_2343_1763.wav","C:\Users\RD004\Documents\lab\data\MSP_PODCAST\Audio\batch_040\MSP-PODCAST_2343_1763.wav"
"40","208","MSP-PODCAST_2343_1788.wav","SOURCE_ZERO_LENGTH","0","NotContentIndexed","0","H","94","Test1","C:\Users\RD004\Box\知能情報処理システム研究室\音声\音声データベース\MSP_PODCAST\Audio\MSP-PODCAST_2343_1788.wav","C:\Users\RD004\Documents\lab\data\MSP_PODCAST\Audio\batch_040\MSP-PODCAST_2343_1788.wav"
"40","209","MSP-PODCAST_2343_1789.wav","SOURCE_ZERO_LENGTH","0","NotContentIndexed","0","H","94","Test1","C:\Users\RD004\Box\知能情報処理システム研究室\音声\音声データベース\MSP_PODCAST\Audio\MSP-PODCAST_2343_1789.wav","C:\Users\RD004\Documents\lab\data\MSP_PODCAST\Audio\batch_040\MSP-PODCAST_2343_1789.wav"
"40","210","MSP-PODCAST_2343_1802.wav","SOURCE_ZERO_LENGTH","0","NotContentIndexed","0","H","94","Test1","C:\Users\RD004\Box\知能情報処理システム研究室\音声\音声データベース\MSP_PODCAST\Audio\MSP-PODCAST_2343_1802.wav","C:\Users\RD004\Documents\lab\data\MSP_PODCAST\Audio\batch_040\MSP-PODCAST_2343_1802.wav"
"40","211","MSP-PODCAST_2343_1810.wav","SOURCE_ZERO_LENGTH","0","NotContentIndexed","0","H","94","Test1","C:\Users\RD004\Box\知能情報処理システム研究室\音声\音声データベース\MSP_PODCAST\Audio\MSP-PODCAST_2343_1810.wav","C:\Users\RD004\Documents\lab\data\MSP_PODCAST\Audio\batch_040\MSP-PODCAST_2343_1810.wav"
"40","212","MSP-PODCAST_2343_1816.wav","SOURCE_ZERO_LENGTH","0","NotContentIndexed","0","H","95","Test1","C:\Users\RD004\Box\知能情報処理システム研究室\音声\音声データベース\MSP_PODCAST\Audio\MSP-PODCAST_2343_1816.wav","C:\Users\RD004\Documents\lab\data\MSP_PODCAST\Audio\batch_040\MSP-PODCAST_2343_1816.wav"
"40","213","MSP-PODCAST_2343_1841.wav","SOURCE_ZERO_LENGTH","0","NotContentIndexed","0","H","95","Test1","C:\Users\RD004\Box\知能情報処理システム研究室\音声\音声データベース\MSP_PODCAST\Audio\MSP-PODCAST_2343_1841.wav","C:\Users\RD004\Documents\lab\data\MSP_PODCAST\Audio\batch_040\MSP-PODCAST_2343_1841.wav"
"40","214","MSP-PODCAST_2343_1852.wav","SOURCE_ZERO_LENGTH","0","NotContentIndexed","0","H","95","Test1","C:\Users\RD004\Box\知能情報処理システム研究室\音声\音声データベース\MSP_PODCAST\Audio\MSP-PODCAST_2343_1852.wav","C:\Users\RD004\Documents\lab\data\MSP_PODCAST\Audio\batch_040\MSP-PODCAST_2343_1852.wav"
"40","215","MSP-PODCAST_2343_1854.wav","SOURCE_ZERO_LENGTH","0","NotContentIndexed","0","A","95","Test1","C:\Users\RD004\Box\知能情報処理システム研究室\音声\音声データベース\MSP_PODCAST\Audio\MSP-PODCAST_2343_1854.wav","C:\Users\RD004\Documents\lab\data\MSP_PODCAST\Audio\batch_040\MSP-PODCAST_2343_1854.wav"
"40","216","MSP-PODCAST_2343_1862.wav","SOURCE_ZERO_LENGTH","0","NotContentIndexed","0","H","96","Test1","C:\Users\RD004\Box\知能情報処理システム研究室\音声\音声データベース\MSP_PODCAST\Audio\MSP-PODCAST_2343_1862.wav","C:\Users\RD004\Documents\lab\data\MSP_PODCAST\Audio\batch_040\MSP-PODCAST_2343_1862.wav"
"40","217","MSP-PODCAST_2343_1885.wav","SOURCE_ZERO_LENGTH","0","NotContentIndexed","0","H","94","Test1","C:\Users\RD004\Box\知能情報処理システム研究室\音声\音声データベース\MSP_PODCAST\Audio\MSP-PODCAST_2343_1885.wav","C:\Users\RD004\Documents\lab\data\MSP_PODCAST\Audio\batch_040\MSP-PODCAST_2343_1885.wav"
"40","218","MSP-PODCAST_2346_0001.wav","SOURCE_ZERO_LENGTH","0","NotContentIndexed","0","H","1253","Train","C:\Users\RD004\Box\知能情報処理システム研究室\音声\音声データベース\MSP_PODCAST\Audio\MSP-PODCAST_2346_0001.wav","C:\Users\RD004\Documents\lab\data\MSP_PODCAST\Audio\batch_040\MSP-PODCAST_2346_0001.wav"
"40","219","MSP-PODCAST_2346_0004.wav","SOURCE_ZERO_LENGTH","0","NotContentIndexed","0","H","1253","Train","C:\Users\RD004\Box\知能情報処理システム研究室\音声\音声データベース\MSP_PODCAST\Audio\MSP-PODCAST_2346_0004.wav","C:\Users\RD004\Documents\lab\data\MSP_PODCAST\Audio\batch_040\MSP-PODCAST_2346_0004.wav"
"40","220","MSP-PODCAST_2346_0010.wav","SOURCE_ZERO_LENGTH","0","NotContentIndexed","0","H","1253","Train","C:\Users\RD004\Box\知能情報処理システム研究室\音声\音声データベース\MSP_PODCAST\Audio\MSP-PODCAST_2346_0010.wav","C:\Users\RD004\Documents\lab\data\MSP_PODCAST\Audio\batch_040\MSP-PODCAST_2346_0010.wav"
"40","221","MSP-PODCAST_2346_0014.wav","SOURCE_ZERO_LENGTH","0","NotContentIndexed","0","A","1253","Train","C:\Users\RD004\Box\知能情報処理システム研究室\音声\音声データベース\MSP_PODCAST\Audio\MSP-PODCAST_2346_0014.wav","C:\Users\RD004\Documents\lab\data\MSP_PODCAST\Audio\batch_040\MSP-PODCAST_2346_0014.wav"
"40","222","MSP-PODCAST_2346_0016.wav","SOURCE_ZERO_LENGTH","0","NotContentIndexed","0","H","1254","Train","C:\Users\RD004\Box\知能情報処理システム研究室\音声\音声データベース\MSP_PODCAST\Audio\MSP-PODCAST_2346_0016.wav","C:\Users\RD004\Documents\lab\data\MSP_PODCAST\Audio\batch_040\MSP-PODCAST_2346_0016.wav"
"40","223","MSP-PODCAST_2346_0028.wav","SOURCE_ZERO_LENGTH","0","NotContentIndexed","0","H","1254","Train","C:\Users\RD004\Box\知能情報処理システム研究室\音声\音声データベース\MSP_PODCAST\Audio\MSP-PODCAST_2346_0028.wav","C:\Users\RD004\Documents\lab\data\MSP_PODCAST\Audio\batch_040\MSP-PODCAST_2346_0028.wav"
"40","224","MSP-PODCAST_2346_0033.wav","SOURCE_ZERO_LENGTH","0","NotContentIndexed","0","H","1254","Train","C:\Users\RD004\Box\知能情報処理システム研究室\音声\音声データベース\MSP_PODCAST\Audio\MSP-PODCAST_2346_0033.wav","C:\Users\RD004\Documents\lab\data\MSP_PODCAST\Audio\batch_040\MSP-PODCAST_2346_0033.wav"
"40","225","MSP-PODCAST_2346_0054.wav","SOURCE_ZERO_LENGTH","0","NotContentIndexed","0","H","1254","Train","C:\Users\RD004\Box\知能情報処理システム研究室\音声\音声データベース\MSP_PODCAST\Audio\MSP-PODCAST_2346_0054.wav","C:\Users\RD004\Documents\lab\data\MSP_PODCAST\Audio\batch_040\MSP-PODCAST_2346_0054.wav"
"40","226","MSP-PODCAST_2346_0055.wav","SOURCE_ZERO_LENGTH","0","NotContentIndexed","0","H","1254","Train","C:\Users\RD004\Box\知能情報処理システム研究室\音声\音声データベース\MSP_PODCAST\Audio\MSP-PODCAST_2346_0055.wav","C:\Users\RD004\Documents\lab\data\MSP_PODCAST\Audio\batch_040\MSP-PODCAST_2346_0055.wav"
"40","227","MSP-PODCAST_2346_0059.wav","SOURCE_ZERO_LENGTH","0","NotContentIndexed","-1","H","1254","Train","C:\Users\RD004\Box\知能情報処理システム研究室\音声\音声データベース\MSP_PODCAST\Audio\MSP-PODCAST_2346_0059.wav","C:\Users\RD004\Documents\lab\data\MSP_PODCAST\Audio\batch_040\MSP-PODCAST_2346_0059.wav"
"40","228","MSP-PODCAST_2346_0060.wav","SOURCE_ZERO_LENGTH","0","NotContentIndexed","-1","H","1254","Train","C:\Users\RD004\Box\知能情報処理システム研究室\音声\音声データベース\MSP_PODCAST\Audio\MSP-PODCAST_2346_0060.wav","C:\Users\RD004\Documents\lab\data\MSP_PODCAST\Audio\batch_040\MSP-PODCAST_2346_0060.wav"
"40","229","MSP-PODCAST_2346_0066.wav","SOURCE_ZERO_LENGTH","0","NotContentIndexed","-1","H","1254","Train","C:\Users\RD004\Box\知能情報処理システム研究室\音声\音声データベース\MSP_PODCAST\Audio\MSP-PODCAST_2346_0066.wav","C:\Users\RD004\Documents\lab\data\MSP_PODCAST\Audio\batch_040\MSP-PODCAST_2346_0066.wav"
"40","230","MSP-PODCAST_2346_0072.wav","SOURCE_ZERO_LENGTH","0","NotContentIndexed","-1","H","1254","Train","C:\Users\RD004\Box\知能情報処理システム研究室\音声\音声データベース\MSP_PODCAST\Audio\MSP-PODCAST_2346_0072.wav","C:\Users\RD004\Documents\lab\data\MSP_PODCAST\Audio\batch_040\MSP-PODCAST_2346_0072.wav"
"40","231","MSP-PODCAST_2346_0090.wav","SOURCE_ZERO_LENGTH","0","NotContentIndexed","-1","H","1254","Train","C:\Users\RD004\Box\知能情報処理システム研究室\音声\音声データベース\MSP_PODCAST\Audio\MSP-PODCAST_2346_0090.wav","C:\Users\RD004\Documents\lab\data\MSP_PODCAST\Audio\batch_040\MSP-PODCAST_2346_0090.wav"
"40","232","MSP-PODCAST_2346_0094.wav","SOURCE_ZERO_LENGTH","0","NotContentIndexed","-1","H","1254","Train","C:\Users\RD004\Box\知能情報処理システム研究室\音声\音声データベース\MSP_PODCAST\Audio\MSP-PODCAST_2346_0094.wav","C:\Users\RD004\Documents\lab\data\MSP_PODCAST\Audio\batch_040\MSP-PODCAST_2346_0094.wav"
"40","233","MSP-PODCAST_2346_0098.wav","SOURCE_ZERO_LENGTH","0","NotContentIndexed","-1","H","1253","Train","C:\Users\RD004\Box\知能情報処理システム研究室\音声\音声データベース\MSP_PODCAST\Audio\MSP-PODCAST_2346_0098.wav","C:\Users\RD004\Documents\lab\data\MSP_PODCAST\Audio\batch_040\MSP-PODCAST_2346_0098.wav"
"40","234","MSP-PODCAST_2346_0113.wav","SOURCE_ZERO_LENGTH","0","NotContentIndexed","-1","H","1254","Train","C:\Users\RD004\Box\知能情報処理システム研究室\音声\音声データベース\MSP_PODCAST\Audio\MSP-PODCAST_2346_0113.wav","C:\Users\RD004\Documents\lab\data\MSP_PODCAST\Audio\batch_040\MSP-PODCAST_2346_0113.wav"
"40","235","MSP-PODCAST_2346_0182.wav","SOURCE_ZERO_LENGTH","0","NotContentIndexed","-1","S","1255","Train","C:\Users\RD004\Box\知能情報処理システム研究室\音声\音声データベース\MSP_PODCAST\Audio\MSP-PODCAST_2346_0182.wav","C:\Users\RD004\Documents\lab\data\MSP_PODCAST\Audio\batch_040\MSP-PODCAST_2346_0182.wav"
"40","236","MSP-PODCAST_2346_0183.wav","SOURCE_ZERO_LENGTH","0","NotContentIndexed","-1","H","1254","Train","C:\Users\RD004\Box\知能情報処理システム研究室\音声\音声データベース\MSP_PODCAST\Audio\MSP-PODCAST_2346_0183.wav","C:\Users\RD004\Documents\lab\data\MSP_PODCAST\Audio\batch_040\MSP-PODCAST_2346_0183.wav"
"40","237","MSP-PODCAST_2346_0185.wav","SOURCE_ZERO_LENGTH","0","NotContentIndexed","-1","H","1254","Train","C:\Users\RD004\Box\知能情報処理システム研究室\音声\音声データベース\MSP_PODCAST\Audio\MSP-PODCAST_2346_0185.wav","C:\Users\RD004\Documents\lab\data\MSP_PODCAST\Audio\batch_040\MSP-PODCAST_2346_0185.wav"
"40","238","MSP-PODCAST_2346_0193.wav","SOURCE_ZERO_LENGTH","0","NotContentIndexed","-1","H","1254","Train","C:\Users\RD004\Box\知能情報処理システム研究室\音声\音声データベース\MSP_PODCAST\Audio\MSP-PODCAST_2346_0193.wav","C:\Users\RD004\Documents\lab\data\MSP_PODCAST\Audio\batch_040\MSP-PODCAST_2346_0193.wav"
"40","239","MSP-PODCAST_2346_0204.wav","SOURCE_ZERO_LENGTH","0","NotContentIndexed","-1","H","1254","Train","C:\Users\RD004\Box\知能情報処理システム研究室\音声\音声データベース\MSP_PODCAST\Audio\MSP-PODCAST_2346_0204.wav","C:\Users\RD004\Documents\lab\data\MSP_PODCAST\Audio\batch_040\MSP-PODCAST_2346_0204.wav"
"40","240","MSP-PODCAST_2346_0207.wav","SOURCE_ZERO_LENGTH","0","NotContentIndexed","-1","H","1253","Train","C:\Users\RD004\Box\知能情報処理システム研究室\音声\音声データベース\MSP_PODCAST\Audio\MSP-PODCAST_2346_0207.wav","C:\Users\RD004\Documents\lab\data\MSP_PODCAST\Audio\batch_040\MSP-PODCAST_2346_0207.wav"
"40","241","MSP-PODCAST_2346_0208.wav","SOURCE_ZERO_LENGTH","0","NotContentIndexed","-1","H","1253","Train","C:\Users\RD004\Box\知能情報処理システム研究室\音声\音声データベース\MSP_PODCAST\Audio\MSP-PODCAST_2346_0208.wav","C:\Users\RD004\Documents\lab\data\MSP_PODCAST\Audio\batch_040\MSP-PODCAST_2346_0208.wav"
"40","242","MSP-PODCAST_2346_0209.wav","SOURCE_ZERO_LENGTH","0","NotContentIndexed","-1","H","1253","Train","C:\Users\RD004\Box\知能情報処理システム研究室\音声\音声データベース\MSP_PODCAST\Audio\MSP-PODCAST_2346_0209.wav","C:\Users\RD004\Documents\lab\data\MSP_PODCAST\Audio\batch_040\MSP-PODCAST_2346_0209.wav"
"40","243","MSP-PODCAST_2346_0237.wav","SOURCE_ZERO_LENGTH","0","NotContentIndexed","-1","H","1253","Train","C:\Users\RD004\Box\知能情報処理システム研究室\音声\音声データベース\MSP_PODCAST\Audio\MSP-PODCAST_2346_0237.wav","C:\Users\RD004\Documents\lab\data\MSP_PODCAST\Audio\batch_040\MSP-PODCAST_2346_0237.wav"
"40","244","MSP-PODCAST_2346_0256.wav","SOURCE_ZERO_LENGTH","0","NotContentIndexed","-1","H","1253","Train","C:\Users\RD004\Box\知能情報処理システム研究室\音声\音声データベース\MSP_PODCAST\Audio\MSP-PODCAST_2346_0256.wav","C:\Users\RD004\Documents\lab\data\MSP_PODCAST\Audio\batch_040\MSP-PODCAST_2346_0256.wav"
"40","245","MSP-PODCAST_2346_0260.wav","SOURCE_ZERO_LENGTH","0","NotContentIndexed","-1","H","1253","Train","C:\Users\RD004\Box\知能情報処理システム研究室\音声\音声データベース\MSP_PODCAST\Audio\MSP-PODCAST_2346_0260.wav","C:\Users\RD004\Documents\lab\data\MSP_PODCAST\Audio\batch_040\MSP-PODCAST_2346_0260.wav"
"40","246","MSP-PODCAST_2346_0266.wav","SOURCE_ZERO_LENGTH","0","NotContentIndexed","-1","A","1253","Train","C:\Users\RD004\Box\知能情報処理システム研究室\音声\音声データベース\MSP_PODCAST\Audio\MSP-PODCAST_2346_0266.wav","C:\Users\RD004\Documents\lab\data\MSP_PODCAST\Audio\batch_040\MSP-PODCAST_2346_0266.wav"
"40","247","MSP-PODCAST_2346_0270.wav","SOURCE_ZERO_LENGTH","0","NotContentIndexed","-1","H","1253","Train","C:\Users\RD004\Box\知能情報処理システム研究室\音声\音声データベース\MSP_PODCAST\Audio\MSP-PODCAST_2346_0270.wav","C:\Users\RD004\Documents\lab\data\MSP_PODCAST\Audio\batch_040\MSP-PODCAST_2346_0270.wav"
"40","248","MSP-PODCAST_2346_0273.wav","SOURCE_ZERO_LENGTH","0","NotContentIndexed","-1","H","1253","Train","C:\Users\RD004\Box\知能情報処理システム研究室\音声\音声データベース\MSP_PODCAST\Audio\MSP-PODCAST_2346_0273.wav","C:\Users\RD004\Documents\lab\data\MSP_PODCAST\Audio\batch_040\MSP-PODCAST_2346_0273.wav"
"40","249","MSP-PODCAST_2346_0292.wav","SOURCE_ZERO_LENGTH","0","NotContentIndexed","-1","H","1254","Train","C:\Users\RD004\Box\知能情報処理システム研究室\音声\音声データベース\MSP_PODCAST\Audio\MSP-PODCAST_2346_0292.wav","C:\Users\RD004\Documents\lab\data\MSP_PODCAST\Audio\batch_040\MSP-PODCAST_2346_0292.wav"
"40","250","MSP-PODCAST_2346_0293.wav","SOURCE_ZERO_LENGTH","0","NotContentIndexed","-1","H","1255","Train","C:\Users\RD004\Box\知能情報処理システム研究室\音声\音声データベース\MSP_PODCAST\Audio\MSP-PODCAST_2346_0293.wav","C:\Users\RD004\Documents\lab\data\MSP_PODCAST\Audio\batch_040\MSP-PODCAST_2346_0293.wav"
"40","251","MSP-PODCAST_2346_0295.wav","SOURCE_ZERO_LENGTH","0","NotContentIndexed","-1","H","1253","Train","C:\Users\RD004\Box\知能情報処理システム研究室\音声\音声データベース\MSP_PODCAST\Audio\MSP-PODCAST_2346_0295.wav","C:\Users\RD004\Documents\lab\data\MSP_PODCAST\Audio\batch_040\MSP-PODCAST_2346_0295.wav"
"40","252","MSP-PODCAST_2346_0301.wav","SOURCE_ZERO_LENGTH","0","NotContentIndexed","-1","H","1253","Train","C:\Users\RD004\Box\知能情報処理システム研究室\音声\音声データベース\MSP_PODCAST\Audio\MSP-PODCAST_2346_0301.wav","C:\Users\RD004\Documents\lab\data\MSP_PODCAST\Audio\batch_040\MSP-PODCAST_2346_0301.wav"
"40","253","MSP-PODCAST_2346_0312.wav","SOURCE_ZERO_LENGTH","0","NotContentIndexed","-1","H","1253","Train","C:\Users\RD004\Box\知能情報処理システム研究室\音声\音声データベース\MSP_PODCAST\Audio\MSP-PODCAST_2346_0312.wav","C:\Users\RD004\Documents\lab\data\MSP_PODCAST\Audio\batch_040\MSP-PODCAST_2346_0312.wav"
"40","254","MSP-PODCAST_2346_0320.wav","SOURCE_ZERO_LENGTH","0","NotContentIndexed","-1","H","1253","Train","C:\Users\RD004\Box\知能情報処理システム研究室\音声\音声データベース\MSP_PODCAST\Audio\MSP-PODCAST_2346_0320.wav","C:\Users\RD004\Documents\lab\data\MSP_PODCAST\Audio\batch_040\MSP-PODCAST_2346_0320.wav"
"40","255","MSP-PODCAST_2346_0356.wav","SOURCE_ZERO_LENGTH","0","NotContentIndexed","-1","H","1254","Train","C:\Users\RD004\Box\知能情報処理システム研究室\音声\音声データベース\MSP_PODCAST\Audio\MSP-PODCAST_2346_0356.wav","C:\Users\RD004\Documents\lab\data\MSP_PODCAST\Audio\batch_040\MSP-PODCAST_2346_0356.wav"
"40","256","MSP-PODCAST_2346_0420.wav","SOURCE_ZERO_LENGTH","0","NotContentIndexed","-1","H","1253","Train","C:\Users\RD004\Box\知能情報処理システム研究室\音声\音声データベース\MSP_PODCAST\Audio\MSP-PODCAST_2346_0420.wav","C:\Users\RD004\Documents\lab\data\MSP_PODCAST\Audio\batch_040\MSP-PODCAST_2346_0420.wav"
"40","257","MSP-PODCAST_2346_0425.wav","SOURCE_ZERO_LENGTH","0","NotContentIndexed","-1","H","1253","Train","C:\Users\RD004\Box\知能情報処理システム研究室\音声\音声データベース\MSP_PODCAST\Audio\MSP-PODCAST_2346_0425.wav","C:\Users\RD004\Documents\lab\data\MSP_PODCAST\Audio\batch_040\MSP-PODCAST_2346_0425.wav"
"40","258","MSP-PODCAST_2346_0438.wav","SOURCE_ZERO_LENGTH","0","NotContentIndexed","-1","H","1253","Train","C:\Users\RD004\Box\知能情報処理システム研究室\音声\音声データベース\MSP_PODCAST\Audio\MSP-PODCAST_2346_0438.wav","C:\Users\RD004\Documents\lab\data\MSP_PODCAST\Audio\batch_040\MSP-PODCAST_2346_0438.wav"
"40","259","MSP-PODCAST_2346_0447.wav","SOURCE_ZERO_LENGTH","0","NotContentIndexed","-1","H","1253","Train","C:\Users\RD004\Box\知能情報処理システム研究室\音声\音声データベース\MSP_PODCAST\Audio\MSP-PODCAST_2346_0447.wav","C:\Users\RD004\Documents\lab\data\MSP_PODCAST\Audio\batch_040\MSP-PODCAST_2346_0447.wav"
"40","260","MSP-PODCAST_2346_0451.wav","SOURCE_ZERO_LENGTH","0","NotContentIndexed","-1","H","1253","Train","C:\Users\RD004\Box\知能情報処理システム研究室\音声\音声データベース\MSP_PODCAST\Audio\MSP-PODCAST_2346_0451.wav","C:\Users\RD004\Documents\lab\data\MSP_PODCAST\Audio\batch_040\MSP-PODCAST_2346_0451.wav"
"40","261","MSP-PODCAST_2346_0460.wav","SOURCE_ZERO_LENGTH","0","NotContentIndexed","-1","H","1253","Train","C:\Users\RD004\Box\知能情報処理システム研究室\音声\音声データベース\MSP_PODCAST\Audio\MSP-PODCAST_2346_0460.wav","C:\Users\RD004\Documents\lab\data\MSP_PODCAST\Audio\batch_040\MSP-PODCAST_2346_0460.wav"
"40","262","MSP-PODCAST_2346_0465.wav","SOURCE_ZERO_LENGTH","0","NotContentIndexed","-1","H","1253","Train","C:\Users\RD004\Box\知能情報処理システム研究室\音声\音声データベース\MSP_PODCAST\Audio\MSP-PODCAST_2346_0465.wav","C:\Users\RD004\Documents\lab\data\MSP_PODCAST\Audio\batch_040\MSP-PODCAST_2346_0465.wav"
"40","263","MSP-PODCAST_2346_0466.wav","SOURCE_ZERO_LENGTH","0","NotContentIndexed","-1","H","1253","Train","C:\Users\RD004\Box\知能情報処理システム研究室\音声\音声データベース\MSP_PODCAST\Audio\MSP-PODCAST_2346_0466.wav","C:\Users\RD004\Documents\lab\data\MSP_PODCAST\Audio\batch_040\MSP-PODCAST_2346_0466.wav"
"40","264","MSP-PODCAST_2346_0469.wav","SOURCE_ZERO_LENGTH","0","NotContentIndexed","-1","H","1253","Train","C:\Users\RD004\Box\知能情報処理システム研究室\音声\音声データベース\MSP_PODCAST\Audio\MSP-PODCAST_2346_0469.wav","C:\Users\RD004\Documents\lab\data\MSP_PODCAST\Audio\batch_040\MSP-PODCAST_2346_0469.wav"
"40","265","MSP-PODCAST_2346_0474.wav","SOURCE_ZERO_LENGTH","0","NotContentIndexed","-1","H","1253","Train","C:\Users\RD004\Box\知能情報処理システム研究室\音声\音声データベース\MSP_PODCAST\Audio\MSP-PODCAST_2346_0474.wav","C:\Users\RD004\Documents\lab\data\MSP_PODCAST\Audio\batch_040\MSP-PODCAST_2346_0474.wav"
"40","266","MSP-PODCAST_2346_0488.wav","SOURCE_ZERO_LENGTH","0","NotContentIndexed","-1","H","1253","Train","C:\Users\RD004\Box\知能情報処理システム研究室\音声\音声データベース\MSP_PODCAST\Audio\MSP-PODCAST_2346_0488.wav","C:\Users\RD004\Documents\lab\data\MSP_PODCAST\Audio\batch_040\MSP-PODCAST_2346_0488.wav"
"40","267","MSP-PODCAST_2346_0495.wav","SOURCE_ZERO_LENGTH","0","NotContentIndexed","-1","H","1254","Train","C:\Users\RD004\Box\知能情報処理システム研究室\音声\音声データベース\MSP_PODCAST\Audio\MSP-PODCAST_2346_0495.wav","C:\Users\RD004\Documents\lab\data\MSP_PODCAST\Audio\batch_040\MSP-PODCAST_2346_0495.wav"
"40","268","MSP-PODCAST_2346_0506.wav","SOURCE_ZERO_LENGTH","0","NotContentIndexed","-1","H","1254","Train","C:\Users\RD004\Box\知能情報処理システム研究室\音声\音声データベース\MSP_PODCAST\Audio\MSP-PODCAST_2346_0506.wav","C:\Users\RD004\Documents\lab\data\MSP_PODCAST\Audio\batch_040\MSP-PODCAST_2346_0506.wav"
"40","269","MSP-PODCAST_2346_0510.wav","SOURCE_ZERO_LENGTH","0","NotContentIndexed","-1","S","1254","Train","C:\Users\RD004\Box\知能情報処理システム研究室\音声\音声データベース\MSP_PODCAST\Audio\MSP-PODCAST_2346_0510.wav","C:\Users\RD004\Documents\lab\data\MSP_PODCAST\Audio\batch_040\MSP-PODCAST_2346_0510.wav"
"40","270","MSP-PODCAST_2346_0522.wav","SOURCE_ZERO_LENGTH","0","NotContentIndexed","-1","H","1254","Train","C:\Users\RD004\Box\知能情報処理システム研究室\音声\音声データベース\MSP_PODCAST\Audio\MSP-PODCAST_2346_0522.wav","C:\Users\RD004\Documents\lab\data\MSP_PODCAST\Audio\batch_040\MSP-PODCAST_2346_0522.wav"
"40","271","MSP-PODCAST_2346_0529.wav","SOURCE_ZERO_LENGTH","0","NotContentIndexed","-1","H","1254","Train","C:\Users\RD004\Box\知能情報処理システム研究室\音声\音声データベース\MSP_PODCAST\Audio\MSP-PODCAST_2346_0529.wav","C:\Users\RD004\Documents\lab\data\MSP_PODCAST\Audio\batch_040\MSP-PODCAST_2346_0529.wav"
"40","272","MSP-PODCAST_2346_0541.wav","SOURCE_ZERO_LENGTH","0","NotContentIndexed","-1","H","1254","Train","C:\Users\RD004\Box\知能情報処理システム研究室\音声\音声データベース\MSP_PODCAST\Audio\MSP-PODCAST_2346_0541.wav","C:\Users\RD004\Documents\lab\data\MSP_PODCAST\Audio\batch_040\MSP-PODCAST_2346_0541.wav"
"40","273","MSP-PODCAST_2346_0546.wav","SOURCE_ZERO_LENGTH","0","NotContentIndexed","-1","H","1253","Train","C:\Users\RD004\Box\知能情報処理システム研究室\音声\音声データベース\MSP_PODCAST\Audio\MSP-PODCAST_2346_0546.wav","C:\Users\RD004\Documents\lab\data\MSP_PODCAST\Audio\batch_040\MSP-PODCAST_2346_0546.wav"
"40","274","MSP-PODCAST_2346_0547.wav","SOURCE_ZERO_LENGTH","0","NotContentIndexed","-1","H","1253","Train","C:\Users\RD004\Box\知能情報処理システム研究室\音声\音声データベース\MSP_PODCAST\Audio\MSP-PODCAST_2346_0547.wav","C:\Users\RD004\Documents\lab\data\MSP_PODCAST\Audio\batch_040\MSP-PODCAST_2346_0547.wav"
"40","275","MSP-PODCAST_2346_0552.wav","SOURCE_ZERO_LENGTH","0","NotContentIndexed","-1","H","1253","Train","C:\Users\RD004\Box\知能情報処理システム研究室\音声\音声データベース\MSP_PODCAST\Audio\MSP-PODCAST_2346_0552.wav","C:\Users\RD004\Documents\lab\data\MSP_PODCAST\Audio\batch_040\MSP-PODCAST_2346_0552.wav"
"40","276","MSP-PODCAST_2346_0553.wav","SOURCE_ZERO_LENGTH","0","NotContentIndexed","-1","H","1253","Train","C:\Users\RD004\Box\知能情報処理システム研究室\音声\音声データベース\MSP_PODCAST\Audio\MSP-PODCAST_2346_0553.wav","C:\Users\RD004\Documents\lab\data\MSP_PODCAST\Audio\batch_040\MSP-PODCAST_2346_0553.wav"
"40","277","MSP-PODCAST_2346_0566.wav","SOURCE_ZERO_LENGTH","0","NotContentIndexed","-1","H","1253","Train","C:\Users\RD004\Box\知能情報処理システム研究室\音声\音声データベース\MSP_PODCAST\Audio\MSP-PODCAST_2346_0566.wav","C:\Users\RD004\Documents\lab\data\MSP_PODCAST\Audio\batch_040\MSP-PODCAST_2346_0566.wav"
"40","278","MSP-PODCAST_2346_0578.wav","SOURCE_ZERO_LENGTH","0","NotContentIndexed","-1","H","1253","Train","C:\Users\RD004\Box\知能情報処理システム研究室\音声\音声データベース\MSP_PODCAST\Audio\MSP-PODCAST_2346_0578.wav","C:\Users\RD004\Documents\lab\data\MSP_PODCAST\Audio\batch_040\MSP-PODCAST_2346_0578.wav"
"40","279","MSP-PODCAST_2346_0583.wav","SOURCE_ZERO_LENGTH","0","NotContentIndexed","-1","H","1253","Train","C:\Users\RD004\Box\知能情報処理システム研究室\音声\音声データベース\MSP_PODCAST\Audio\MSP-PODCAST_2346_0583.wav","C:\Users\RD004\Documents\lab\data\MSP_PODCAST\Audio\batch_040\MSP-PODCAST_2346_0583.wav"
"40","280","MSP-PODCAST_2346_0599.wav","SOURCE_ZERO_LENGTH","0","NotContentIndexed","-1","H","1253","Train","C:\Users\RD004\Box\知能情報処理システム研究室\音声\音声データベース\MSP_PODCAST\Audio\MSP-PODCAST_2346_0599.wav","C:\Users\RD004\Documents\lab\data\MSP_PODCAST\Audio\batch_040\MSP-PODCAST_2346_0599.wav"
"40","281","MSP-PODCAST_2346_0601.wav","SOURCE_ZERO_LENGTH","0","NotContentIndexed","-1","H","1253","Train","C:\Users\RD004\Box\知能情報処理システム研究室\音声\音声データベース\MSP_PODCAST\Audio\MSP-PODCAST_2346_0601.wav","C:\Users\RD004\Documents\lab\data\MSP_PODCAST\Audio\batch_040\MSP-PODCAST_2346_0601.wav"
"40","282","MSP-PODCAST_2346_0653.wav","SOURCE_ZERO_LENGTH","0","NotContentIndexed","-1","H","1254","Train","C:\Users\RD004\Box\知能情報処理システム研究室\音声\音声データベース\MSP_PODCAST\Audio\MSP-PODCAST_2346_0653.wav","C:\Users\RD004\Documents\lab\data\MSP_PODCAST\Audio\batch_040\MSP-PODCAST_2346_0653.wav"
"40","283","MSP-PODCAST_2346_0655.wav","SOURCE_ZERO_LENGTH","0","NotContentIndexed","-1","H","1254","Train","C:\Users\RD004\Box\知能情報処理システム研究室\音声\音声データベース\MSP_PODCAST\Audio\MSP-PODCAST_2346_0655.wav","C:\Users\RD004\Documents\lab\data\MSP_PODCAST\Audio\batch_040\MSP-PODCAST_2346_0655.wav"
"40","284","MSP-PODCAST_2346_0666.wav","SOURCE_ZERO_LENGTH","0","NotContentIndexed","-1","H","1253","Train","C:\Users\RD004\Box\知能情報処理システム研究室\音声\音声データベース\MSP_PODCAST\Audio\MSP-PODCAST_2346_0666.wav","C:\Users\RD004\Documents\lab\data\MSP_PODCAST\Audio\batch_040\MSP-PODCAST_2346_0666.wav"
"40","285","MSP-PODCAST_2346_0709.wav","SOURCE_ZERO_LENGTH","0","NotContentIndexed","-1","H","1253","Train","C:\Users\RD004\Box\知能情報処理システム研究室\音声\音声データベース\MSP_PODCAST\Audio\MSP-PODCAST_2346_0709.wav","C:\Users\RD004\Documents\lab\data\MSP_PODCAST\Audio\batch_040\MSP-PODCAST_2346_0709.wav"
"40","286","MSP-PODCAST_2346_0732.wav","SOURCE_ZERO_LENGTH","0","NotContentIndexed","-1","H","1253","Train","C:\Users\RD004\Box\知能情報処理システム研究室\音声\音声データベース\MSP_PODCAST\Audio\MSP-PODCAST_2346_0732.wav","C:\Users\RD004\Documents\lab\data\MSP_PODCAST\Audio\batch_040\MSP-PODCAST_2346_0732.wav"
"40","287","MSP-PODCAST_2346_0740.wav","SOURCE_ZERO_LENGTH","0","NotContentIndexed","-1","H","1253","Train","C:\Users\RD004\Box\知能情報処理システム研究室\音声\音声データベース\MSP_PODCAST\Audio\MSP-PODCAST_2346_0740.wav","C:\Users\RD004\Documents\lab\data\MSP_PODCAST\Audio\batch_040\MSP-PODCAST_2346_0740.wav"
"40","288","MSP-PODCAST_2346_0742.wav","SOURCE_ZERO_LENGTH","0","NotContentIndexed","-1","H","1253","Train","C:\Users\RD004\Box\知能情報処理システム研究室\音声\音声データベース\MSP_PODCAST\Audio\MSP-PODCAST_2346_0742.wav","C:\Users\RD004\Documents\lab\data\MSP_PODCAST\Audio\batch_040\MSP-PODCAST_2346_0742.wav"
"40","289","MSP-PODCAST_2346_0755.wav","SOURCE_ZERO_LENGTH","0","NotContentIndexed","-1","H","1253","Train","C:\Users\RD004\Box\知能情報処理システム研究室\音声\音声データベース\MSP_PODCAST\Audio\MSP-PODCAST_2346_0755.wav","C:\Users\RD004\Documents\lab\data\MSP_PODCAST\Audio\batch_040\MSP-PODCAST_2346_0755.wav"
"40","290","MSP-PODCAST_2346_0756.wav","SOURCE_ZERO_LENGTH","0","NotContentIndexed","-1","H","1253","Train","C:\Users\RD004\Box\知能情報処理システム研究室\音声\音声データベース\MSP_PODCAST\Audio\MSP-PODCAST_2346_0756.wav","C:\Users\RD004\Documents\lab\data\MSP_PODCAST\Audio\batch_040\MSP-PODCAST_2346_0756.wav"
"40","291","MSP-PODCAST_2346_0758.wav","SOURCE_ZERO_LENGTH","0","NotContentIndexed","-1","H","1253","Train","C:\Users\RD004\Box\知能情報処理システム研究室\音声\音声データベース\MSP_PODCAST\Audio\MSP-PODCAST_2346_0758.wav","C:\Users\RD004\Documents\lab\data\MSP_PODCAST\Audio\batch_040\MSP-PODCAST_2346_0758.wav"
"40","292","MSP-PODCAST_2346_0762.wav","SOURCE_ZERO_LENGTH","0","NotContentIndexed","-1","S","1253","Train","C:\Users\RD004\Box\知能情報処理システム研究室\音声\音声データベース\MSP_PODCAST\Audio\MSP-PODCAST_2346_0762.wav","C:\Users\RD004\Documents\lab\data\MSP_PODCAST\Audio\batch_040\MSP-PODCAST_2346_0762.wav"
"40","293","MSP-PODCAST_2347_0005.wav","SOURCE_ZERO_LENGTH","0","NotContentIndexed","-1","S","210","Development","C:\Users\RD004\Box\知能情報処理システム研究室\音声\音声データベース\MSP_PODCAST\Audio\MSP-PODCAST_2347_0005.wav","C:\Users\RD004\Documents\lab\data\MSP_PODCAST\Audio\batch_040\MSP-PODCAST_2347_0005.wav"
"40","294","MSP-PODCAST_2347_0009.wav","SOURCE_ZERO_LENGTH","0","NotContentIndexed","-1","S","210","Development","C:\Users\RD004\Box\知能情報処理システム研究室\音声\音声データベース\MSP_PODCAST\Audio\MSP-PODCAST_2347_0009.wav","C:\Users\RD004\Documents\lab\data\MSP_PODCAST\Audio\batch_040\MSP-PODCAST_2347_0009.wav"
"40","295","MSP-PODCAST_2347_0044.wav","SOURCE_ZERO_LENGTH","0","NotContentIndexed","-1","H","210","Development","C:\Users\RD004\Box\知能情報処理システム研究室\音声\音声データベース\MSP_PODCAST\Audio\MSP-PODCAST_2347_0044.wav","C:\Users\RD004\Documents\lab\data\MSP_PODCAST\Audio\batch_040\MSP-PODCAST_2347_0044.wav"
"40","296","MSP-PODCAST_2347_0059.wav","SOURCE_ZERO_LENGTH","0","NotContentIndexed","-1","S","210","Development","C:\Users\RD004\Box\知能情報処理システム研究室\音声\音声データベース\MSP_PODCAST\Audio\MSP-PODCAST_2347_0059.wav","C:\Users\RD004\Documents\lab\data\MSP_PODCAST\Audio\batch_040\MSP-PODCAST_2347_0059.wav"
"40","297","MSP-PODCAST_2347_0076.wav","SOURCE_ZERO_LENGTH","0","NotContentIndexed","-1","A","210","Development","C:\Users\RD004\Box\知能情報処理システム研究室\音声\音声データベース\MSP_PODCAST\Audio\MSP-PODCAST_2347_0076.wav","C:\Users\RD004\Documents\lab\data\MSP_PODCAST\Audio\batch_040\MSP-PODCAST_2347_0076.wav"
"40","298","MSP-PODCAST_2347_0078.wav","SOURCE_ZERO_LENGTH","0","NotContentIndexed","-1","A","210","Development","C:\Users\RD004\Box\知能情報処理システム研究室\音声\音声データベース\MSP_PODCAST\Audio\MSP-PODCAST_2347_0078.wav","C:\Users\RD004\Documents\lab\data\MSP_PODCAST\Audio\batch_040\MSP-PODCAST_2347_0078.wav"
"40","299","MSP-PODCAST_2347_0080.wav","SOURCE_ZERO_LENGTH","0","NotContentIndexed","-1","S","210","Development","C:\Users\RD004\Box\知能情報処理システム研究室\音声\音声データベース\MSP_PODCAST\Audio\MSP-PODCAST_2347_0080.wav","C:\Users\RD004\Documents\lab\data\MSP_PODCAST\Audio\batch_040\MSP-PODCAST_2347_0080.wav"
"40","300","MSP-PODCAST_2347_0084.wav","SOURCE_ZERO_LENGTH","0","NotContentIndexed","-1","A","210","Development","C:\Users\RD004\Box\知能情報処理システム研究室\音声\音声データベース\MSP_PODCAST\Audio\MSP-PODCAST_2347_0084.wav","C:\Users\RD004\Documents\lab\data\MSP_PODCAST\Audio\batch_040\MSP-PODCAST_2347_0084.wav"
"40","301","MSP-PODCAST_2347_0087.wav","SOURCE_ZERO_LENGTH","0","NotContentIndexed","-1","D","210","Development","C:\Users\RD004\Box\知能情報処理システム研究室\音声\音声データベース\MSP_PODCAST\Audio\MSP-PODCAST_2347_0087.wav","C:\Users\RD004\Documents\lab\data\MSP_PODCAST\Audio\batch_040\MSP-PODCAST_2347_0087.wav"
"40","302","MSP-PODCAST_2347_0098.wav","SOURCE_ZERO_LENGTH","0","NotContentIndexed","-1","H","210","Development","C:\Users\RD004\Box\知能情報処理システム研究室\音声\音声データベース\MSP_PODCAST\Audio\MSP-PODCAST_2347_0098.wav","C:\Users\RD004\Documents\lab\data\MSP_PODCAST\Audio\batch_040\MSP-PODCAST_2347_0098.wav"
"40","303","MSP-PODCAST_2347_0105.wav","SOURCE_ZERO_LENGTH","0","NotContentIndexed","-1","A","210","Development","C:\Users\RD004\Box\知能情報処理システム研究室\音声\音声データベース\MSP_PODCAST\Audio\MSP-PODCAST_2347_0105.wav","C:\Users\RD004\Documents\lab\data\MSP_PODCAST\Audio\batch_040\MSP-PODCAST_2347_0105.wav"
"40","304","MSP-PODCAST_2347_0106.wav","SOURCE_ZERO_LENGTH","0","NotContentIndexed","-1","A","210","Development","C:\Users\RD004\Box\知能情報処理システム研究室\音声\音声データベース\MSP_PODCAST\Audio\MSP-PODCAST_2347_0106.wav","C:\Users\RD004\Documents\lab\data\MSP_PODCAST\Audio\batch_040\MSP-PODCAST_2347_0106.wav"
"40","305","MSP-PODCAST_2347_0116.wav","SOURCE_ZERO_LENGTH","0","NotContentIndexed","-1","A","210","Development","C:\Users\RD004\Box\知能情報処理システム研究室\音声\音声データベース\MSP_PODCAST\Audio\MSP-PODCAST_2347_0116.wav","C:\Users\RD004\Documents\lab\data\MSP_PODCAST\Audio\batch_040\MSP-PODCAST_2347_0116.wav"
"40","306","MSP-PODCAST_2347_0119.wav","SOURCE_ZERO_LENGTH","0","NotContentIndexed","-1","D","210","Development","C:\Users\RD004\Box\知能情報処理システム研究室\音声\音声データベース\MSP_PODCAST\Audio\MSP-PODCAST_2347_0119.wav","C:\Users\RD004\Documents\lab\data\MSP_PODCAST\Audio\batch_040\MSP-PODCAST_2347_0119.wav"
"40","307","MSP-PODCAST_2347_0120.wav","SOURCE_ZERO_LENGTH","0","NotContentIndexed","-1","A","210","Development","C:\Users\RD004\Box\知能情報処理システム研究室\音声\音声データベース\MSP_PODCAST\Audio\MSP-PODCAST_2347_0120.wav","C:\Users\RD004\Documents\lab\data\MSP_PODCAST\Audio\batch_040\MSP-PODCAST_2347_0120.wav"
"40","308","MSP-PODCAST_2347_0125.wav","SOURCE_ZERO_LENGTH","0","NotContentIndexed","-1","D","210","Development","C:\Users\RD004\Box\知能情報処理システム研究室\音声\音声データベース\MSP_PODCAST\Audio\MSP-PODCAST_2347_0125.wav","C:\Users\RD004\Documents\lab\data\MSP_PODCAST\Audio\batch_040\MSP-PODCAST_2347_0125.wav"
"40","309","MSP-PODCAST_2347_0126.wav","SOURCE_ZERO_LENGTH","0","NotContentIndexed","-1","A","210","Development","C:\Users\RD004\Box\知能情報処理システム研究室\音声\音声データベース\MSP_PODCAST\Audio\MSP-PODCAST_2347_0126.wav","C:\Users\RD004\Documents\lab\data\MSP_PODCAST\Audio\batch_040\MSP-PODCAST_2347_0126.wav"
"40","310","MSP-PODCAST_2347_0129.wav","SOURCE_ZERO_LENGTH","0","NotContentIndexed","-1","A","210","Development","C:\Users\RD004\Box\知能情報処理システム研究室\音声\音声データベース\MSP_PODCAST\Audio\MSP-PODCAST_2347_0129.wav","C:\Users\RD004\Documents\lab\data\MSP_PODCAST\Audio\batch_040\MSP-PODCAST_2347_0129.wav"
"40","311","MSP-PODCAST_2347_0134.wav","SOURCE_ZERO_LENGTH","0","NotContentIndexed","-1","A","210","Development","C:\Users\RD004\Box\知能情報処理システム研究室\音声\音声データベース\MSP_PODCAST\Audio\MSP-PODCAST_2347_0134.wav","C:\Users\RD004\Documents\lab\data\MSP_PODCAST\Audio\batch_040\MSP-PODCAST_2347_0134.wav"
"40","312","MSP-PODCAST_2347_0145.wav","SOURCE_ZERO_LENGTH","0","NotContentIndexed","-1","H","210","Development","C:\Users\RD004\Box\知能情報処理システム研究室\音声\音声データベース\MSP_PODCAST\Audio\MSP-PODCAST_2347_0145.wav","C:\Users\RD004\Documents\lab\data\MSP_PODCAST\Audio\batch_040\MSP-PODCAST_2347_0145.wav"
"40","313","MSP-PODCAST_2347_0153.wav","SOURCE_ZERO_LENGTH","0","NotContentIndexed","-1","D","210","Development","C:\Users\RD004\Box\知能情報処理システム研究室\音声\音声データベース\MSP_PODCAST\Audio\MSP-PODCAST_2347_0153.wav","C:\Users\RD004\Documents\lab\data\MSP_PODCAST\Audio\batch_040\MSP-PODCAST_2347_0153.wav"
"40","314","MSP-PODCAST_2347_0155.wav","SOURCE_ZERO_LENGTH","0","NotContentIndexed","-1","A","210","Development","C:\Users\RD004\Box\知能情報処理システム研究室\音声\音声データベース\MSP_PODCAST\Audio\MSP-PODCAST_2347_0155.wav","C:\Users\RD004\Documents\lab\data\MSP_PODCAST\Audio\batch_040\MSP-PODCAST_2347_0155.wav"
"40","315","MSP-PODCAST_2347_0175.wav","SOURCE_ZERO_LENGTH","0","NotContentIndexed","-1","S","210","Development","C:\Users\RD004\Box\知能情報処理システム研究室\音声\音声データベース\MSP_PODCAST\Audio\MSP-PODCAST_2347_0175.wav","C:\Users\RD004\Documents\lab\data\MSP_PODCAST\Audio\batch_040\MSP-PODCAST_2347_0175.wav"
"40","316","MSP-PODCAST_2347_0179.wav","SOURCE_ZERO_LENGTH","0","NotContentIndexed","-1","S","210","Development","C:\Users\RD004\Box\知能情報処理システム研究室\音声\音声データベース\MSP_PODCAST\Audio\MSP-PODCAST_2347_0179.wav","C:\Users\RD004\Documents\lab\data\MSP_PODCAST\Audio\batch_040\MSP-PODCAST_2347_0179.wav"
"40","317","MSP-PODCAST_2347_0184.wav","SOURCE_ZERO_LENGTH","0","NotContentIndexed","-1","H","210","Development","C:\Users\RD004\Box\知能情報処理システム研究室\音声\音声データベース\MSP_PODCAST\Audio\MSP-PODCAST_2347_0184.wav","C:\Users\RD004\Documents\lab\data\MSP_PODCAST\Audio\batch_040\MSP-PODCAST_2347_0184.wav"
"40","318","MSP-PODCAST_2347_0195.wav","SOURCE_ZERO_LENGTH","0","NotContentIndexed","-1","A","210","Development","C:\Users\RD004\Box\知能情報処理システム研究室\音声\音声データベース\MSP_PODCAST\Audio\MSP-PODCAST_2347_0195.wav","C:\Users\RD004\Documents\lab\data\MSP_PODCAST\Audio\batch_040\MSP-PODCAST_2347_0195.wav"
"40","319","MSP-PODCAST_2347_0197.wav","SOURCE_ZERO_LENGTH","0","NotContentIndexed","-1","A","210","Development","C:\Users\RD004\Box\知能情報処理システム研究室\音声\音声データベース\MSP_PODCAST\Audio\MSP-PODCAST_2347_0197.wav","C:\Users\RD004\Documents\lab\data\MSP_PODCAST\Audio\batch_040\MSP-PODCAST_2347_0197.wav"
"40","320","MSP-PODCAST_2347_0208.wav","SOURCE_ZERO_LENGTH","0","NotContentIndexed","-1","S","210","Development","C:\Users\RD004\Box\知能情報処理システム研究室\音声\音声データベース\MSP_PODCAST\Audio\MSP-PODCAST_2347_0208.wav","C:\Users\RD004\Documents\lab\data\MSP_PODCAST\Audio\batch_040\MSP-PODCAST_2347_0208.wav"
"40","321","MSP-PODCAST_2347_0213.wav","SOURCE_ZERO_LENGTH","0","NotContentIndexed","-1","A","210","Development","C:\Users\RD004\Box\知能情報処理システム研究室\音声\音声データベース\MSP_PODCAST\Audio\MSP-PODCAST_2347_0213.wav","C:\Users\RD004\Documents\lab\data\MSP_PODCAST\Audio\batch_040\MSP-PODCAST_2347_0213.wav"
"40","322","MSP-PODCAST_2347_0217.wav","SOURCE_ZERO_LENGTH","0","NotContentIndexed","-1","A","210","Development","C:\Users\RD004\Box\知能情報処理システム研究室\音声\音声データベース\MSP_PODCAST\Audio\MSP-PODCAST_2347_0217.wav","C:\Users\RD004\Documents\lab\data\MSP_PODCAST\Audio\batch_040\MSP-PODCAST_2347_0217.wav"
"40","323","MSP-PODCAST_2347_0223.wav","SOURCE_ZERO_LENGTH","0","NotContentIndexed","-1","A","210","Development","C:\Users\RD004\Box\知能情報処理システム研究室\音声\音声データベース\MSP_PODCAST\Audio\MSP-PODCAST_2347_0223.wav","C:\Users\RD004\Documents\lab\data\MSP_PODCAST\Audio\batch_040\MSP-PODCAST_2347_0223.wav"
"40","324","MSP-PODCAST_2347_0233.wav","SOURCE_ZERO_LENGTH","0","NotContentIndexed","-1","A","210","Development","C:\Users\RD004\Box\知能情報処理システム研究室\音声\音声データベース\MSP_PODCAST\Audio\MSP-PODCAST_2347_0233.wav","C:\Users\RD004\Documents\lab\data\MSP_PODCAST\Audio\batch_040\MSP-PODCAST_2347_0233.wav"
"40","325","MSP-PODCAST_2347_0237.wav","SOURCE_ZERO_LENGTH","0","NotContentIndexed","-1","H","210","Development","C:\Users\RD004\Box\知能情報処理システム研究室\音声\音声データベース\MSP_PODCAST\Audio\MSP-PODCAST_2347_0237.wav","C:\Users\RD004\Documents\lab\data\MSP_PODCAST\Audio\batch_040\MSP-PODCAST_2347_0237.wav"
"40","326","MSP-PODCAST_2347_0242.wav","SOURCE_ZERO_LENGTH","0","NotContentIndexed","-1","A","210","Development","C:\Users\RD004\Box\知能情報処理システム研究室\音声\音声データベース\MSP_PODCAST\Audio\MSP-PODCAST_2347_0242.wav","C:\Users\RD004\Documents\lab\data\MSP_PODCAST\Audio\batch_040\MSP-PODCAST_2347_0242.wav"
"40","327","MSP-PODCAST_2347_0249.wav","SOURCE_ZERO_LENGTH","0","NotContentIndexed","-1","A","210","Development","C:\Users\RD004\Box\知能情報処理システム研究室\音声\音声データベース\MSP_PODCAST\Audio\MSP-PODCAST_2347_0249.wav","C:\Users\RD004\Documents\lab\data\MSP_PODCAST\Audio\batch_040\MSP-PODCAST_2347_0249.wav"
"40","328","MSP-PODCAST_2347_0259.wav","SOURCE_ZERO_LENGTH","0","NotContentIndexed","-1","A","210","Development","C:\Users\RD004\Box\知能情報処理システム研究室\音声\音声データベース\MSP_PODCAST\Audio\MSP-PODCAST_2347_0259.wav","C:\Users\RD004\Documents\lab\data\MSP_PODCAST\Audio\batch_040\MSP-PODCAST_2347_0259.wav"
"40","329","MSP-PODCAST_2347_0260.wav","SOURCE_ZERO_LENGTH","0","NotContentIndexed","-1","A","210","Development","C:\Users\RD004\Box\知能情報処理システム研究室\音声\音声データベース\MSP_PODCAST\Audio\MSP-PODCAST_2347_0260.wav","C:\Users\RD004\Documents\lab\data\MSP_PODCAST\Audio\batch_040\MSP-PODCAST_2347_0260.wav"
"40","330","MSP-PODCAST_2347_0261.wav","SOURCE_ZERO_LENGTH","0","NotContentIndexed","-1","A","210","Development","C:\Users\RD004\Box\知能情報処理システム研究室\音声\音声データベース\MSP_PODCAST\Audio\MSP-PODCAST_2347_0261.wav","C:\Users\RD004\Documents\lab\data\MSP_PODCAST\Audio\batch_040\MSP-PODCAST_2347_0261.wav"
"40","331","MSP-PODCAST_2347_0267.wav","SOURCE_ZERO_LENGTH","0","NotContentIndexed","-1","A","210","Development","C:\Users\RD004\Box\知能情報処理システム研究室\音声\音声データベース\MSP_PODCAST\Audio\MSP-PODCAST_2347_0267.wav","C:\Users\RD004\Documents\lab\data\MSP_PODCAST\Audio\batch_040\MSP-PODCAST_2347_0267.wav"
"40","332","MSP-PODCAST_2347_0268.wav","SOURCE_ZERO_LENGTH","0","NotContentIndexed","-1","A","210","Development","C:\Users\RD004\Box\知能情報処理システム研究室\音声\音声データベース\MSP_PODCAST\Audio\MSP-PODCAST_2347_0268.wav","C:\Users\RD004\Documents\lab\data\MSP_PODCAST\Audio\batch_040\MSP-PODCAST_2347_0268.wav"
"40","333","MSP-PODCAST_2347_0289.wav","SOURCE_ZERO_LENGTH","0","NotContentIndexed","-1","A","210","Development","C:\Users\RD004\Box\知能情報処理システム研究室\音声\音声データベース\MSP_PODCAST\Audio\MSP-PODCAST_2347_0289.wav","C:\Users\RD004\Documents\lab\data\MSP_PODCAST\Audio\batch_040\MSP-PODCAST_2347_0289.wav"
"40","334","MSP-PODCAST_2347_0298.wav","SOURCE_ZERO_LENGTH","0","NotContentIndexed","-1","A","210","Development","C:\Users\RD004\Box\知能情報処理システム研究室\音声\音声データベース\MSP_PODCAST\Audio\MSP-PODCAST_2347_0298.wav","C:\Users\RD004\Documents\lab\data\MSP_PODCAST\Audio\batch_040\MSP-PODCAST_2347_0298.wav"
"40","335","MSP-PODCAST_2347_0303.wav","SOURCE_ZERO_LENGTH","0","NotContentIndexed","-1","A","210","Development","C:\Users\RD004\Box\知能情報処理システム研究室\音声\音声データベース\MSP_PODCAST\Audio\MSP-PODCAST_2347_0303.wav","C:\Users\RD004\Documents\lab\data\MSP_PODCAST\Audio\batch_040\MSP-PODCAST_2347_0303.wav"
"40","336","MSP-PODCAST_2347_0305.wav","SOURCE_ZERO_LENGTH","0","NotContentIndexed","-1","D","210","Development","C:\Users\RD004\Box\知能情報処理システム研究室\音声\音声データベース\MSP_PODCAST\Audio\MSP-PODCAST_2347_0305.wav","C:\Users\RD004\Documents\lab\data\MSP_PODCAST\Audio\batch_040\MSP-PODCAST_2347_0305.wav"
"40","337","MSP-PODCAST_2347_0319.wav","SOURCE_ZERO_LENGTH","0","NotContentIndexed","-1","S","210","Development","C:\Users\RD004\Box\知能情報処理システム研究室\音声\音声データベース\MSP_PODCAST\Audio\MSP-PODCAST_2347_0319.wav","C:\Users\RD004\Documents\lab\data\MSP_PODCAST\Audio\batch_040\MSP-PODCAST_2347_0319.wav"
"40","338","MSP-PODCAST_2347_0331.wav","SOURCE_ZERO_LENGTH","0","NotContentIndexed","-1","A","210","Development","C:\Users\RD004\Box\知能情報処理システム研究室\音声\音声データベース\MSP_PODCAST\Audio\MSP-PODCAST_2347_0331.wav","C:\Users\RD004\Documents\lab\data\MSP_PODCAST\Audio\batch_040\MSP-PODCAST_2347_0331.wav"
"40","339","MSP-PODCAST_2347_0345.wav","SOURCE_ZERO_LENGTH","0","NotContentIndexed","-1","S","210","Development","C:\Users\RD004\Box\知能情報処理システム研究室\音声\音声データベース\MSP_PODCAST\Audio\MSP-PODCAST_2347_0345.wav","C:\Users\RD004\Documents\lab\data\MSP_PODCAST\Audio\batch_040\MSP-PODCAST_2347_0345.wav"
"40","340","MSP-PODCAST_2347_0366.wav","SOURCE_ZERO_LENGTH","0","NotContentIndexed","-1","A","210","Development","C:\Users\RD004\Box\知能情報処理システム研究室\音声\音声データベース\MSP_PODCAST\Audio\MSP-PODCAST_2347_0366.wav","C:\Users\RD004\Documents\lab\data\MSP_PODCAST\Audio\batch_040\MSP-PODCAST_2347_0366.wav"
"40","341","MSP-PODCAST_2347_0370.wav","SOURCE_ZERO_LENGTH","0","NotContentIndexed","-1","A","210","Development","C:\Users\RD004\Box\知能情報処理システム研究室\音声\音声データベース\MSP_PODCAST\Audio\MSP-PODCAST_2347_0370.wav","C:\Users\RD004\Documents\lab\data\MSP_PODCAST\Audio\batch_040\MSP-PODCAST_2347_0370.wav"
"40","342","MSP-PODCAST_2347_0376.wav","SOURCE_ZERO_LENGTH","0","NotContentIndexed","-1","A","210","Development","C:\Users\RD004\Box\知能情報処理システム研究室\音声\音声データベース\MSP_PODCAST\Audio\MSP-PODCAST_2347_0376.wav","C:\Users\RD004\Documents\lab\data\MSP_PODCAST\Audio\batch_040\MSP-PODCAST_2347_0376.wav"
"40","343","MSP-PODCAST_2347_0383.wav","SOURCE_ZERO_LENGTH","0","NotContentIndexed","-1","A","210","Development","C:\Users\RD004\Box\知能情報処理システム研究室\音声\音声データベース\MSP_PODCAST\Audio\MSP-PODCAST_2347_0383.wav","C:\Users\RD004\Documents\lab\data\MSP_PODCAST\Audio\batch_040\MSP-PODCAST_2347_0383.wav"
"40","344","MSP-PODCAST_2347_0385.wav","SOURCE_ZERO_LENGTH","0","NotContentIndexed","-1","A","210","Development","C:\Users\RD004\Box\知能情報処理システム研究室\音声\音声データベース\MSP_PODCAST\Audio\MSP-PODCAST_2347_0385.wav","C:\Users\RD004\Documents\lab\data\MSP_PODCAST\Audio\batch_040\MSP-PODCAST_2347_0385.wav"
"40","345","MSP-PODCAST_2347_0386.wav","SOURCE_ZERO_LENGTH","0","NotContentIndexed","-1","A","210","Development","C:\Users\RD004\Box\知能情報処理システム研究室\音声\音声データベース\MSP_PODCAST\Audio\MSP-PODCAST_2347_0386.wav","C:\Users\RD004\Documents\lab\data\MSP_PODCAST\Audio\batch_040\MSP-PODCAST_2347_0386.wav"
"40","346","MSP-PODCAST_2347_0387.wav","SOURCE_ZERO_LENGTH","0","NotContentIndexed","-1","A","210","Development","C:\Users\RD004\Box\知能情報処理システム研究室\音声\音声データベース\MSP_PODCAST\Audio\MSP-PODCAST_2347_0387.wav","C:\Users\RD004\Documents\lab\data\MSP_PODCAST\Audio\batch_040\MSP-PODCAST_2347_0387.wav"
"40","347","MSP-PODCAST_2347_0395.wav","SOURCE_ZERO_LENGTH","0","NotContentIndexed","-1","A","210","Development","C:\Users\RD004\Box\知能情報処理システム研究室\音声\音声データベース\MSP_PODCAST\Audio\MSP-PODCAST_2347_0395.wav","C:\Users\RD004\Documents\lab\data\MSP_PODCAST\Audio\batch_040\MSP-PODCAST_2347_0395.wav"
"40","348","MSP-PODCAST_2347_0398.wav","SOURCE_ZERO_LENGTH","0","NotContentIndexed","-1","A","210","Development","C:\Users\RD004\Box\知能情報処理システム研究室\音声\音声データベース\MSP_PODCAST\Audio\MSP-PODCAST_2347_0398.wav","C:\Users\RD004\Documents\lab\data\MSP_PODCAST\Audio\batch_040\MSP-PODCAST_2347_0398.wav"
"40","349","MSP-PODCAST_2347_0399.wav","SOURCE_ZERO_LENGTH","0","NotContentIndexed","-1","A","210","Development","C:\Users\RD004\Box\知能情報処理システム研究室\音声\音声データベース\MSP_PODCAST\Audio\MSP-PODCAST_2347_0399.wav","C:\Users\RD004\Documents\lab\data\MSP_PODCAST\Audio\batch_040\MSP-PODCAST_2347_0399.wav"
"40","350","MSP-PODCAST_2347_0401.wav","SOURCE_ZERO_LENGTH","0","NotContentIndexed","-1","A","210","Development","C:\Users\RD004\Box\知能情報処理システム研究室\音声\音声データベース\MSP_PODCAST\Audio\MSP-PODCAST_2347_0401.wav","C:\Users\RD004\Documents\lab\data\MSP_PODCAST\Audio\batch_040\MSP-PODCAST_2347_0401.wav"
"40","351","MSP-PODCAST_2347_0403.wav","SOURCE_ZERO_LENGTH","0","NotContentIndexed","-1","H","210","Development","C:\Users\RD004\Box\知能情報処理システム研究室\音声\音声データベース\MSP_PODCAST\Audio\MSP-PODCAST_2347_0403.wav","C:\Users\RD004\Documents\lab\data\MSP_PODCAST\Audio\batch_040\MSP-PODCAST_2347_0403.wav"
"40","352","MSP-PODCAST_2347_0409.wav","SOURCE_ZERO_LENGTH","0","NotContentIndexed","-1","S","210","Development","C:\Users\RD004\Box\知能情報処理システム研究室\音声\音声データベース\MSP_PODCAST\Audio\MSP-PODCAST_2347_0409.wav","C:\Users\RD004\Documents\lab\data\MSP_PODCAST\Audio\batch_040\MSP-PODCAST_2347_0409.wav"
"40","353","MSP-PODCAST_2347_0411.wav","SOURCE_ZERO_LENGTH","0","NotContentIndexed","-1","S","210","Development","C:\Users\RD004\Box\知能情報処理システム研究室\音声\音声データベース\MSP_PODCAST\Audio\MSP-PODCAST_2347_0411.wav","C:\Users\RD004\Documents\lab\data\MSP_PODCAST\Audio\batch_040\MSP-PODCAST_2347_0411.wav"
"40","354","MSP-PODCAST_2347_0415.wav","SOURCE_ZERO_LENGTH","0","NotContentIndexed","-1","A","210","Development","C:\Users\RD004\Box\知能情報処理システム研究室\音声\音声データベース\MSP_PODCAST\Audio\MSP-PODCAST_2347_0415.wav","C:\Users\RD004\Documents\lab\data\MSP_PODCAST\Audio\batch_040\MSP-PODCAST_2347_0415.wav"
"40","355","MSP-PODCAST_2347_0417.wav","SOURCE_ZERO_LENGTH","0","NotContentIndexed","-1","A","210","Development","C:\Users\RD004\Box\知能情報処理システム研究室\音声\音声データベース\MSP_PODCAST\Audio\MSP-PODCAST_2347_0417.wav","C:\Users\RD004\Documents\lab\data\MSP_PODCAST\Audio\batch_040\MSP-PODCAST_2347_0417.wav"
"40","356","MSP-PODCAST_2347_0431.wav","SOURCE_ZERO_LENGTH","0","NotContentIndexed","-1","A","210","Development","C:\Users\RD004\Box\知能情報処理システム研究室\音声\音声データベース\MSP_PODCAST\Audio\MSP-PODCAST_2347_0431.wav","C:\Users\RD004\Documents\lab\data\MSP_PODCAST\Audio\batch_040\MSP-PODCAST_2347_0431.wav"
"40","357","MSP-PODCAST_2347_0432.wav","SOURCE_ZERO_LENGTH","0","NotContentIndexed","-1","A","210","Development","C:\Users\RD004\Box\知能情報処理システム研究室\音声\音声データベース\MSP_PODCAST\Audio\MSP-PODCAST_2347_0432.wav","C:\Users\RD004\Documents\lab\data\MSP_PODCAST\Audio\batch_040\MSP-PODCAST_2347_0432.wav"
"40","358","MSP-PODCAST_2347_0433.wav","SOURCE_ZERO_LENGTH","0","NotContentIndexed","-1","A","210","Development","C:\Users\RD004\Box\知能情報処理システム研究室\音声\音声データベース\MSP_PODCAST\Audio\MSP-PODCAST_2347_0433.wav","C:\Users\RD004\Documents\lab\data\MSP_PODCAST\Audio\batch_040\MSP-PODCAST_2347_0433.wav"
"40","359","MSP-PODCAST_2347_0435.wav","SOURCE_ZERO_LENGTH","0","NotContentIndexed","-1","A","210","Development","C:\Users\RD004\Box\知能情報処理システム研究室\音声\音声データベース\MSP_PODCAST\Audio\MSP-PODCAST_2347_0435.wav","C:\Users\RD004\Documents\lab\data\MSP_PODCAST\Audio\batch_040\MSP-PODCAST_2347_0435.wav"
"40","360","MSP-PODCAST_2347_0439.wav","SOURCE_ZERO_LENGTH","0","NotContentIndexed","-1","A","210","Development","C:\Users\RD004\Box\知能情報処理システム研究室\音声\音声データベース\MSP_PODCAST\Audio\MSP-PODCAST_2347_0439.wav","C:\Users\RD004\Documents\lab\data\MSP_PODCAST\Audio\batch_040\MSP-PODCAST_2347_0439.wav"
"40","361","MSP-PODCAST_2347_0443.wav","SOURCE_ZERO_LENGTH","0","NotContentIndexed","-1","A","210","Development","C:\Users\RD004\Box\知能情報処理システム研究室\音声\音声データベース\MSP_PODCAST\Audio\MSP-PODCAST_2347_0443.wav","C:\Users\RD004\Documents\lab\data\MSP_PODCAST\Audio\batch_040\MSP-PODCAST_2347_0443.wav"
"40","362","MSP-PODCAST_2347_0446.wav","SOURCE_ZERO_LENGTH","0","NotContentIndexed","-1","D","210","Development","C:\Users\RD004\Box\知能情報処理システム研究室\音声\音声データベース\MSP_PODCAST\Audio\MSP-PODCAST_2347_0446.wav","C:\Users\RD004\Documents\lab\data\MSP_PODCAST\Audio\batch_040\MSP-PODCAST_2347_0446.wav"
"40","363","MSP-PODCAST_2347_0449.wav","SOURCE_ZERO_LENGTH","0","NotContentIndexed","-1","H","210","Development","C:\Users\RD004\Box\知能情報処理システム研究室\音声\音声データベース\MSP_PODCAST\Audio\MSP-PODCAST_2347_0449.wav","C:\Users\RD004\Documents\lab\data\MSP_PODCAST\Audio\batch_040\MSP-PODCAST_2347_0449.wav"
"40","364","MSP-PODCAST_2347_0450.wav","SOURCE_ZERO_LENGTH","0","NotContentIndexed","-1","A","210","Development","C:\Users\RD004\Box\知能情報処理システム研究室\音声\音声データベース\MSP_PODCAST\Audio\MSP-PODCAST_2347_0450.wav","C:\Users\RD004\Documents\lab\data\MSP_PODCAST\Audio\batch_040\MSP-PODCAST_2347_0450.wav"
"40","365","MSP-PODCAST_2347_0457.wav","SOURCE_ZERO_LENGTH","0","NotContentIndexed","-1","A","210","Development","C:\Users\RD004\Box\知能情報処理システム研究室\音声\音声データベース\MSP_PODCAST\Audio\MSP-PODCAST_2347_0457.wav","C:\Users\RD004\Documents\lab\data\MSP_PODCAST\Audio\batch_040\MSP-PODCAST_2347_0457.wav"
"40","366","MSP-PODCAST_2347_0458.wav","SOURCE_ZERO_LENGTH","0","NotContentIndexed","-1","A","210","Development","C:\Users\RD004\Box\知能情報処理システム研究室\音声\音声データベース\MSP_PODCAST\Audio\MSP-PODCAST_2347_0458.wav","C:\Users\RD004\Documents\lab\data\MSP_PODCAST\Audio\batch_040\MSP-PODCAST_2347_0458.wav"
"40","367","MSP-PODCAST_2347_0465.wav","SOURCE_ZERO_LENGTH","0","NotContentIndexed","-1","A","210","Development","C:\Users\RD004\Box\知能情報処理システム研究室\音声\音声データベース\MSP_PODCAST\Audio\MSP-PODCAST_2347_0465.wav","C:\Users\RD004\Documents\lab\data\MSP_PODCAST\Audio\batch_040\MSP-PODCAST_2347_0465.wav"
"40","368","MSP-PODCAST_2347_0497.wav","SOURCE_ZERO_LENGTH","0","NotContentIndexed","-1","S","210","Development","C:\Users\RD004\Box\知能情報処理システム研究室\音声\音声データベース\MSP_PODCAST\Audio\MSP-PODCAST_2347_0497.wav","C:\Users\RD004\Documents\lab\data\MSP_PODCAST\Audio\batch_040\MSP-PODCAST_2347_0497.wav"
"40","369","MSP-PODCAST_2347_0500.wav","SOURCE_ZERO_LENGTH","0","NotContentIndexed","-1","A","210","Development","C:\Users\RD004\Box\知能情報処理システム研究室\音声\音声データベース\MSP_PODCAST\Audio\MSP-PODCAST_2347_0500.wav","C:\Users\RD004\Documents\lab\data\MSP_PODCAST\Audio\batch_040\MSP-PODCAST_2347_0500.wav"
"40","370","MSP-PODCAST_2347_0502.wav","SOURCE_ZERO_LENGTH","0","NotContentIndexed","-1","A","210","Development","C:\Users\RD004\Box\知能情報処理システム研究室\音声\音声データベース\MSP_PODCAST\Audio\MSP-PODCAST_2347_0502.wav","C:\Users\RD004\Documents\lab\data\MSP_PODCAST\Audio\batch_040\MSP-PODCAST_2347_0502.wav"
"40","371","MSP-PODCAST_2347_0524.wav","SOURCE_ZERO_LENGTH","0","NotContentIndexed","-1","H","210","Development","C:\Users\RD004\Box\知能情報処理システム研究室\音声\音声データベース\MSP_PODCAST\Audio\MSP-PODCAST_2347_0524.wav","C:\Users\RD004\Documents\lab\data\MSP_PODCAST\Audio\batch_040\MSP-PODCAST_2347_0524.wav"
"40","372","MSP-PODCAST_2347_0530.wav","SOURCE_ZERO_LENGTH","0","NotContentIndexed","-1","A","210","Development","C:\Users\RD004\Box\知能情報処理システム研究室\音声\音声データベース\MSP_PODCAST\Audio\MSP-PODCAST_2347_0530.wav","C:\Users\RD004\Documents\lab\data\MSP_PODCAST\Audio\batch_040\MSP-PODCAST_2347_0530.wav"
"40","373","MSP-PODCAST_2347_0531.wav","SOURCE_ZERO_LENGTH","0","NotContentIndexed","-1","A","210","Development","C:\Users\RD004\Box\知能情報処理システム研究室\音声\音声データベース\MSP_PODCAST\Audio\MSP-PODCAST_2347_0531.wav","C:\Users\RD004\Documents\lab\data\MSP_PODCAST\Audio\batch_040\MSP-PODCAST_2347_0531.wav"
"40","374","MSP-PODCAST_2347_0542.wav","SOURCE_ZERO_LENGTH","0","NotContentIndexed","-1","H","210","Development","C:\Users\RD004\Box\知能情報処理システム研究室\音声\音声データベース\MSP_PODCAST\Audio\MSP-PODCAST_2347_0542.wav","C:\Users\RD004\Documents\lab\data\MSP_PODCAST\Audio\batch_040\MSP-PODCAST_2347_0542.wav"
"40","375","MSP-PODCAST_2347_0544.wav","SOURCE_ZERO_LENGTH","0","NotContentIndexed","-1","A","210","Development","C:\Users\RD004\Box\知能情報処理システム研究室\音声\音声データベース\MSP_PODCAST\Audio\MSP-PODCAST_2347_0544.wav","C:\Users\RD004\Documents\lab\data\MSP_PODCAST\Audio\batch_040\MSP-PODCAST_2347_0544.wav"
"40","376","MSP-PODCAST_2347_0576.wav","SOURCE_ZERO_LENGTH","0","NotContentIndexed","-1","H","210","Development","C:\Users\RD004\Box\知能情報処理システム研究室\音声\音声データベース\MSP_PODCAST\Audio\MSP-PODCAST_2347_0576.wav","C:\Users\RD004\Documents\lab\data\MSP_PODCAST\Audio\batch_040\MSP-PODCAST_2347_0576.wav"
"40","377","MSP-PODCAST_2347_0613.wav","SOURCE_ZERO_LENGTH","0","NotContentIndexed","-1","A","210","Development","C:\Users\RD004\Box\知能情報処理システム研究室\音声\音声データベース\MSP_PODCAST\Audio\MSP-PODCAST_2347_0613.wav","C:\Users\RD004\Documents\lab\data\MSP_PODCAST\Audio\batch_040\MSP-PODCAST_2347_0613.wav"
"40","378","MSP-PODCAST_2347_0616.wav","SOURCE_ZERO_LENGTH","0","NotContentIndexed","-1","A","210","Development","C:\Users\RD004\Box\知能情報処理システム研究室\音声\音声データベース\MSP_PODCAST\Audio\MSP-PODCAST_2347_0616.wav","C:\Users\RD004\Documents\lab\data\MSP_PODCAST\Audio\batch_040\MSP-PODCAST_2347_0616.wav"
"40","379","MSP-PODCAST_2347_0621.wav","SOURCE_ZERO_LENGTH","0","NotContentIndexed","-1","A","210","Development","C:\Users\RD004\Box\知能情報処理システム研究室\音声\音声データベース\MSP_PODCAST\Audio\MSP-PODCAST_2347_0621.wav","C:\Users\RD004\Documents\lab\data\MSP_PODCAST\Audio\batch_040\MSP-PODCAST_2347_0621.wav"
"40","380","MSP-PODCAST_2347_0623.wav","SOURCE_ZERO_LENGTH","0","NotContentIndexed","-1","H","210","Development","C:\Users\RD004\Box\知能情報処理システム研究室\音声\音声データベース\MSP_PODCAST\Audio\MSP-PODCAST_2347_0623.wav","C:\Users\RD004\Documents\lab\data\MSP_PODCAST\Audio\batch_040\MSP-PODCAST_2347_0623.wav"
"40","381","MSP-PODCAST_2347_0629.wav","SOURCE_ZERO_LENGTH","0","NotContentIndexed","-1","A","210","Development","C:\Users\RD004\Box\知能情報処理システム研究室\音声\音声データベース\MSP_PODCAST\Audio\MSP-PODCAST_2347_0629.wav","C:\Users\RD004\Documents\lab\data\MSP_PODCAST\Audio\batch_040\MSP-PODCAST_2347_0629.wav"
"40","382","MSP-PODCAST_2347_0636.wav","SOURCE_ZERO_LENGTH","0","NotContentIndexed","-1","A","210","Development","C:\Users\RD004\Box\知能情報処理システム研究室\音声\音声データベース\MSP_PODCAST\Audio\MSP-PODCAST_2347_0636.wav","C:\Users\RD004\Documents\lab\data\MSP_PODCAST\Audio\batch_040\MSP-PODCAST_2347_0636.wav"
"40","383","MSP-PODCAST_2347_0644.wav","SOURCE_ZERO_LENGTH","0","NotContentIndexed","-1","H","210","Development","C:\Users\RD004\Box\知能情報処理システム研究室\音声\音声データベース\MSP_PODCAST\Audio\MSP-PODCAST_2347_0644.wav","C:\Users\RD004\Documents\lab\data\MSP_PODCAST\Audio\batch_040\MSP-PODCAST_2347_0644.wav"
"40","384","MSP-PODCAST_2347_0672.wav","SOURCE_ZERO_LENGTH","0","NotContentIndexed","-1","H","210","Development","C:\Users\RD004\Box\知能情報処理システム研究室\音声\音声データベース\MSP_PODCAST\Audio\MSP-PODCAST_2347_0672.wav","C:\Users\RD004\Documents\lab\data\MSP_PODCAST\Audio\batch_040\MSP-PODCAST_2347_0672.wav"
"40","385","MSP-PODCAST_2347_0715.wav","SOURCE_ZERO_LENGTH","0","NotContentIndexed","-1","H","210","Development","C:\Users\RD004\Box\知能情報処理システム研究室\音声\音声データベース\MSP_PODCAST\Audio\MSP-PODCAST_2347_0715.wav","C:\Users\RD004\Documents\lab\data\MSP_PODCAST\Audio\batch_040\MSP-PODCAST_2347_0715.wav"
"40","386","MSP-PODCAST_2347_0719.wav","SOURCE_ZERO_LENGTH","0","NotContentIndexed","-1","A","210","Development","C:\Users\RD004\Box\知能情報処理システム研究室\音声\音声データベース\MSP_PODCAST\Audio\MSP-PODCAST_2347_0719.wav","C:\Users\RD004\Documents\lab\data\MSP_PODCAST\Audio\batch_040\MSP-PODCAST_2347_0719.wav"
"40","387","MSP-PODCAST_2347_0721.wav","SOURCE_ZERO_LENGTH","0","NotContentIndexed","-1","A","210","Development","C:\Users\RD004\Box\知能情報処理システム研究室\音声\音声データベース\MSP_PODCAST\Audio\MSP-PODCAST_2347_0721.wav","C:\Users\RD004\Documents\lab\data\MSP_PODCAST\Audio\batch_040\MSP-PODCAST_2347_0721.wav"
"40","388","MSP-PODCAST_2347_0723.wav","SOURCE_ZERO_LENGTH","0","NotContentIndexed","-1","A","210","Development","C:\Users\RD004\Box\知能情報処理システム研究室\音声\音声データベース\MSP_PODCAST\Audio\MSP-PODCAST_2347_0723.wav","C:\Users\RD004\Documents\lab\data\MSP_PODCAST\Audio\batch_040\MSP-PODCAST_2347_0723.wav"
"40","389","MSP-PODCAST_2347_0727.wav","SOURCE_ZERO_LENGTH","0","NotContentIndexed","-1","A","210","Development","C:\Users\RD004\Box\知能情報処理システム研究室\音声\音声データベース\MSP_PODCAST\Audio\MSP-PODCAST_2347_0727.wav","C:\Users\RD004\Documents\lab\data\MSP_PODCAST\Audio\batch_040\MSP-PODCAST_2347_0727.wav"
"40","390","MSP-PODCAST_2347_0769.wav","SOURCE_ZERO_LENGTH","0","NotContentIndexed","-1","A","210","Development","C:\Users\RD004\Box\知能情報処理システム研究室\音声\音声データベース\MSP_PODCAST\Audio\MSP-PODCAST_2347_0769.wav","C:\Users\RD004\Documents\lab\data\MSP_PODCAST\Audio\batch_040\MSP-PODCAST_2347_0769.wav"
"40","391","MSP-PODCAST_2347_0771.wav","SOURCE_ZERO_LENGTH","0","NotContentIndexed","-1","A","210","Development","C:\Users\RD004\Box\知能情報処理システム研究室\音声\音声データベース\MSP_PODCAST\Audio\MSP-PODCAST_2347_0771.wav","C:\Users\RD004\Documents\lab\data\MSP_PODCAST\Audio\batch_040\MSP-PODCAST_2347_0771.wav"
"40","392","MSP-PODCAST_2347_0773.wav","SOURCE_ZERO_LENGTH","0","NotContentIndexed","-1","A","210","Development","C:\Users\RD004\Box\知能情報処理システム研究室\音声\音声データベース\MSP_PODCAST\Audio\MSP-PODCAST_2347_0773.wav","C:\Users\RD004\Documents\lab\data\MSP_PODCAST\Audio\batch_040\MSP-PODCAST_2347_0773.wav"
"40","393","MSP-PODCAST_2347_0774.wav","SOURCE_ZERO_LENGTH","0","NotContentIndexed","-1","A","210","Development","C:\Users\RD004\Box\知能情報処理システム研究室\音声\音声データベース\MSP_PODCAST\Audio\MSP-PODCAST_2347_0774.wav","C:\Users\RD004\Documents\lab\data\MSP_PODCAST\Audio\batch_040\MSP-PODCAST_2347_0774.wav"
"40","394","MSP-PODCAST_2347_0778.wav","SOURCE_ZERO_LENGTH","0","NotContentIndexed","-1","D","210","Development","C:\Users\RD004\Box\知能情報処理システム研究室\音声\音声データベース\MSP_PODCAST\Audio\MSP-PODCAST_2347_0778.wav","C:\Users\RD004\Documents\lab\data\MSP_PODCAST\Audio\batch_040\MSP-PODCAST_2347_0778.wav"
"40","395","MSP-PODCAST_2347_0779.wav","SOURCE_ZERO_LENGTH","0","NotContentIndexed","-1","A","210","Development","C:\Users\RD004\Box\知能情報処理システム研究室\音声\音声データベース\MSP_PODCAST\Audio\MSP-PODCAST_2347_0779.wav","C:\Users\RD004\Documents\lab\data\MSP_PODCAST\Audio\batch_040\MSP-PODCAST_2347_0779.wav"
"40","396","MSP-PODCAST_2347_0780.wav","SOURCE_ZERO_LENGTH","0","NotContentIndexed","-1","A","210","Development","C:\Users\RD004\Box\知能情報処理システム研究室\音声\音声データベース\MSP_PODCAST\Audio\MSP-PODCAST_2347_0780.wav","C:\Users\RD004\Documents\lab\data\MSP_PODCAST\Audio\batch_040\MSP-PODCAST_2347_0780.wav"
"40","397","MSP-PODCAST_2347_0802.wav","SOURCE_ZERO_LENGTH","0","NotContentIndexed","-1","S","210","Development","C:\Users\RD004\Box\知能情報処理システム研究室\音声\音声データベース\MSP_PODCAST\Audio\MSP-PODCAST_2347_0802.wav","C:\Users\RD004\Documents\lab\data\MSP_PODCAST\Audio\batch_040\MSP-PODCAST_2347_0802.wav"
"40","398","MSP-PODCAST_2347_0826.wav","SOURCE_ZERO_LENGTH","0","NotContentIndexed","-1","A","210","Development","C:\Users\RD004\Box\知能情報処理システム研究室\音声\音声データベース\MSP_PODCAST\Audio\MSP-PODCAST_2347_0826.wav","C:\Users\RD004\Documents\lab\data\MSP_PODCAST\Audio\batch_040\MSP-PODCAST_2347_0826.wav"
"40","399","MSP-PODCAST_2347_0839.wav","SOURCE_ZERO_LENGTH","0","NotContentIndexed","-1","A","210","Development","C:\Users\RD004\Box\知能情報処理システム研究室\音声\音声データベース\MSP_PODCAST\Audio\MSP-PODCAST_2347_0839.wav","C:\Users\RD004\Documents\lab\data\MSP_PODCAST\Audio\batch_040\MSP-PODCAST_2347_0839.wav"
"40","400","MSP-PODCAST_2347_0845.wav","SOURCE_ZERO_LENGTH","0","NotContentIndexed","-1","D","210","Development","C:\Users\RD004\Box\知能情報処理システム研究室\音声\音声データベース\MSP_PODCAST\Audio\MSP-PODCAST_2347_0845.wav","C:\Users\RD004\Documents\lab\data\MSP_PODCAST\Audio\batch_040\MSP-PODCAST_2347_0845.wav"
"40","401","MSP-PODCAST_2347_0853.wav","SOURCE_ZERO_LENGTH","0","NotContentIndexed","-1","A","210","Development","C:\Users\RD004\Box\知能情報処理システム研究室\音声\音声データベース\MSP_PODCAST\Audio\MSP-PODCAST_2347_0853.wav","C:\Users\RD004\Documents\lab\data\MSP_PODCAST\Audio\batch_040\MSP-PODCAST_2347_0853.wav"
"40","402","MSP-PODCAST_2347_0886.wav","SOURCE_ZERO_LENGTH","0","NotContentIndexed","-1","A","210","Development","C:\Users\RD004\Box\知能情報処理システム研究室\音声\音声データベース\MSP_PODCAST\Audio\MSP-PODCAST_2347_0886.wav","C:\Users\RD004\Documents\lab\data\MSP_PODCAST\Audio\batch_040\MSP-PODCAST_2347_0886.wav"
"40","403","MSP-PODCAST_2347_0917.wav","SOURCE_ZERO_LENGTH","0","NotContentIndexed","-1","A","210","Development","C:\Users\RD004\Box\知能情報処理システム研究室\音声\音声データベース\MSP_PODCAST\Audio\MSP-PODCAST_2347_0917.wav","C:\Users\RD004\Documents\lab\data\MSP_PODCAST\Audio\batch_040\MSP-PODCAST_2347_0917.wav"
"40","404","MSP-PODCAST_2347_0920.wav","SOURCE_ZERO_LENGTH","0","NotContentIndexed","-1","A","210","Development","C:\Users\RD004\Box\知能情報処理システム研究室\音声\音声データベース\MSP_PODCAST\Audio\MSP-PODCAST_2347_0920.wav","C:\Users\RD004\Documents\lab\data\MSP_PODCAST\Audio\batch_040\MSP-PODCAST_2347_0920.wav"
"40","405","MSP-PODCAST_2347_0926.wav","SOURCE_ZERO_LENGTH","0","NotContentIndexed","-1","H","210","Development","C:\Users\RD004\Box\知能情報処理システム研究室\音声\音声データベース\MSP_PODCAST\Audio\MSP-PODCAST_2347_0926.wav","C:\Users\RD004\Documents\lab\data\MSP_PODCAST\Audio\batch_040\MSP-PODCAST_2347_0926.wav"
"40","406","MSP-PODCAST_2347_0927.wav","SOURCE_ZERO_LENGTH","0","NotContentIndexed","-1","A","210","Development","C:\Users\RD004\Box\知能情報処理システム研究室\音声\音声データベース\MSP_PODCAST\Audio\MSP-PODCAST_2347_0927.wav","C:\Users\RD004\Documents\lab\data\MSP_PODCAST\Audio\batch_040\MSP-PODCAST_2347_0927.wav"
"40","407","MSP-PODCAST_2347_0955.wav","SOURCE_ZERO_LENGTH","0","NotContentIndexed","-1","S","210","Development","C:\Users\RD004\Box\知能情報処理システム研究室\音声\音声データベース\MSP_PODCAST\Audio\MSP-PODCAST_2347_0955.wav","C:\Users\RD004\Documents\lab\data\MSP_PODCAST\Audio\batch_040\MSP-PODCAST_2347_0955.wav"
"40","408","MSP-PODCAST_2347_0973.wav","SOURCE_ZERO_LENGTH","0","NotContentIndexed","-1","S","210","Development","C:\Users\RD004\Box\知能情報処理システム研究室\音声\音声データベース\MSP_PODCAST\Audio\MSP-PODCAST_2347_0973.wav","C:\Users\RD004\Documents\lab\data\MSP_PODCAST\Audio\batch_040\MSP-PODCAST_2347_0973.wav"
"40","409","MSP-PODCAST_2347_0974.wav","SOURCE_ZERO_LENGTH","0","NotContentIndexed","-1","A","210","Development","C:\Users\RD004\Box\知能情報処理システム研究室\音声\音声データベース\MSP_PODCAST\Audio\MSP-PODCAST_2347_0974.wav","C:\Users\RD004\Documents\lab\data\MSP_PODCAST\Audio\batch_040\MSP-PODCAST_2347_0974.wav"
"40","410","MSP-PODCAST_2347_0975.wav","SOURCE_ZERO_LENGTH","0","NotContentIndexed","-1","A","210","Development","C:\Users\RD004\Box\知能情報処理システム研究室\音声\音声データベース\MSP_PODCAST\Audio\MSP-PODCAST_2347_0975.wav","C:\Users\RD004\Documents\lab\data\MSP_PODCAST\Audio\batch_040\MSP-PODCAST_2347_0975.wav"
"40","411","MSP-PODCAST_2347_0988.wav","SOURCE_ZERO_LENGTH","0","NotContentIndexed","-1","A","210","Development","C:\Users\RD004\Box\知能情報処理システム研究室\音声\音声データベース\MSP_PODCAST\Audio\MSP-PODCAST_2347_0988.wav","C:\Users\RD004\Documents\lab\data\MSP_PODCAST\Audio\batch_040\MSP-PODCAST_2347_0988.wav"
"40","412","MSP-PODCAST_2347_0989.wav","SOURCE_ZERO_LENGTH","0","NotContentIndexed","-1","A","210","Development","C:\Users\RD004\Box\知能情報処理システム研究室\音声\音声データベース\MSP_PODCAST\Audio\MSP-PODCAST_2347_0989.wav","C:\Users\RD004\Documents\lab\data\MSP_PODCAST\Audio\batch_040\MSP-PODCAST_2347_0989.wav"
"40","413","MSP-PODCAST_2347_1003.wav","SOURCE_ZERO_LENGTH","0","NotContentIndexed","-1","A","210","Development","C:\Users\RD004\Box\知能情報処理システム研究室\音声\音声データベース\MSP_PODCAST\Audio\MSP-PODCAST_2347_1003.wav","C:\Users\RD004\Documents\lab\data\MSP_PODCAST\Audio\batch_040\MSP-PODCAST_2347_1003.wav"
"40","414","MSP-PODCAST_2347_1005.wav","SOURCE_ZERO_LENGTH","0","NotContentIndexed","-1","D","210","Development","C:\Users\RD004\Box\知能情報処理システム研究室\音声\音声データベース\MSP_PODCAST\Audio\MSP-PODCAST_2347_1005.wav","C:\Users\RD004\Documents\lab\data\MSP_PODCAST\Audio\batch_040\MSP-PODCAST_2347_1005.wav"
"40","415","MSP-PODCAST_2347_1014.wav","SOURCE_ZERO_LENGTH","0","NotContentIndexed","-1","A","210","Development","C:\Users\RD004\Box\知能情報処理システム研究室\音声\音声データベース\MSP_PODCAST\Audio\MSP-PODCAST_2347_1014.wav","C:\Users\RD004\Documents\lab\data\MSP_PODCAST\Audio\batch_040\MSP-PODCAST_2347_1014.wav"
"40","416","MSP-PODCAST_2347_1046.wav","SOURCE_ZERO_LENGTH","0","NotContentIndexed","-1","A","210","Development","C:\Users\RD004\Box\知能情報処理システム研究室\音声\音声データベース\MSP_PODCAST\Audio\MSP-PODCAST_2347_1046.wav","C:\Users\RD004\Documents\lab\data\MSP_PODCAST\Audio\batch_040\MSP-PODCAST_2347_1046.wav"
"40","417","MSP-PODCAST_2347_1048.wav","SOURCE_ZERO_LENGTH","0","NotContentIndexed","-1","D","210","Development","C:\Users\RD004\Box\知能情報処理システム研究室\音声\音声データベース\MSP_PODCAST\Audio\MSP-PODCAST_2347_1048.wav","C:\Users\RD004\Documents\lab\data\MSP_PODCAST\Audio\batch_040\MSP-PODCAST_2347_1048.wav"
"40","418","MSP-PODCAST_2347_1078.wav","SOURCE_ZERO_LENGTH","0","NotContentIndexed","-1","A","210","Development","C:\Users\RD004\Box\知能情報処理システム研究室\音声\音声データベース\MSP_PODCAST\Audio\MSP-PODCAST_2347_1078.wav","C:\Users\RD004\Documents\lab\data\MSP_PODCAST\Audio\batch_040\MSP-PODCAST_2347_1078.wav"
"40","419","MSP-PODCAST_2347_1085.wav","SOURCE_ZERO_LENGTH","0","NotContentIndexed","-1","A","210","Development","C:\Users\RD004\Box\知能情報処理システム研究室\音声\音声データベース\MSP_PODCAST\Audio\MSP-PODCAST_2347_1085.wav","C:\Users\RD004\Documents\lab\data\MSP_PODCAST\Audio\batch_040\MSP-PODCAST_2347_1085.wav"
"40","420","MSP-PODCAST_2347_1105.wav","SOURCE_ZERO_LENGTH","0","NotContentIndexed","-1","A","210","Development","C:\Users\RD004\Box\知能情報処理システム研究室\音声\音声データベース\MSP_PODCAST\Audio\MSP-PODCAST_2347_1105.wav","C:\Users\RD004\Documents\lab\data\MSP_PODCAST\Audio\batch_040\MSP-PODCAST_2347_1105.wav"
"40","421","MSP-PODCAST_2347_1108.wav","SOURCE_ZERO_LENGTH","0","NotContentIndexed","-1","A","210","Development","C:\Users\RD004\Box\知能情報処理システム研究室\音声\音声データベース\MSP_PODCAST\Audio\MSP-PODCAST_2347_1108.wav","C:\Users\RD004\Documents\lab\data\MSP_PODCAST\Audio\batch_040\MSP-PODCAST_2347_1108.wav"
"40","422","MSP-PODCAST_2347_1111.wav","SOURCE_ZERO_LENGTH","0","NotContentIndexed","-1","A","210","Development","C:\Users\RD004\Box\知能情報処理システム研究室\音声\音声データベース\MSP_PODCAST\Audio\MSP-PODCAST_2347_1111.wav","C:\Users\RD004\Documents\lab\data\MSP_PODCAST\Audio\batch_040\MSP-PODCAST_2347_1111.wav"
"40","423","MSP-PODCAST_2347_1116.wav","SOURCE_ZERO_LENGTH","0","NotContentIndexed","-1","A","210","Development","C:\Users\RD004\Box\知能情報処理システム研究室\音声\音声データベース\MSP_PODCAST\Audio\MSP-PODCAST_2347_1116.wav","C:\Users\RD004\Documents\lab\data\MSP_PODCAST\Audio\batch_040\MSP-PODCAST_2347_1116.wav"
"40","424","MSP-PODCAST_2347_1126.wav","SOURCE_ZERO_LENGTH","0","NotContentIndexed","-1","S","210","Development","C:\Users\RD004\Box\知能情報処理システム研究室\音声\音声データベース\MSP_PODCAST\Audio\MSP-PODCAST_2347_1126.wav","C:\Users\RD004\Documents\lab\data\MSP_PODCAST\Audio\batch_040\MSP-PODCAST_2347_1126.wav"
"40","425","MSP-PODCAST_2347_1138.wav","SOURCE_ZERO_LENGTH","0","NotContentIndexed","-1","S","210","Development","C:\Users\RD004\Box\知能情報処理システム研究室\音声\音声データベース\MSP_PODCAST\Audio\MSP-PODCAST_2347_1138.wav","C:\Users\RD004\Documents\lab\data\MSP_PODCAST\Audio\batch_040\MSP-PODCAST_2347_1138.wav"
"40","426","MSP-PODCAST_2347_1146.wav","SOURCE_ZERO_LENGTH","0","NotContentIndexed","-1","S","210","Development","C:\Users\RD004\Box\知能情報処理システム研究室\音声\音声データベース\MSP_PODCAST\Audio\MSP-PODCAST_2347_1146.wav","C:\Users\RD004\Documents\lab\data\MSP_PODCAST\Audio\batch_040\MSP-PODCAST_2347_1146.wav"
"40","427","MSP-PODCAST_2347_1152.wav","SOURCE_ZERO_LENGTH","0","NotContentIndexed","-1","S","210","Development","C:\Users\RD004\Box\知能情報処理システム研究室\音声\音声データベース\MSP_PODCAST\Audio\MSP-PODCAST_2347_1152.wav","C:\Users\RD004\Documents\lab\data\MSP_PODCAST\Audio\batch_040\MSP-PODCAST_2347_1152.wav"
"40","428","MSP-PODCAST_2347_1182.wav","SOURCE_ZERO_LENGTH","0","NotContentIndexed","-1","A","210","Development","C:\Users\RD004\Box\知能情報処理システム研究室\音声\音声データベース\MSP_PODCAST\Audio\MSP-PODCAST_2347_1182.wav","C:\Users\RD004\Documents\lab\data\MSP_PODCAST\Audio\batch_040\MSP-PODCAST_2347_1182.wav"
"40","429","MSP-PODCAST_2347_1184.wav","SOURCE_ZERO_LENGTH","0","NotContentIndexed","-1","D","210","Development","C:\Users\RD004\Box\知能情報処理システム研究室\音声\音声データベース\MSP_PODCAST\Audio\MSP-PODCAST_2347_1184.wav","C:\Users\RD004\Documents\lab\data\MSP_PODCAST\Audio\batch_040\MSP-PODCAST_2347_1184.wav"
"40","430","MSP-PODCAST_2347_1220.wav","SOURCE_ZERO_LENGTH","0","NotContentIndexed","-1","A","210","Development","C:\Users\RD004\Box\知能情報処理システム研究室\音声\音声データベース\MSP_PODCAST\Audio\MSP-PODCAST_2347_1220.wav","C:\Users\RD004\Documents\lab\data\MSP_PODCAST\Audio\batch_040\MSP-PODCAST_2347_1220.wav"
"40","431","MSP-PODCAST_2347_1221.wav","SOURCE_ZERO_LENGTH","0","NotContentIndexed","-1","A","210","Development","C:\Users\RD004\Box\知能情報処理システム研究室\音声\音声データベース\MSP_PODCAST\Audio\MSP-PODCAST_2347_1221.wav","C:\Users\RD004\Documents\lab\data\MSP_PODCAST\Audio\batch_040\MSP-PODCAST_2347_1221.wav"
"40","432","MSP-PODCAST_2347_1225.wav","SOURCE_ZERO_LENGTH","0","NotContentIndexed","-1","A","210","Development","C:\Users\RD004\Box\知能情報処理システム研究室\音声\音声データベース\MSP_PODCAST\Audio\MSP-PODCAST_2347_1225.wav","C:\Users\RD004\Documents\lab\data\MSP_PODCAST\Audio\batch_040\MSP-PODCAST_2347_1225.wav"
"40","433","MSP-PODCAST_2347_1240.wav","SOURCE_ZERO_LENGTH","0","NotContentIndexed","-1","A","210","Development","C:\Users\RD004\Box\知能情報処理システム研究室\音声\音声データベース\MSP_PODCAST\Audio\MSP-PODCAST_2347_1240.wav","C:\Users\RD004\Documents\lab\data\MSP_PODCAST\Audio\batch_040\MSP-PODCAST_2347_1240.wav"
"40","434","MSP-PODCAST_2347_1242.wav","SOURCE_ZERO_LENGTH","0","NotContentIndexed","-1","H","210","Development","C:\Users\RD004\Box\知能情報処理システム研究室\音声\音声データベース\MSP_PODCAST\Audio\MSP-PODCAST_2347_1242.wav","C:\Users\RD004\Documents\lab\data\MSP_PODCAST\Audio\batch_040\MSP-PODCAST_2347_1242.wav"
"40","435","MSP-PODCAST_2347_1261.wav","SOURCE_ZERO_LENGTH","0","NotContentIndexed","-1","A","210","Development","C:\Users\RD004\Box\知能情報処理システム研究室\音声\音声データベース\MSP_PODCAST\Audio\MSP-PODCAST_2347_1261.wav","C:\Users\RD004\Documents\lab\data\MSP_PODCAST\Audio\batch_040\MSP-PODCAST_2347_1261.wav"
"40","436","MSP-PODCAST_2347_1301.wav","SOURCE_ZERO_LENGTH","0","NotContentIndexed","-1","S","210","Development","C:\Users\RD004\Box\知能情報処理システム研究室\音声\音声データベース\MSP_PODCAST\Audio\MSP-PODCAST_2347_1301.wav","C:\Users\RD004\Documents\lab\data\MSP_PODCAST\Audio\batch_040\MSP-PODCAST_2347_1301.wav"
"40","437","MSP-PODCAST_2347_1320.wav","SOURCE_ZERO_LENGTH","0","NotContentIndexed","-1","A","210","Development","C:\Users\RD004\Box\知能情報処理システム研究室\音声\音声データベース\MSP_PODCAST\Audio\MSP-PODCAST_2347_1320.wav","C:\Users\RD004\Documents\lab\data\MSP_PODCAST\Audio\batch_040\MSP-PODCAST_2347_1320.wav"
"40","438","MSP-PODCAST_2347_1325.wav","SOURCE_ZERO_LENGTH","0","NotContentIndexed","-1","A","210","Development","C:\Users\RD004\Box\知能情報処理システム研究室\音声\音声データベース\MSP_PODCAST\Audio\MSP-PODCAST_2347_1325.wav","C:\Users\RD004\Documents\lab\data\MSP_PODCAST\Audio\batch_040\MSP-PODCAST_2347_1325.wav"
"40","439","MSP-PODCAST_2347_1337.wav","SOURCE_ZERO_LENGTH","0","NotContentIndexed","-1","A","210","Development","C:\Users\RD004\Box\知能情報処理システム研究室\音声\音声データベース\MSP_PODCAST\Audio\MSP-PODCAST_2347_1337.wav","C:\Users\RD004\Documents\lab\data\MSP_PODCAST\Audio\batch_040\MSP-PODCAST_2347_1337.wav"
"40","440","MSP-PODCAST_2347_1338.wav","SOURCE_ZERO_LENGTH","0","NotContentIndexed","-1","S","210","Development","C:\Users\RD004\Box\知能情報処理システム研究室\音声\音声データベース\MSP_PODCAST\Audio\MSP-PODCAST_2347_1338.wav","C:\Users\RD004\Documents\lab\data\MSP_PODCAST\Audio\batch_040\MSP-PODCAST_2347_1338.wav"
"40","441","MSP-PODCAST_2347_1343.wav","SOURCE_ZERO_LENGTH","0","NotContentIndexed","-1","A","210","Development","C:\Users\RD004\Box\知能情報処理システム研究室\音声\音声データベース\MSP_PODCAST\Audio\MSP-PODCAST_2347_1343.wav","C:\Users\RD004\Documents\lab\data\MSP_PODCAST\Audio\batch_040\MSP-PODCAST_2347_1343.wav"
"40","442","MSP-PODCAST_2347_1344.wav","SOURCE_ZERO_LENGTH","0","NotContentIndexed","-1","D","210","Development","C:\Users\RD004\Box\知能情報処理システム研究室\音声\音声データベース\MSP_PODCAST\Audio\MSP-PODCAST_2347_1344.wav","C:\Users\RD004\Documents\lab\data\MSP_PODCAST\Audio\batch_040\MSP-PODCAST_2347_1344.wav"
"40","443","MSP-PODCAST_2347_1346.wav","SOURCE_ZERO_LENGTH","0","NotContentIndexed","-1","S","210","Development","C:\Users\RD004\Box\知能情報処理システム研究室\音声\音声データベース\MSP_PODCAST\Audio\MSP-PODCAST_2347_1346.wav","C:\Users\RD004\Documents\lab\data\MSP_PODCAST\Audio\batch_040\MSP-PODCAST_2347_1346.wav"
"40","444","MSP-PODCAST_2347_1354.wav","SOURCE_ZERO_LENGTH","0","NotContentIndexed","-1","A","210","Development","C:\Users\RD004\Box\知能情報処理システム研究室\音声\音声データベース\MSP_PODCAST\Audio\MSP-PODCAST_2347_1354.wav","C:\Users\RD004\Documents\lab\data\MSP_PODCAST\Audio\batch_040\MSP-PODCAST_2347_1354.wav"
"40","445","MSP-PODCAST_2347_1459.wav","SOURCE_ZERO_LENGTH","0","NotContentIndexed","-1","A","210","Development","C:\Users\RD004\Box\知能情報処理システム研究室\音声\音声データベース\MSP_PODCAST\Audio\MSP-PODCAST_2347_1459.wav","C:\Users\RD004\Documents\lab\data\MSP_PODCAST\Audio\batch_040\MSP-PODCAST_2347_1459.wav"
"40","446","MSP-PODCAST_2347_1460.wav","SOURCE_ZERO_LENGTH","0","NotContentIndexed","-1","A","210","Development","C:\Users\RD004\Box\知能情報処理システム研究室\音声\音声データベース\MSP_PODCAST\Audio\MSP-PODCAST_2347_1460.wav","C:\Users\RD004\Documents\lab\data\MSP_PODCAST\Audio\batch_040\MSP-PODCAST_2347_1460.wav"
"40","447","MSP-PODCAST_2347_1505.wav","SOURCE_ZERO_LENGTH","0","NotContentIndexed","-1","A","210","Development","C:\Users\RD004\Box\知能情報処理システム研究室\音声\音声データベース\MSP_PODCAST\Audio\MSP-PODCAST_2347_1505.wav","C:\Users\RD004\Documents\lab\data\MSP_PODCAST\Audio\batch_040\MSP-PODCAST_2347_1505.wav"
"40","448","MSP-PODCAST_2347_1533.wav","SOURCE_ZERO_LENGTH","0","NotContentIndexed","-1","H","210","Development","C:\Users\RD004\Box\知能情報処理システム研究室\音声\音声データベース\MSP_PODCAST\Audio\MSP-PODCAST_2347_1533.wav","C:\Users\RD004\Documents\lab\data\MSP_PODCAST\Audio\batch_040\MSP-PODCAST_2347_1533.wav"
"40","449","MSP-PODCAST_2347_1541.wav","SOURCE_ZERO_LENGTH","0","NotContentIndexed","-1","A","210","Development","C:\Users\RD004\Box\知能情報処理システム研究室\音声\音声データベース\MSP_PODCAST\Audio\MSP-PODCAST_2347_1541.wav","C:\Users\RD004\Documents\lab\data\MSP_PODCAST\Audio\batch_040\MSP-PODCAST_2347_1541.wav"
"40","450","MSP-PODCAST_2347_1555.wav","SOURCE_ZERO_LENGTH","0","NotContentIndexed","-1","H","210","Development","C:\Users\RD004\Box\知能情報処理システム研究室\音声\音声データベース\MSP_PODCAST\Audio\MSP-PODCAST_2347_1555.wav","C:\Users\RD004\Documents\lab\data\MSP_PODCAST\Audio\batch_040\MSP-PODCAST_2347_1555.wav"
"40","451","MSP-PODCAST_2347_1582.wav","SOURCE_ZERO_LENGTH","0","NotContentIndexed","-1","D","210","Development","C:\Users\RD004\Box\知能情報処理システム研究室\音声\音声データベース\MSP_PODCAST\Audio\MSP-PODCAST_2347_1582.wav","C:\Users\RD004\Documents\lab\data\MSP_PODCAST\Audio\batch_040\MSP-PODCAST_2347_1582.wav"
"40","452","MSP-PODCAST_2347_1606.wav","SOURCE_ZERO_LENGTH","0","NotContentIndexed","-1","H","210","Development","C:\Users\RD004\Box\知能情報処理システム研究室\音声\音声データベース\MSP_PODCAST\Audio\MSP-PODCAST_2347_1606.wav","C:\Users\RD004\Documents\lab\data\MSP_PODCAST\Audio\batch_040\MSP-PODCAST_2347_1606.wav"
"40","453","MSP-PODCAST_2347_1617.wav","SOURCE_ZERO_LENGTH","0","NotContentIndexed","-1","H","1243","Train","C:\Users\RD004\Box\知能情報処理システム研究室\音声\音声データベース\MSP_PODCAST\Audio\MSP-PODCAST_2347_1617.wav","C:\Users\RD004\Documents\lab\data\MSP_PODCAST\Audio\batch_040\MSP-PODCAST_2347_1617.wav"
"40","454","MSP-PODCAST_2347_1618.wav","SOURCE_ZERO_LENGTH","0","NotContentIndexed","-1","A","1243","Train","C:\Users\RD004\Box\知能情報処理システム研究室\音声\音声データベース\MSP_PODCAST\Audio\MSP-PODCAST_2347_1618.wav","C:\Users\RD004\Documents\lab\data\MSP_PODCAST\Audio\batch_040\MSP-PODCAST_2347_1618.wav"
"40","455","MSP-PODCAST_2347_1626.wav","SOURCE_ZERO_LENGTH","0","NotContentIndexed","-1","A","1243","Train","C:\Users\RD004\Box\知能情報処理システム研究室\音声\音声データベース\MSP_PODCAST\Audio\MSP-PODCAST_2347_1626.wav","C:\Users\RD004\Documents\lab\data\MSP_PODCAST\Audio\batch_040\MSP-PODCAST_2347_1626.wav"
"40","456","MSP-PODCAST_2347_1628.wav","SOURCE_ZERO_LENGTH","0","NotContentIndexed","-1","A","1243","Train","C:\Users\RD004\Box\知能情報処理システム研究室\音声\音声データベース\MSP_PODCAST\Audio\MSP-PODCAST_2347_1628.wav","C:\Users\RD004\Documents\lab\data\MSP_PODCAST\Audio\batch_040\MSP-PODCAST_2347_1628.wav"
"40","457","MSP-PODCAST_2347_1630.wav","SOURCE_ZERO_LENGTH","0","NotContentIndexed","-1","A","1243","Train","C:\Users\RD004\Box\知能情報処理システム研究室\音声\音声データベース\MSP_PODCAST\Audio\MSP-PODCAST_2347_1630.wav","C:\Users\RD004\Documents\lab\data\MSP_PODCAST\Audio\batch_040\MSP-PODCAST_2347_1630.wav"
"40","458","MSP-PODCAST_2347_1633.wav","SOURCE_ZERO_LENGTH","0","NotContentIndexed","-1","A","1243","Train","C:\Users\RD004\Box\知能情報処理システム研究室\音声\音声データベース\MSP_PODCAST\Audio\MSP-PODCAST_2347_1633.wav","C:\Users\RD004\Documents\lab\data\MSP_PODCAST\Audio\batch_040\MSP-PODCAST_2347_1633.wav"
"40","459","MSP-PODCAST_2347_1640.wav","SOURCE_ZERO_LENGTH","0","NotContentIndexed","-1","A","1243","Train","C:\Users\RD004\Box\知能情報処理システム研究室\音声\音声データベース\MSP_PODCAST\Audio\MSP-PODCAST_2347_1640.wav","C:\Users\RD004\Documents\lab\data\MSP_PODCAST\Audio\batch_040\MSP-PODCAST_2347_1640.wav"
"40","460","MSP-PODCAST_2347_1641.wav","SOURCE_ZERO_LENGTH","0","NotContentIndexed","-1","A","1243","Train","C:\Users\RD004\Box\知能情報処理システム研究室\音声\音声データベース\MSP_PODCAST\Audio\MSP-PODCAST_2347_1641.wav","C:\Users\RD004\Documents\lab\data\MSP_PODCAST\Audio\batch_040\MSP-PODCAST_2347_1641.wav"
"40","461","MSP-PODCAST_2347_1643.wav","SOURCE_ZERO_LENGTH","0","NotContentIndexed","-1","A","1243","Train","C:\Users\RD004\Box\知能情報処理システム研究室\音声\音声データベース\MSP_PODCAST\Audio\MSP-PODCAST_2347_1643.wav","C:\Users\RD004\Documents\lab\data\MSP_PODCAST\Audio\batch_040\MSP-PODCAST_2347_1643.wav"
"40","462","MSP-PODCAST_2347_1651.wav","SOURCE_ZERO_LENGTH","0","NotContentIndexed","-1","A","1243","Train","C:\Users\RD004\Box\知能情報処理システム研究室\音声\音声データベース\MSP_PODCAST\Audio\MSP-PODCAST_2347_1651.wav","C:\Users\RD004\Documents\lab\data\MSP_PODCAST\Audio\batch_040\MSP-PODCAST_2347_1651.wav"
"40","463","MSP-PODCAST_2347_1652.wav","SOURCE_ZERO_LENGTH","0","NotContentIndexed","-1","A","1243","Train","C:\Users\RD004\Box\知能情報処理システム研究室\音声\音声データベース\MSP_PODCAST\Audio\MSP-PODCAST_2347_1652.wav","C:\Users\RD004\Documents\lab\data\MSP_PODCAST\Audio\batch_040\MSP-PODCAST_2347_1652.wav"
"40","464","MSP-PODCAST_2347_1655.wav","SOURCE_ZERO_LENGTH","0","NotContentIndexed","-1","A","1243","Train","C:\Users\RD004\Box\知能情報処理システム研究室\音声\音声データベース\MSP_PODCAST\Audio\MSP-PODCAST_2347_1655.wav","C:\Users\RD004\Documents\lab\data\MSP_PODCAST\Audio\batch_040\MSP-PODCAST_2347_1655.wav"
"40","465","MSP-PODCAST_2347_1656.wav","SOURCE_ZERO_LENGTH","0","NotContentIndexed","-1","A","1243","Train","C:\Users\RD004\Box\知能情報処理システム研究室\音声\音声データベース\MSP_PODCAST\Audio\MSP-PODCAST_2347_1656.wav","C:\Users\RD004\Documents\lab\data\MSP_PODCAST\Audio\batch_040\MSP-PODCAST_2347_1656.wav"
"40","466","MSP-PODCAST_2347_1658.wav","SOURCE_ZERO_LENGTH","0","NotContentIndexed","-1","A","1243","Train","C:\Users\RD004\Box\知能情報処理システム研究室\音声\音声データベース\MSP_PODCAST\Audio\MSP-PODCAST_2347_1658.wav","C:\Users\RD004\Documents\lab\data\MSP_PODCAST\Audio\batch_040\MSP-PODCAST_2347_1658.wav"
"40","467","MSP-PODCAST_2347_1660.wav","SOURCE_ZERO_LENGTH","0","NotContentIndexed","-1","A","1243","Train","C:\Users\RD004\Box\知能情報処理システム研究室\音声\音声データベース\MSP_PODCAST\Audio\MSP-PODCAST_2347_1660.wav","C:\Users\RD004\Documents\lab\data\MSP_PODCAST\Audio\batch_040\MSP-PODCAST_2347_1660.wav"
"40","468","MSP-PODCAST_2347_1661.wav","SOURCE_ZERO_LENGTH","0","NotContentIndexed","-1","A","1243","Train","C:\Users\RD004\Box\知能情報処理システム研究室\音声\音声データベース\MSP_PODCAST\Audio\MSP-PODCAST_2347_1661.wav","C:\Users\RD004\Documents\lab\data\MSP_PODCAST\Audio\batch_040\MSP-PODCAST_2347_1661.wav"
"40","469","MSP-PODCAST_2347_1662.wav","SOURCE_ZERO_LENGTH","0","NotContentIndexed","-1","A","1243","Train","C:\Users\RD004\Box\知能情報処理システム研究室\音声\音声データベース\MSP_PODCAST\Audio\MSP-PODCAST_2347_1662.wav","C:\Users\RD004\Documents\lab\data\MSP_PODCAST\Audio\batch_040\MSP-PODCAST_2347_1662.wav"
"40","470","MSP-PODCAST_2347_1663.wav","SOURCE_ZERO_LENGTH","0","NotContentIndexed","-1","A","1243","Train","C:\Users\RD004\Box\知能情報処理システム研究室\音声\音声データベース\MSP_PODCAST\Audio\MSP-PODCAST_2347_1663.wav","C:\Users\RD004\Documents\lab\data\MSP_PODCAST\Audio\batch_040\MSP-PODCAST_2347_1663.wav"
"40","471","MSP-PODCAST_2347_1664.wav","SOURCE_ZERO_LENGTH","0","NotContentIndexed","-1","A","1243","Train","C:\Users\RD004\Box\知能情報処理システム研究室\音声\音声データベース\MSP_PODCAST\Audio\MSP-PODCAST_2347_1664.wav","C:\Users\RD004\Documents\lab\data\MSP_PODCAST\Audio\batch_040\MSP-PODCAST_2347_1664.wav"
"40","472","MSP-PODCAST_2347_1665.wav","SOURCE_ZERO_LENGTH","0","NotContentIndexed","-1","A","1243","Train","C:\Users\RD004\Box\知能情報処理システム研究室\音声\音声データベース\MSP_PODCAST\Audio\MSP-PODCAST_2347_1665.wav","C:\Users\RD004\Documents\lab\data\MSP_PODCAST\Audio\batch_040\MSP-PODCAST_2347_1665.wav"
"40","473","MSP-PODCAST_2347_1666.wav","SOURCE_ZERO_LENGTH","0","NotContentIndexed","-1","H","1243","Train","C:\Users\RD004\Box\知能情報処理システム研究室\音声\音声データベース\MSP_PODCAST\Audio\MSP-PODCAST_2347_1666.wav","C:\Users\RD004\Documents\lab\data\MSP_PODCAST\Audio\batch_040\MSP-PODCAST_2347_1666.wav"
"40","474","MSP-PODCAST_2347_1672.wav","SOURCE_ZERO_LENGTH","0","NotContentIndexed","-1","A","1243","Train","C:\Users\RD004\Box\知能情報処理システム研究室\音声\音声データベース\MSP_PODCAST\Audio\MSP-PODCAST_2347_1672.wav","C:\Users\RD004\Documents\lab\data\MSP_PODCAST\Audio\batch_040\MSP-PODCAST_2347_1672.wav"
"40","475","MSP-PODCAST_2347_1674.wav","SOURCE_ZERO_LENGTH","0","NotContentIndexed","-1","A","1243","Train","C:\Users\RD004\Box\知能情報処理システム研究室\音声\音声データベース\MSP_PODCAST\Audio\MSP-PODCAST_2347_1674.wav","C:\Users\RD004\Documents\lab\data\MSP_PODCAST\Audio\batch_040\MSP-PODCAST_2347_1674.wav"
"40","476","MSP-PODCAST_2347_1676.wav","SOURCE_ZERO_LENGTH","0","NotContentIndexed","-1","A","1243","Train","C:\Users\RD004\Box\知能情報処理システム研究室\音声\音声データベース\MSP_PODCAST\Audio\MSP-PODCAST_2347_1676.wav","C:\Users\RD004\Documents\lab\data\MSP_PODCAST\Audio\batch_040\MSP-PODCAST_2347_1676.wav"
"40","477","MSP-PODCAST_2347_1677.wav","SOURCE_ZERO_LENGTH","0","NotContentIndexed","-1","A","1243","Train","C:\Users\RD004\Box\知能情報処理システム研究室\音声\音声データベース\MSP_PODCAST\Audio\MSP-PODCAST_2347_1677.wav","C:\Users\RD004\Documents\lab\data\MSP_PODCAST\Audio\batch_040\MSP-PODCAST_2347_1677.wav"
"40","478","MSP-PODCAST_2347_1679.wav","SOURCE_ZERO_LENGTH","0","NotContentIndexed","-1","A","1243","Train","C:\Users\RD004\Box\知能情報処理システム研究室\音声\音声データベース\MSP_PODCAST\Audio\MSP-PODCAST_2347_1679.wav","C:\Users\RD004\Documents\lab\data\MSP_PODCAST\Audio\batch_040\MSP-PODCAST_2347_1679.wav"
"40","479","MSP-PODCAST_2347_1680.wav","SOURCE_ZERO_LENGTH","0","NotContentIndexed","-1","A","1243","Train","C:\Users\RD004\Box\知能情報処理システム研究室\音声\音声データベース\MSP_PODCAST\Audio\MSP-PODCAST_2347_1680.wav","C:\Users\RD004\Documents\lab\data\MSP_PODCAST\Audio\batch_040\MSP-PODCAST_2347_1680.wav"
"40","480","MSP-PODCAST_2347_1686.wav","SOURCE_ZERO_LENGTH","0","NotContentIndexed","-1","A","1243","Train","C:\Users\RD004\Box\知能情報処理システム研究室\音声\音声データベース\MSP_PODCAST\Audio\MSP-PODCAST_2347_1686.wav","C:\Users\RD004\Documents\lab\data\MSP_PODCAST\Audio\batch_040\MSP-PODCAST_2347_1686.wav"
"40","481","MSP-PODCAST_2347_1690.wav","SOURCE_ZERO_LENGTH","0","NotContentIndexed","-1","A","1243","Train","C:\Users\RD004\Box\知能情報処理システム研究室\音声\音声データベース\MSP_PODCAST\Audio\MSP-PODCAST_2347_1690.wav","C:\Users\RD004\Documents\lab\data\MSP_PODCAST\Audio\batch_040\MSP-PODCAST_2347_1690.wav"
"40","482","MSP-PODCAST_2347_1691.wav","SOURCE_ZERO_LENGTH","0","NotContentIndexed","-1","A","1243","Train","C:\Users\RD004\Box\知能情報処理システム研究室\音声\音声データベース\MSP_PODCAST\Audio\MSP-PODCAST_2347_1691.wav","C:\Users\RD004\Documents\lab\data\MSP_PODCAST\Audio\batch_040\MSP-PODCAST_2347_1691.wav"
"40","483","MSP-PODCAST_2347_1692.wav","SOURCE_ZERO_LENGTH","0","NotContentIndexed","-1","A","1243","Train","C:\Users\RD004\Box\知能情報処理システム研究室\音声\音声データベース\MSP_PODCAST\Audio\MSP-PODCAST_2347_1692.wav","C:\Users\RD004\Documents\lab\data\MSP_PODCAST\Audio\batch_040\MSP-PODCAST_2347_1692.wav"
"40","484","MSP-PODCAST_2347_1693.wav","SOURCE_ZERO_LENGTH","0","NotContentIndexed","-1","A","1243","Train","C:\Users\RD004\Box\知能情報処理システム研究室\音声\音声データベース\MSP_PODCAST\Audio\MSP-PODCAST_2347_1693.wav","C:\Users\RD004\Documents\lab\data\MSP_PODCAST\Audio\batch_040\MSP-PODCAST_2347_1693.wav"
"40","485","MSP-PODCAST_2347_1695.wav","SOURCE_ZERO_LENGTH","0","NotContentIndexed","-1","A","1243","Train","C:\Users\RD004\Box\知能情報処理システム研究室\音声\音声データベース\MSP_PODCAST\Audio\MSP-PODCAST_2347_1695.wav","C:\Users\RD004\Documents\lab\data\MSP_PODCAST\Audio\batch_040\MSP-PODCAST_2347_1695.wav"
"40","486","MSP-PODCAST_2347_1697.wav","SOURCE_ZERO_LENGTH","0","NotContentIndexed","-1","A","1243","Train","C:\Users\RD004\Box\知能情報処理システム研究室\音声\音声データベース\MSP_PODCAST\Audio\MSP-PODCAST_2347_1697.wav","C:\Users\RD004\Documents\lab\data\MSP_PODCAST\Audio\batch_040\MSP-PODCAST_2347_1697.wav"
"40","487","MSP-PODCAST_2347_1698.wav","SOURCE_ZERO_LENGTH","0","NotContentIndexed","-1","A","1243","Train","C:\Users\RD004\Box\知能情報処理システム研究室\音声\音声データベース\MSP_PODCAST\Audio\MSP-PODCAST_2347_1698.wav","C:\Users\RD004\Documents\lab\data\MSP_PODCAST\Audio\batch_040\MSP-PODCAST_2347_1698.wav"
"40","488","MSP-PODCAST_2347_1699.wav","SOURCE_ZERO_LENGTH","0","NotContentIndexed","-1","A","1243","Train","C:\Users\RD004\Box\知能情報処理システム研究室\音声\音声データベース\MSP_PODCAST\Audio\MSP-PODCAST_2347_1699.wav","C:\Users\RD004\Documents\lab\data\MSP_PODCAST\Audio\batch_040\MSP-PODCAST_2347_1699.wav"
"40","489","MSP-PODCAST_2347_1700.wav","SOURCE_ZERO_LENGTH","0","NotContentIndexed","-1","A","1243","Train","C:\Users\RD004\Box\知能情報処理システム研究室\音声\音声データベース\MSP_PODCAST\Audio\MSP-PODCAST_2347_1700.wav","C:\Users\RD004\Documents\lab\data\MSP_PODCAST\Audio\batch_040\MSP-PODCAST_2347_1700.wav"
"40","490","MSP-PODCAST_2347_1701.wav","SOURCE_ZERO_LENGTH","0","NotContentIndexed","-1","A","1243","Train","C:\Users\RD004\Box\知能情報処理システム研究室\音声\音声データベース\MSP_PODCAST\Audio\MSP-PODCAST_2347_1701.wav","C:\Users\RD004\Documents\lab\data\MSP_PODCAST\Audio\batch_040\MSP-PODCAST_2347_1701.wav"
"40","491","MSP-PODCAST_2347_1703.wav","SOURCE_ZERO_LENGTH","0","NotContentIndexed","-1","A","1243","Train","C:\Users\RD004\Box\知能情報処理システム研究室\音声\音声データベース\MSP_PODCAST\Audio\MSP-PODCAST_2347_1703.wav","C:\Users\RD004\Documents\lab\data\MSP_PODCAST\Audio\batch_040\MSP-PODCAST_2347_1703.wav"
"40","492","MSP-PODCAST_2347_1704.wav","SOURCE_ZERO_LENGTH","0","NotContentIndexed","-1","A","1243","Train","C:\Users\RD004\Box\知能情報処理システム研究室\音声\音声データベース\MSP_PODCAST\Audio\MSP-PODCAST_2347_1704.wav","C:\Users\RD004\Documents\lab\data\MSP_PODCAST\Audio\batch_040\MSP-PODCAST_2347_1704.wav"
"40","493","MSP-PODCAST_2347_1705.wav","SOURCE_ZERO_LENGTH","0","NotContentIndexed","-1","A","1243","Train","C:\Users\RD004\Box\知能情報処理システム研究室\音声\音声データベース\MSP_PODCAST\Audio\MSP-PODCAST_2347_1705.wav","C:\Users\RD004\Documents\lab\data\MSP_PODCAST\Audio\batch_040\MSP-PODCAST_2347_1705.wav"
"40","494","MSP-PODCAST_2347_1706.wav","SOURCE_ZERO_LENGTH","0","NotContentIndexed","-1","A","1243","Train","C:\Users\RD004\Box\知能情報処理システム研究室\音声\音声データベース\MSP_PODCAST\Audio\MSP-PODCAST_2347_1706.wav","C:\Users\RD004\Documents\lab\data\MSP_PODCAST\Audio\batch_040\MSP-PODCAST_2347_1706.wav"
"40","495","MSP-PODCAST_2347_1707.wav","SOURCE_ZERO_LENGTH","0","NotContentIndexed","-1","A","1243","Train","C:\Users\RD004\Box\知能情報処理システム研究室\音声\音声データベース\MSP_PODCAST\Audio\MSP-PODCAST_2347_1707.wav","C:\Users\RD004\Documents\lab\data\MSP_PODCAST\Audio\batch_040\MSP-PODCAST_2347_1707.wav"
"40","496","MSP-PODCAST_2347_1709.wav","SOURCE_ZERO_LENGTH","0","NotContentIndexed","-1","A","1243","Train","C:\Users\RD004\Box\知能情報処理システム研究室\音声\音声データベース\MSP_PODCAST\Audio\MSP-PODCAST_2347_1709.wav","C:\Users\RD004\Documents\lab\data\MSP_PODCAST\Audio\batch_040\MSP-PODCAST_2347_1709.wav"
"40","497","MSP-PODCAST_2347_1711.wav","SOURCE_ZERO_LENGTH","0","NotContentIndexed","-1","A","1243","Train","C:\Users\RD004\Box\知能情報処理システム研究室\音声\音声データベース\MSP_PODCAST\Audio\MSP-PODCAST_2347_1711.wav","C:\Users\RD004\Documents\lab\data\MSP_PODCAST\Audio\batch_040\MSP-PODCAST_2347_1711.wav"
"40","498","MSP-PODCAST_2347_1727.wav","SOURCE_ZERO_LENGTH","0","NotContentIndexed","-1","A","210","Development","C:\Users\RD004\Box\知能情報処理システム研究室\音声\音声データベース\MSP_PODCAST\Audio\MSP-PODCAST_2347_1727.wav","C:\Users\RD004\Documents\lab\data\MSP_PODCAST\Audio\batch_040\MSP-PODCAST_2347_1727.wav"
"40","499","MSP-PODCAST_2347_1756.wav","SOURCE_ZERO_LENGTH","0","NotContentIndexed","-1","A","210","Development","C:\Users\RD004\Box\知能情報処理システム研究室\音声\音声データベース\MSP_PODCAST\Audio\MSP-PODCAST_2347_1756.wav","C:\Users\RD004\Documents\lab\data\MSP_PODCAST\Audio\batch_040\MSP-PODCAST_2347_1756.wav"
"40","500","MSP-PODCAST_2347_1758.wav","SOURCE_ZERO_LENGTH","0","NotContentIndexed","-1","S","210","Development","C:\Users\RD004\Box\知能情報処理システム研究室\音声\音声データベース\MSP_PODCAST\Audio\MSP-PODCAST_2347_1758.wav","C:\Users\RD004\Documents\lab\data\MSP_PODCAST\Audio\batch_040\MSP-PODCAST_2347_1758.wav"
"41","1","MSP-PODCAST_2347_1812.wav","SOURCE_ZERO_LENGTH","0","NotContentIndexed","0","H","210","Development","C:\Users\RD004\Box\知能情報処理システム研究室\音声\音声データベース\MSP_PODCAST\Audio\MSP-PODCAST_2347_1812.wav","C:\Users\RD004\Documents\lab\data\MSP_PODCAST\Audio\batch_041\MSP-PODCAST_2347_1812.wav"
"41","2","MSP-PODCAST_2347_1831.wav","SOURCE_ZERO_LENGTH","0","NotContentIndexed","0","A","210","Development","C:\Users\RD004\Box\知能情報処理システム研究室\音声\音声データベース\MSP_PODCAST\Audio\MSP-PODCAST_2347_1831.wav","C:\Users\RD004\Documents\lab\data\MSP_PODCAST\Audio\batch_041\MSP-PODCAST_2347_1831.wav"
"41","3","MSP-PODCAST_2347_1838.wav","SOURCE_ZERO_LENGTH","0","NotContentIndexed","0","A","210","Development","C:\Users\RD004\Box\知能情報処理システム研究室\音声\音声データベース\MSP_PODCAST\Audio\MSP-PODCAST_2347_1838.wav","C:\Users\RD004\Documents\lab\data\MSP_PODCAST\Audio\batch_041\MSP-PODCAST_2347_1838.wav"
"41","4","MSP-PODCAST_2347_1839.wav","SOURCE_ZERO_LENGTH","0","NotContentIndexed","0","A","210","Development","C:\Users\RD004\Box\知能情報処理システム研究室\音声\音声データベース\MSP_PODCAST\Audio\MSP-PODCAST_2347_1839.wav","C:\Users\RD004\Documents\lab\data\MSP_PODCAST\Audio\batch_041\MSP-PODCAST_2347_1839.wav"
"41","5","MSP-PODCAST_2347_1849.wav","SOURCE_ZERO_LENGTH","0","NotContentIndexed","0","A","210","Development","C:\Users\RD004\Box\知能情報処理システム研究室\音声\音声データベース\MSP_PODCAST\Audio\MSP-PODCAST_2347_1849.wav","C:\Users\RD004\Documents\lab\data\MSP_PODCAST\Audio\batch_041\MSP-PODCAST_2347_1849.wav"
"41","6","MSP-PODCAST_2347_1861.wav","SOURCE_ZERO_LENGTH","0","NotContentIndexed","0","H","210","Development","C:\Users\RD004\Box\知能情報処理システム研究室\音声\音声データベース\MSP_PODCAST\Audio\MSP-PODCAST_2347_1861.wav","C:\Users\RD004\Documents\lab\data\MSP_PODCAST\Audio\batch_041\MSP-PODCAST_2347_1861.wav"
"41","7","MSP-PODCAST_2347_1886.wav","SOURCE_ZERO_LENGTH","0","NotContentIndexed","0","A","210","Development","C:\Users\RD004\Box\知能情報処理システム研究室\音声\音声データベース\MSP_PODCAST\Audio\MSP-PODCAST_2347_1886.wav","C:\Users\RD004\Documents\lab\data\MSP_PODCAST\Audio\batch_041\MSP-PODCAST_2347_1886.wav"
"41","8","MSP-PODCAST_2347_1916.wav","SOURCE_ZERO_LENGTH","0","NotContentIndexed","0","A","210","Development","C:\Users\RD004\Box\知能情報処理システム研究室\音声\音声データベース\MSP_PODCAST\Audio\MSP-PODCAST_2347_1916.wav","C:\Users\RD004\Documents\lab\data\MSP_PODCAST\Audio\batch_041\MSP-PODCAST_2347_1916.wav"
"41","9","MSP-PODCAST_2347_1917.wav","SOURCE_ZERO_LENGTH","0","NotContentIndexed","0","A","210","Development","C:\Users\RD004\Box\知能情報処理システム研究室\音声\音声データベース\MSP_PODCAST\Audio\MSP-PODCAST_2347_1917.wav","C:\Users\RD004\Documents\lab\data\MSP_PODCAST\Audio\batch_041\MSP-PODCAST_2347_1917.wav"
"41","10","MSP-PODCAST_2347_1926.wav","SOURCE_ZERO_LENGTH","0","NotContentIndexed","-1","A","210","Development","C:\Users\RD004\Box\知能情報処理システム研究室\音声\音声データベース\MSP_PODCAST\Audio\MSP-PODCAST_2347_1926.wav","C:\Users\RD004\Documents\lab\data\MSP_PODCAST\Audio\batch_041\MSP-PODCAST_2347_1926.wav"
"41","11","MSP-PODCAST_2347_1946.wav","SOURCE_ZERO_LENGTH","0","NotContentIndexed","-1","S","210","Development","C:\Users\RD004\Box\知能情報処理システム研究室\音声\音声データベース\MSP_PODCAST\Audio\MSP-PODCAST_2347_1946.wav","C:\Users\RD004\Documents\lab\data\MSP_PODCAST\Audio\batch_041\MSP-PODCAST_2347_1946.wav"
"41","12","MSP-PODCAST_2347_1996.wav","SOURCE_ZERO_LENGTH","0","NotContentIndexed","-1","H","210","Development","C:\Users\RD004\Box\知能情報処理システム研究室\音声\音声データベース\MSP_PODCAST\Audio\MSP-PODCAST_2347_1996.wav","C:\Users\RD004\Documents\lab\data\MSP_PODCAST\Audio\batch_041\MSP-PODCAST_2347_1996.wav"
"41","13","MSP-PODCAST_2347_2001.wav","SOURCE_ZERO_LENGTH","0","NotContentIndexed","-1","H","210","Development","C:\Users\RD004\Box\知能情報処理システム研究室\音声\音声データベース\MSP_PODCAST\Audio\MSP-PODCAST_2347_2001.wav","C:\Users\RD004\Documents\lab\data\MSP_PODCAST\Audio\batch_041\MSP-PODCAST_2347_2001.wav"
"41","14","MSP-PODCAST_2347_2012.wav","SOURCE_ZERO_LENGTH","0","NotContentIndexed","-1","A","210","Development","C:\Users\RD004\Box\知能情報処理システム研究室\音声\音声データベース\MSP_PODCAST\Audio\MSP-PODCAST_2347_2012.wav","C:\Users\RD004\Documents\lab\data\MSP_PODCAST\Audio\batch_041\MSP-PODCAST_2347_2012.wav"
"41","15","MSP-PODCAST_2347_2026.wav","SOURCE_ZERO_LENGTH","0","NotContentIndexed","-1","A","210","Development","C:\Users\RD004\Box\知能情報処理システム研究室\音声\音声データベース\MSP_PODCAST\Audio\MSP-PODCAST_2347_2026.wav","C:\Users\RD004\Documents\lab\data\MSP_PODCAST\Audio\batch_041\MSP-PODCAST_2347_2026.wav"
"41","16","MSP-PODCAST_2347_2030.wav","SOURCE_ZERO_LENGTH","0","NotContentIndexed","-1","A","210","Development","C:\Users\RD004\Box\知能情報処理システム研究室\音声\音声データベース\MSP_PODCAST\Audio\MSP-PODCAST_2347_2030.wav","C:\Users\RD004\Documents\lab\data\MSP_PODCAST\Audio\batch_041\MSP-PODCAST_2347_2030.wav"
"41","17","MSP-PODCAST_2347_2045.wav","SOURCE_ZERO_LENGTH","0","NotContentIndexed","-1","S","210","Development","C:\Users\RD004\Box\知能情報処理システム研究室\音声\音声データベース\MSP_PODCAST\Audio\MSP-PODCAST_2347_2045.wav","C:\Users\RD004\Documents\lab\data\MSP_PODCAST\Audio\batch_041\MSP-PODCAST_2347_2045.wav"
"41","18","MSP-PODCAST_2347_2064.wav","SOURCE_ZERO_LENGTH","0","NotContentIndexed","-1","A","210","Development","C:\Users\RD004\Box\知能情報処理システム研究室\音声\音声データベース\MSP_PODCAST\Audio\MSP-PODCAST_2347_2064.wav","C:\Users\RD004\Documents\lab\data\MSP_PODCAST\Audio\batch_041\MSP-PODCAST_2347_2064.wav"
"41","19","MSP-PODCAST_2347_2065.wav","SOURCE_ZERO_LENGTH","0","NotContentIndexed","-1","A","210","Development","C:\Users\RD004\Box\知能情報処理システム研究室\音声\音声データベース\MSP_PODCAST\Audio\MSP-PODCAST_2347_2065.wav","C:\Users\RD004\Documents\lab\data\MSP_PODCAST\Audio\batch_041\MSP-PODCAST_2347_2065.wav"
"41","20","MSP-PODCAST_2347_2077.wav","SOURCE_ZERO_LENGTH","0","NotContentIndexed","-1","H","210","Development","C:\Users\RD004\Box\知能情報処理システム研究室\音声\音声データベース\MSP_PODCAST\Audio\MSP-PODCAST_2347_2077.wav","C:\Users\RD004\Documents\lab\data\MSP_PODCAST\Audio\batch_041\MSP-PODCAST_2347_2077.wav"
"41","21","MSP-PODCAST_2347_2099.wav","SOURCE_ZERO_LENGTH","0","NotContentIndexed","-1","A","210","Development","C:\Users\RD004\Box\知能情報処理システム研究室\音声\音声データベース\MSP_PODCAST\Audio\MSP-PODCAST_2347_2099.wav","C:\Users\RD004\Documents\lab\data\MSP_PODCAST\Audio\batch_041\MSP-PODCAST_2347_2099.wav"
"41","22","MSP-PODCAST_2347_2103.wav","SOURCE_ZERO_LENGTH","0","NotContentIndexed","-1","H","210","Development","C:\Users\RD004\Box\知能情報処理システム研究室\音声\音声データベース\MSP_PODCAST\Audio\MSP-PODCAST_2347_2103.wav","C:\Users\RD004\Documents\lab\data\MSP_PODCAST\Audio\batch_041\MSP-PODCAST_2347_2103.wav"
"41","23","MSP-PODCAST_2347_2106.wav","SOURCE_ZERO_LENGTH","0","NotContentIndexed","-1","H","210","Development","C:\Users\RD004\Box\知能情報処理システム研究室\音声\音声データベース\MSP_PODCAST\Audio\MSP-PODCAST_2347_2106.wav","C:\Users\RD004\Documents\lab\data\MSP_PODCAST\Audio\batch_041\MSP-PODCAST_2347_2106.wav"
"41","24","MSP-PODCAST_2347_2107.wav","SOURCE_ZERO_LENGTH","0","NotContentIndexed","-1","H","210","Development","C:\Users\RD004\Box\知能情報処理システム研究室\音声\音声データベース\MSP_PODCAST\Audio\MSP-PODCAST_2347_2107.wav","C:\Users\RD004\Documents\lab\data\MSP_PODCAST\Audio\batch_041\MSP-PODCAST_2347_2107.wav"
"41","25","MSP-PODCAST_2347_2137.wav","SOURCE_ZERO_LENGTH","0","NotContentIndexed","-1","A","210","Development","C:\Users\RD004\Box\知能情報処理システム研究室\音声\音声データベース\MSP_PODCAST\Audio\MSP-PODCAST_2347_2137.wav","C:\Users\RD004\Documents\lab\data\MSP_PODCAST\Audio\batch_041\MSP-PODCAST_2347_2137.wav"
"41","26","MSP-PODCAST_2347_2161.wav","SOURCE_ZERO_LENGTH","0","NotContentIndexed","-1","A","210","Development","C:\Users\RD004\Box\知能情報処理システム研究室\音声\音声データベース\MSP_PODCAST\Audio\MSP-PODCAST_2347_2161.wav","C:\Users\RD004\Documents\lab\data\MSP_PODCAST\Audio\batch_041\MSP-PODCAST_2347_2161.wav"
"41","27","MSP-PODCAST_2347_2192.wav","SOURCE_ZERO_LENGTH","0","NotContentIndexed","-1","A","210","Development","C:\Users\RD004\Box\知能情報処理システム研究室\音声\音声データベース\MSP_PODCAST\Audio\MSP-PODCAST_2347_2192.wav","C:\Users\RD004\Documents\lab\data\MSP_PODCAST\Audio\batch_041\MSP-PODCAST_2347_2192.wav"
"41","28","MSP-PODCAST_2347_2198.wav","SOURCE_ZERO_LENGTH","0","NotContentIndexed","-1","A","210","Development","C:\Users\RD004\Box\知能情報処理システム研究室\音声\音声データベース\MSP_PODCAST\Audio\MSP-PODCAST_2347_2198.wav","C:\Users\RD004\Documents\lab\data\MSP_PODCAST\Audio\batch_041\MSP-PODCAST_2347_2198.wav"
"41","29","MSP-PODCAST_2347_2219.wav","SOURCE_ZERO_LENGTH","0","NotContentIndexed","-1","A","210","Development","C:\Users\RD004\Box\知能情報処理システム研究室\音声\音声データベース\MSP_PODCAST\Audio\MSP-PODCAST_2347_2219.wav","C:\Users\RD004\Documents\lab\data\MSP_PODCAST\Audio\batch_041\MSP-PODCAST_2347_2219.wav"
"41","30","MSP-PODCAST_2347_2228.wav","SOURCE_ZERO_LENGTH","0","NotContentIndexed","-1","H","210","Development","C:\Users\RD004\Box\知能情報処理システム研究室\音声\音声データベース\MSP_PODCAST\Audio\MSP-PODCAST_2347_2228.wav","C:\Users\RD004\Documents\lab\data\MSP_PODCAST\Audio\batch_041\MSP-PODCAST_2347_2228.wav"
"41","31","MSP-PODCAST_2347_2230.wav","SOURCE_ZERO_LENGTH","0","NotContentIndexed","-1","A","210","Development","C:\Users\RD004\Box\知能情報処理システム研究室\音声\音声データベース\MSP_PODCAST\Audio\MSP-PODCAST_2347_2230.wav","C:\Users\RD004\Documents\lab\data\MSP_PODCAST\Audio\batch_041\MSP-PODCAST_2347_2230.wav"
"41","32","MSP-PODCAST_2347_2232.wav","SOURCE_ZERO_LENGTH","0","NotContentIndexed","-1","A","210","Development","C:\Users\RD004\Box\知能情報処理システム研究室\音声\音声データベース\MSP_PODCAST\Audio\MSP-PODCAST_2347_2232.wav","C:\Users\RD004\Documents\lab\data\MSP_PODCAST\Audio\batch_041\MSP-PODCAST_2347_2232.wav"
"41","33","MSP-PODCAST_2347_2242.wav","SOURCE_ZERO_LENGTH","0","NotContentIndexed","-1","H","210","Development","C:\Users\RD004\Box\知能情報処理システム研究室\音声\音声データベース\MSP_PODCAST\Audio\MSP-PODCAST_2347_2242.wav","C:\Users\RD004\Documents\lab\data\MSP_PODCAST\Audio\batch_041\MSP-PODCAST_2347_2242.wav"
"41","34","MSP-PODCAST_2347_2340.wav","SOURCE_ZERO_LENGTH","0","NotContentIndexed","-1","S","210","Development","C:\Users\RD004\Box\知能情報処理システム研究室\音声\音声データベース\MSP_PODCAST\Audio\MSP-PODCAST_2347_2340.wav","C:\Users\RD004\Documents\lab\data\MSP_PODCAST\Audio\batch_041\MSP-PODCAST_2347_2340.wav"
"41","35","MSP-PODCAST_2347_2347.wav","SOURCE_ZERO_LENGTH","0","NotContentIndexed","-1","A","210","Development","C:\Users\RD004\Box\知能情報処理システム研究室\音声\音声データベース\MSP_PODCAST\Audio\MSP-PODCAST_2347_2347.wav","C:\Users\RD004\Documents\lab\data\MSP_PODCAST\Audio\batch_041\MSP-PODCAST_2347_2347.wav"
"41","36","MSP-PODCAST_2347_2350.wav","SOURCE_ZERO_LENGTH","0","NotContentIndexed","-1","S","210","Development","C:\Users\RD004\Box\知能情報処理システム研究室\音声\音声データベース\MSP_PODCAST\Audio\MSP-PODCAST_2347_2350.wav","C:\Users\RD004\Documents\lab\data\MSP_PODCAST\Audio\batch_041\MSP-PODCAST_2347_2350.wav"
"41","37","MSP-PODCAST_2347_2351.wav","SOURCE_ZERO_LENGTH","0","NotContentIndexed","-1","A","210","Development","C:\Users\RD004\Box\知能情報処理システム研究室\音声\音声データベース\MSP_PODCAST\Audio\MSP-PODCAST_2347_2351.wav","C:\Users\RD004\Documents\lab\data\MSP_PODCAST\Audio\batch_041\MSP-PODCAST_2347_2351.wav"
"41","38","MSP-PODCAST_2347_2365.wav","SOURCE_ZERO_LENGTH","0","NotContentIndexed","-1","H","210","Development","C:\Users\RD004\Box\知能情報処理システム研究室\音声\音声データベース\MSP_PODCAST\Audio\MSP-PODCAST_2347_2365.wav","C:\Users\RD004\Documents\lab\data\MSP_PODCAST\Audio\batch_041\MSP-PODCAST_2347_2365.wav"
"41","39","MSP-PODCAST_2347_2396.wav","SOURCE_ZERO_LENGTH","0","NotContentIndexed","-1","S","210","Development","C:\Users\RD004\Box\知能情報処理システム研究室\音声\音声データベース\MSP_PODCAST\Audio\MSP-PODCAST_2347_2396.wav","C:\Users\RD004\Documents\lab\data\MSP_PODCAST\Audio\batch_041\MSP-PODCAST_2347_2396.wav"
"41","40","MSP-PODCAST_2347_2426.wav","SOURCE_ZERO_LENGTH","0","NotContentIndexed","-1","A","210","Development","C:\Users\RD004\Box\知能情報処理システム研究室\音声\音声データベース\MSP_PODCAST\Audio\MSP-PODCAST_2347_2426.wav","C:\Users\RD004\Documents\lab\data\MSP_PODCAST\Audio\batch_041\MSP-PODCAST_2347_2426.wav"
"41","41","MSP-PODCAST_2347_2429.wav","SOURCE_ZERO_LENGTH","0","NotContentIndexed","-1","H","210","Development","C:\Users\RD004\Box\知能情報処理システム研究室\音声\音声データベース\MSP_PODCAST\Audio\MSP-PODCAST_2347_2429.wav","C:\Users\RD004\Documents\lab\data\MSP_PODCAST\Audio\batch_041\MSP-PODCAST_2347_2429.wav"
"41","42","MSP-PODCAST_2347_2452.wav","SOURCE_ZERO_LENGTH","0","NotContentIndexed","-1","H","210","Development","C:\Users\RD004\Box\知能情報処理システム研究室\音声\音声データベース\MSP_PODCAST\Audio\MSP-PODCAST_2347_2452.wav","C:\Users\RD004\Documents\lab\data\MSP_PODCAST\Audio\batch_041\MSP-PODCAST_2347_2452.wav"
"41","43","MSP-PODCAST_2347_2457.wav","SOURCE_ZERO_LENGTH","0","NotContentIndexed","-1","A","210","Development","C:\Users\RD004\Box\知能情報処理システム研究室\音声\音声データベース\MSP_PODCAST\Audio\MSP-PODCAST_2347_2457.wav","C:\Users\RD004\Documents\lab\data\MSP_PODCAST\Audio\batch_041\MSP-PODCAST_2347_2457.wav"
"41","44","MSP-PODCAST_2347_2460.wav","SOURCE_ZERO_LENGTH","0","NotContentIndexed","-1","H","210","Development","C:\Users\RD004\Box\知能情報処理システム研究室\音声\音声データベース\MSP_PODCAST\Audio\MSP-PODCAST_2347_2460.wav","C:\Users\RD004\Documents\lab\data\MSP_PODCAST\Audio\batch_041\MSP-PODCAST_2347_2460.wav"
"41","45","MSP-PODCAST_2347_2463.wav","SOURCE_ZERO_LENGTH","0","NotContentIndexed","-1","S","210","Development","C:\Users\RD004\Box\知能情報処理システム研究室\音声\音声データベース\MSP_PODCAST\Audio\MSP-PODCAST_2347_2463.wav","C:\Users\RD004\Documents\lab\data\MSP_PODCAST\Audio\batch_041\MSP-PODCAST_2347_2463.wav"
"41","46","MSP-PODCAST_2347_2473.wav","SOURCE_ZERO_LENGTH","0","NotContentIndexed","-1","A","210","Development","C:\Users\RD004\Box\知能情報処理システム研究室\音声\音声データベース\MSP_PODCAST\Audio\MSP-PODCAST_2347_2473.wav","C:\Users\RD004\Documents\lab\data\MSP_PODCAST\Audio\batch_041\MSP-PODCAST_2347_2473.wav"
"41","47","MSP-PODCAST_2347_2474.wav","SOURCE_ZERO_LENGTH","0","NotContentIndexed","-1","S","210","Development","C:\Users\RD004\Box\知能情報処理システム研究室\音声\音声データベース\MSP_PODCAST\Audio\MSP-PODCAST_2347_2474.wav","C:\Users\RD004\Documents\lab\data\MSP_PODCAST\Audio\batch_041\MSP-PODCAST_2347_2474.wav"
"41","48","MSP-PODCAST_2347_2484.wav","SOURCE_ZERO_LENGTH","0","NotContentIndexed","-1","S","210","Development","C:\Users\RD004\Box\知能情報処理システム研究室\音声\音声データベース\MSP_PODCAST\Audio\MSP-PODCAST_2347_2484.wav","C:\Users\RD004\Documents\lab\data\MSP_PODCAST\Audio\batch_041\MSP-PODCAST_2347_2484.wav"
"41","49","MSP-PODCAST_2347_2485.wav","SOURCE_ZERO_LENGTH","0","NotContentIndexed","-1","S","210","Development","C:\Users\RD004\Box\知能情報処理システム研究室\音声\音声データベース\MSP_PODCAST\Audio\MSP-PODCAST_2347_2485.wav","C:\Users\RD004\Documents\lab\data\MSP_PODCAST\Audio\batch_041\MSP-PODCAST_2347_2485.wav"
"41","50","MSP-PODCAST_2347_2541.wav","SOURCE_ZERO_LENGTH","0","NotContentIndexed","-1","S","210","Development","C:\Users\RD004\Box\知能情報処理システム研究室\音声\音声データベース\MSP_PODCAST\Audio\MSP-PODCAST_2347_2541.wav","C:\Users\RD004\Documents\lab\data\MSP_PODCAST\Audio\batch_041\MSP-PODCAST_2347_2541.wav"
"41","51","MSP-PODCAST_2347_2554.wav","SOURCE_ZERO_LENGTH","0","NotContentIndexed","-1","A","210","Development","C:\Users\RD004\Box\知能情報処理システム研究室\音声\音声データベース\MSP_PODCAST\Audio\MSP-PODCAST_2347_2554.wav","C:\Users\RD004\Documents\lab\data\MSP_PODCAST\Audio\batch_041\MSP-PODCAST_2347_2554.wav"
"41","52","MSP-PODCAST_2347_2584.wav","SOURCE_ZERO_LENGTH","0","NotContentIndexed","-1","S","210","Development","C:\Users\RD004\Box\知能情報処理システム研究室\音声\音声データベース\MSP_PODCAST\Audio\MSP-PODCAST_2347_2584.wav","C:\Users\RD004\Documents\lab\data\MSP_PODCAST\Audio\batch_041\MSP-PODCAST_2347_2584.wav"
"41","53","MSP-PODCAST_2347_2615.wav","SOURCE_ZERO_LENGTH","0","NotContentIndexed","-1","H","210","Development","C:\Users\RD004\Box\知能情報処理システム研究室\音声\音声データベース\MSP_PODCAST\Audio\MSP-PODCAST_2347_2615.wav","C:\Users\RD004\Documents\lab\data\MSP_PODCAST\Audio\batch_041\MSP-PODCAST_2347_2615.wav"
"41","54","MSP-PODCAST_2347_2633.wav","SOURCE_ZERO_LENGTH","0","NotContentIndexed","-1","A","210","Development","C:\Users\RD004\Box\知能情報処理システム研究室\音声\音声データベース\MSP_PODCAST\Audio\MSP-PODCAST_2347_2633.wav","C:\Users\RD004\Documents\lab\data\MSP_PODCAST\Audio\batch_041\MSP-PODCAST_2347_2633.wav"
"41","55","MSP-PODCAST_2347_2759.wav","SOURCE_ZERO_LENGTH","0","NotContentIndexed","-1","H","210","Development","C:\Users\RD004\Box\知能情報処理システム研究室\音声\音声データベース\MSP_PODCAST\Audio\MSP-PODCAST_2347_2759.wav","C:\Users\RD004\Documents\lab\data\MSP_PODCAST\Audio\batch_041\MSP-PODCAST_2347_2759.wav"
"41","56","MSP-PODCAST_2347_2799.wav","SOURCE_ZERO_LENGTH","0","NotContentIndexed","-1","S","210","Development","C:\Users\RD004\Box\知能情報処理システム研究室\音声\音声データベース\MSP_PODCAST\Audio\MSP-PODCAST_2347_2799.wav","C:\Users\RD004\Documents\lab\data\MSP_PODCAST\Audio\batch_041\MSP-PODCAST_2347_2799.wav"
"41","57","MSP-PODCAST_2348_0008.wav","SOURCE_ZERO_LENGTH","0","NotContentIndexed","-1","H","1248","Train","C:\Users\RD004\Box\知能情報処理システム研究室\音声\音声データベース\MSP_PODCAST\Audio\MSP-PODCAST_2348_0008.wav","C:\Users\RD004\Documents\lab\data\MSP_PODCAST\Audio\batch_041\MSP-PODCAST_2348_0008.wav"
"41","58","MSP-PODCAST_2348_0023.wav","SOURCE_ZERO_LENGTH","0","NotContentIndexed","-1","S","1248","Train","C:\Users\RD004\Box\知能情報処理システム研究室\音声\音声データベース\MSP_PODCAST\Audio\MSP-PODCAST_2348_0023.wav","C:\Users\RD004\Documents\lab\data\MSP_PODCAST\Audio\batch_041\MSP-PODCAST_2348_0023.wav"
"41","59","MSP-PODCAST_2348_0095.wav","SOURCE_ZERO_LENGTH","0","NotContentIndexed","-1","H","1248","Train","C:\Users\RD004\Box\知能情報処理システム研究室\音声\音声データベース\MSP_PODCAST\Audio\MSP-PODCAST_2348_0095.wav","C:\Users\RD004\Documents\lab\data\MSP_PODCAST\Audio\batch_041\MSP-PODCAST_2348_0095.wav"
"41","60","MSP-PODCAST_2348_0097.wav","SOURCE_ZERO_LENGTH","0","NotContentIndexed","-1","H","1248","Train","C:\Users\RD004\Box\知能情報処理システム研究室\音声\音声データベース\MSP_PODCAST\Audio\MSP-PODCAST_2348_0097.wav","C:\Users\RD004\Documents\lab\data\MSP_PODCAST\Audio\batch_041\MSP-PODCAST_2348_0097.wav"
"41","61","MSP-PODCAST_2348_0300.wav","SOURCE_ZERO_LENGTH","0","NotContentIndexed","-1","S","1248","Train","C:\Users\RD004\Box\知能情報処理システム研究室\音声\音声データベース\MSP_PODCAST\Audio\MSP-PODCAST_2348_0300.wav","C:\Users\RD004\Documents\lab\data\MSP_PODCAST\Audio\batch_041\MSP-PODCAST_2348_0300.wav"
"41","62","MSP-PODCAST_2348_0366.wav","SOURCE_ZERO_LENGTH","0","NotContentIndexed","-1","H","1248","Train","C:\Users\RD004\Box\知能情報処理システム研究室\音声\音声データベース\MSP_PODCAST\Audio\MSP-PODCAST_2348_0366.wav","C:\Users\RD004\Documents\lab\data\MSP_PODCAST\Audio\batch_041\MSP-PODCAST_2348_0366.wav"
"41","63","MSP-PODCAST_2348_0385.wav","SOURCE_ZERO_LENGTH","0","NotContentIndexed","-1","H","1248","Train","C:\Users\RD004\Box\知能情報処理システム研究室\音声\音声データベース\MSP_PODCAST\Audio\MSP-PODCAST_2348_0385.wav","C:\Users\RD004\Documents\lab\data\MSP_PODCAST\Audio\batch_041\MSP-PODCAST_2348_0385.wav"
"41","64","MSP-PODCAST_2348_0496.wav","SOURCE_ZERO_LENGTH","0","NotContentIndexed","-1","H","1248","Train","C:\Users\RD004\Box\知能情報処理システム研究室\音声\音声データベース\MSP_PODCAST\Audio\MSP-PODCAST_2348_0496.wav","C:\Users\RD004\Documents\lab\data\MSP_PODCAST\Audio\batch_041\MSP-PODCAST_2348_0496.wav"
"41","65","MSP-PODCAST_2348_0515.wav","SOURCE_ZERO_LENGTH","0","NotContentIndexed","-1","S","1248","Train","C:\Users\RD004\Box\知能情報処理システム研究室\音声\音声データベース\MSP_PODCAST\Audio\MSP-PODCAST_2348_0515.wav","C:\Users\RD004\Documents\lab\data\MSP_PODCAST\Audio\batch_041\MSP-PODCAST_2348_0515.wav"
"41","66","MSP-PODCAST_2349_0049.wav","SOURCE_ZERO_LENGTH","0","NotContentIndexed","-1","S","1257","Train","C:\Users\RD004\Box\知能情報処理システム研究室\音声\音声データベース\MSP_PODCAST\Audio\MSP-PODCAST_2349_0049.wav","C:\Users\RD004\Documents\lab\data\MSP_PODCAST\Audio\batch_041\MSP-PODCAST_2349_0049.wav"
"41","67","MSP-PODCAST_2349_0097.wav","SOURCE_ZERO_LENGTH","0","NotContentIndexed","-1","A","1256","Train","C:\Users\RD004\Box\知能情報処理システム研究室\音声\音声データベース\MSP_PODCAST\Audio\MSP-PODCAST_2349_0097.wav","C:\Users\RD004\Documents\lab\data\MSP_PODCAST\Audio\batch_041\MSP-PODCAST_2349_0097.wav"
"41","68","MSP-PODCAST_2349_0159.wav","SOURCE_ZERO_LENGTH","0","NotContentIndexed","-1","H","1256","Train","C:\Users\RD004\Box\知能情報処理システム研究室\音声\音声データベース\MSP_PODCAST\Audio\MSP-PODCAST_2349_0159.wav","C:\Users\RD004\Documents\lab\data\MSP_PODCAST\Audio\batch_041\MSP-PODCAST_2349_0159.wav"
"41","69","MSP-PODCAST_2349_0161.wav","SOURCE_ZERO_LENGTH","0","NotContentIndexed","-1","A","1256","Train","C:\Users\RD004\Box\知能情報処理システム研究室\音声\音声データベース\MSP_PODCAST\Audio\MSP-PODCAST_2349_0161.wav","C:\Users\RD004\Documents\lab\data\MSP_PODCAST\Audio\batch_041\MSP-PODCAST_2349_0161.wav"
"41","70","MSP-PODCAST_2349_0194.wav","SOURCE_ZERO_LENGTH","0","NotContentIndexed","-1","H","1256","Train","C:\Users\RD004\Box\知能情報処理システム研究室\音声\音声データベース\MSP_PODCAST\Audio\MSP-PODCAST_2349_0194.wav","C:\Users\RD004\Documents\lab\data\MSP_PODCAST\Audio\batch_041\MSP-PODCAST_2349_0194.wav"
"41","71","MSP-PODCAST_2349_0195.wav","SOURCE_ZERO_LENGTH","0","NotContentIndexed","-1","S","1256","Train","C:\Users\RD004\Box\知能情報処理システム研究室\音声\音声データベース\MSP_PODCAST\Audio\MSP-PODCAST_2349_0195.wav","C:\Users\RD004\Documents\lab\data\MSP_PODCAST\Audio\batch_041\MSP-PODCAST_2349_0195.wav"
"41","72","MSP-PODCAST_2349_0197.wav","SOURCE_ZERO_LENGTH","0","NotContentIndexed","-1","A","1256","Train","C:\Users\RD004\Box\知能情報処理システム研究室\音声\音声データベース\MSP_PODCAST\Audio\MSP-PODCAST_2349_0197.wav","C:\Users\RD004\Documents\lab\data\MSP_PODCAST\Audio\batch_041\MSP-PODCAST_2349_0197.wav"
"41","73","MSP-PODCAST_2349_0201.wav","SOURCE_ZERO_LENGTH","0","NotContentIndexed","-1","H","1256","Train","C:\Users\RD004\Box\知能情報処理システム研究室\音声\音声データベース\MSP_PODCAST\Audio\MSP-PODCAST_2349_0201.wav","C:\Users\RD004\Documents\lab\data\MSP_PODCAST\Audio\batch_041\MSP-PODCAST_2349_0201.wav"
"41","74","MSP-PODCAST_2349_0206.wav","SOURCE_ZERO_LENGTH","0","NotContentIndexed","-1","H","1256","Train","C:\Users\RD004\Box\知能情報処理システム研究室\音声\音声データベース\MSP_PODCAST\Audio\MSP-PODCAST_2349_0206.wav","C:\Users\RD004\Documents\lab\data\MSP_PODCAST\Audio\batch_041\MSP-PODCAST_2349_0206.wav"
"41","75","MSP-PODCAST_2349_0268.wav","SOURCE_ZERO_LENGTH","0","NotContentIndexed","-1","H","1256","Train","C:\Users\RD004\Box\知能情報処理システム研究室\音声\音声データベース\MSP_PODCAST\Audio\MSP-PODCAST_2349_0268.wav","C:\Users\RD004\Documents\lab\data\MSP_PODCAST\Audio\batch_041\MSP-PODCAST_2349_0268.wav"
"41","76","MSP-PODCAST_2350_0041.wav","SOURCE_ZERO_LENGTH","0","NotContentIndexed","-1","S","1245","Train","C:\Users\RD004\Box\知能情報処理システム研究室\音声\音声データベース\MSP_PODCAST\Audio\MSP-PODCAST_2350_0041.wav","C:\Users\RD004\Documents\lab\data\MSP_PODCAST\Audio\batch_041\MSP-PODCAST_2350_0041.wav"
"41","77","MSP-PODCAST_2350_0072.wav","SOURCE_ZERO_LENGTH","0","NotContentIndexed","-1","A","1245","Train","C:\Users\RD004\Box\知能情報処理システム研究室\音声\音声データベース\MSP_PODCAST\Audio\MSP-PODCAST_2350_0072.wav","C:\Users\RD004\Documents\lab\data\MSP_PODCAST\Audio\batch_041\MSP-PODCAST_2350_0072.wav"
"41","78","MSP-PODCAST_2350_0088.wav","SOURCE_ZERO_LENGTH","0","NotContentIndexed","-1","A","1245","Train","C:\Users\RD004\Box\知能情報処理システム研究室\音声\音声データベース\MSP_PODCAST\Audio\MSP-PODCAST_2350_0088.wav","C:\Users\RD004\Documents\lab\data\MSP_PODCAST\Audio\batch_041\MSP-PODCAST_2350_0088.wav"
"41","79","MSP-PODCAST_2350_0119.wav","SOURCE_ZERO_LENGTH","0","NotContentIndexed","-1","A","1245","Train","C:\Users\RD004\Box\知能情報処理システム研究室\音声\音声データベース\MSP_PODCAST\Audio\MSP-PODCAST_2350_0119.wav","C:\Users\RD004\Documents\lab\data\MSP_PODCAST\Audio\batch_041\MSP-PODCAST_2350_0119.wav"
"41","80","MSP-PODCAST_2350_0126.wav","SOURCE_ZERO_LENGTH","0","NotContentIndexed","-1","A","1245","Train","C:\Users\RD004\Box\知能情報処理システム研究室\音声\音声データベース\MSP_PODCAST\Audio\MSP-PODCAST_2350_0126.wav","C:\Users\RD004\Documents\lab\data\MSP_PODCAST\Audio\batch_041\MSP-PODCAST_2350_0126.wav"
"41","81","MSP-PODCAST_2350_0127.wav","SOURCE_ZERO_LENGTH","0","NotContentIndexed","-1","A","1244","Train","C:\Users\RD004\Box\知能情報処理システム研究室\音声\音声データベース\MSP_PODCAST\Audio\MSP-PODCAST_2350_0127.wav","C:\Users\RD004\Documents\lab\data\MSP_PODCAST\Audio\batch_041\MSP-PODCAST_2350_0127.wav"
"41","82","MSP-PODCAST_2350_0129.wav","SOURCE_ZERO_LENGTH","0","NotContentIndexed","-1","A","1245","Train","C:\Users\RD004\Box\知能情報処理システム研究室\音声\音声データベース\MSP_PODCAST\Audio\MSP-PODCAST_2350_0129.wav","C:\Users\RD004\Documents\lab\data\MSP_PODCAST\Audio\batch_041\MSP-PODCAST_2350_0129.wav"
"41","83","MSP-PODCAST_2350_0130.wav","SOURCE_ZERO_LENGTH","0","NotContentIndexed","-1","A","1245","Train","C:\Users\RD004\Box\知能情報処理システム研究室\音声\音声データベース\MSP_PODCAST\Audio\MSP-PODCAST_2350_0130.wav","C:\Users\RD004\Documents\lab\data\MSP_PODCAST\Audio\batch_041\MSP-PODCAST_2350_0130.wav"
"41","84","MSP-PODCAST_2350_0133.wav","SOURCE_ZERO_LENGTH","0","NotContentIndexed","-1","A","1245","Train","C:\Users\RD004\Box\知能情報処理システム研究室\音声\音声データベース\MSP_PODCAST\Audio\MSP-PODCAST_2350_0133.wav","C:\Users\RD004\Documents\lab\data\MSP_PODCAST\Audio\batch_041\MSP-PODCAST_2350_0133.wav"
"41","85","MSP-PODCAST_2350_0147.wav","SOURCE_ZERO_LENGTH","0","NotContentIndexed","-1","A","1244","Train","C:\Users\RD004\Box\知能情報処理システム研究室\音声\音声データベース\MSP_PODCAST\Audio\MSP-PODCAST_2350_0147.wav","C:\Users\RD004\Documents\lab\data\MSP_PODCAST\Audio\batch_041\MSP-PODCAST_2350_0147.wav"
"41","86","MSP-PODCAST_2350_0154.wav","SOURCE_ZERO_LENGTH","0","NotContentIndexed","-1","S","1245","Train","C:\Users\RD004\Box\知能情報処理システム研究室\音声\音声データベース\MSP_PODCAST\Audio\MSP-PODCAST_2350_0154.wav","C:\Users\RD004\Documents\lab\data\MSP_PODCAST\Audio\batch_041\MSP-PODCAST_2350_0154.wav"
"41","87","MSP-PODCAST_2350_0157.wav","SOURCE_ZERO_LENGTH","0","NotContentIndexed","-1","A","1245","Train","C:\Users\RD004\Box\知能情報処理システム研究室\音声\音声データベース\MSP_PODCAST\Audio\MSP-PODCAST_2350_0157.wav","C:\Users\RD004\Documents\lab\data\MSP_PODCAST\Audio\batch_041\MSP-PODCAST_2350_0157.wav"
"41","88","MSP-PODCAST_2350_0166.wav","SOURCE_ZERO_LENGTH","0","NotContentIndexed","-1","A","1244","Train","C:\Users\RD004\Box\知能情報処理システム研究室\音声\音声データベース\MSP_PODCAST\Audio\MSP-PODCAST_2350_0166.wav","C:\Users\RD004\Documents\lab\data\MSP_PODCAST\Audio\batch_041\MSP-PODCAST_2350_0166.wav"
"41","89","MSP-PODCAST_2350_0181.wav","SOURCE_ZERO_LENGTH","0","NotContentIndexed","-1","S","1245","Train","C:\Users\RD004\Box\知能情報処理システム研究室\音声\音声データベース\MSP_PODCAST\Audio\MSP-PODCAST_2350_0181.wav","C:\Users\RD004\Documents\lab\data\MSP_PODCAST\Audio\batch_041\MSP-PODCAST_2350_0181.wav"
"41","90","MSP-PODCAST_2350_0221.wav","SOURCE_ZERO_LENGTH","0","NotContentIndexed","-1","H","1245","Train","C:\Users\RD004\Box\知能情報処理システム研究室\音声\音声データベース\MSP_PODCAST\Audio\MSP-PODCAST_2350_0221.wav","C:\Users\RD004\Documents\lab\data\MSP_PODCAST\Audio\batch_041\MSP-PODCAST_2350_0221.wav"
"41","91","MSP-PODCAST_2350_0222.wav","SOURCE_ZERO_LENGTH","0","NotContentIndexed","-1","H","1245","Train","C:\Users\RD004\Box\知能情報処理システム研究室\音声\音声データベース\MSP_PODCAST\Audio\MSP-PODCAST_2350_0222.wav","C:\Users\RD004\Documents\lab\data\MSP_PODCAST\Audio\batch_041\MSP-PODCAST_2350_0222.wav"
"41","92","MSP-PODCAST_2350_0227.wav","SOURCE_ZERO_LENGTH","0","NotContentIndexed","-1","A","1244","Train","C:\Users\RD004\Box\知能情報処理システム研究室\音声\音声データベース\MSP_PODCAST\Audio\MSP-PODCAST_2350_0227.wav","C:\Users\RD004\Documents\lab\data\MSP_PODCAST\Audio\batch_041\MSP-PODCAST_2350_0227.wav"
"41","93","MSP-PODCAST_2350_0237.wav","SOURCE_ZERO_LENGTH","0","NotContentIndexed","-1","H","1245","Train","C:\Users\RD004\Box\知能情報処理システム研究室\音声\音声データベース\MSP_PODCAST\Audio\MSP-PODCAST_2350_0237.wav","C:\Users\RD004\Documents\lab\data\MSP_PODCAST\Audio\batch_041\MSP-PODCAST_2350_0237.wav"
"41","168","MSP-PODCAST_2351_0420.wav","SOURCE_ZERO_LENGTH","0","NotContentIndexed","-1","S","1247","Train","C:\Users\RD004\Box\知能情報処理システム研究室\音声\音声データベース\MSP_PODCAST\Audio\MSP-PODCAST_2351_0420.wav","C:\Users\RD004\Documents\lab\data\MSP_PODCAST\Audio\batch_041\MSP-PODCAST_2351_0420.wav"
"41","169","MSP-PODCAST_2351_0428.wav","SOURCE_ZERO_LENGTH","0","NotContentIndexed","-1","H","1246","Train","C:\Users\RD004\Box\知能情報処理システム研究室\音声\音声データベース\MSP_PODCAST\Audio\MSP-PODCAST_2351_0428.wav","C:\Users\RD004\Documents\lab\data\MSP_PODCAST\Audio\batch_041\MSP-PODCAST_2351_0428.wav"
"41","170","MSP-PODCAST_2351_0429.wav","SOURCE_ZERO_LENGTH","0","NotContentIndexed","-1","H","1246","Train","C:\Users\RD004\Box\知能情報処理システム研究室\音声\音声データベース\MSP_PODCAST\Audio\MSP-PODCAST_2351_0429.wav","C:\Users\RD004\Documents\lab\data\MSP_PODCAST\Audio\batch_041\MSP-PODCAST_2351_0429.wav"
"41","171","MSP-PODCAST_2351_0458.wav","SOURCE_ZERO_LENGTH","0","NotContentIndexed","-1","H","1247","Train","C:\Users\RD004\Box\知能情報処理システム研究室\音声\音声データベース\MSP_PODCAST\Audio\MSP-PODCAST_2351_0458.wav","C:\Users\RD004\Documents\lab\data\MSP_PODCAST\Audio\batch_041\MSP-PODCAST_2351_0458.wav"
"41","172","MSP-PODCAST_2351_0474.wav","SOURCE_ZERO_LENGTH","0","NotContentIndexed","-1","H","1246","Train","C:\Users\RD004\Box\知能情報処理システム研究室\音声\音声データベース\MSP_PODCAST\Audio\MSP-PODCAST_2351_0474.wav","C:\Users\RD004\Documents\lab\data\MSP_PODCAST\Audio\batch_041\MSP-PODCAST_2351_0474.wav"
"41","173","MSP-PODCAST_2351_0489.wav","SOURCE_ZERO_LENGTH","0","NotContentIndexed","-1","H","1246","Train","C:\Users\RD004\Box\知能情報処理システム研究室\音声\音声データベース\MSP_PODCAST\Audio\MSP-PODCAST_2351_0489.wav","C:\Users\RD004\Documents\lab\data\MSP_PODCAST\Audio\batch_041\MSP-PODCAST_2351_0489.wav"
"41","174","MSP-PODCAST_2351_0510.wav","SOURCE_ZERO_LENGTH","0","NotContentIndexed","-1","H","1246","Train","C:\Users\RD004\Box\知能情報処理システム研究室\音声\音声データベース\MSP_PODCAST\Audio\MSP-PODCAST_2351_0510.wav","C:\Users\RD004\Documents\lab\data\MSP_PODCAST\Audio\batch_041\MSP-PODCAST_2351_0510.wav"
"41","175","MSP-PODCAST_2351_0522.wav","SOURCE_ZERO_LENGTH","0","NotContentIndexed","-1","S","1247","Train","C:\Users\RD004\Box\知能情報処理システム研究室\音声\音声データベース\MSP_PODCAST\Audio\MSP-PODCAST_2351_0522.wav","C:\Users\RD004\Documents\lab\data\MSP_PODCAST\Audio\batch_041\MSP-PODCAST_2351_0522.wav"
"41","176","MSP-PODCAST_2351_0527.wav","SOURCE_ZERO_LENGTH","0","NotContentIndexed","-1","H","1246","Train","C:\Users\RD004\Box\知能情報処理システム研究室\音声\音声データベース\MSP_PODCAST\Audio\MSP-PODCAST_2351_0527.wav","C:\Users\RD004\Documents\lab\data\MSP_PODCAST\Audio\batch_041\MSP-PODCAST_2351_0527.wav"
"41","177","MSP-PODCAST_2351_0533.wav","SOURCE_ZERO_LENGTH","0","NotContentIndexed","-1","H","1246","Train","C:\Users\RD004\Box\知能情報処理システム研究室\音声\音声データベース\MSP_PODCAST\Audio\MSP-PODCAST_2351_0533.wav","C:\Users\RD004\Documents\lab\data\MSP_PODCAST\Audio\batch_041\MSP-PODCAST_2351_0533.wav"
"41","178","MSP-PODCAST_2351_0536.wav","SOURCE_ZERO_LENGTH","0","NotContentIndexed","-1","H","1246","Train","C:\Users\RD004\Box\知能情報処理システム研究室\音声\音声データベース\MSP_PODCAST\Audio\MSP-PODCAST_2351_0536.wav","C:\Users\RD004\Documents\lab\data\MSP_PODCAST\Audio\batch_041\MSP-PODCAST_2351_0536.wav"
"41","179","MSP-PODCAST_2351_0551.wav","SOURCE_ZERO_LENGTH","0","NotContentIndexed","-1","H","1246","Train","C:\Users\RD004\Box\知能情報処理システム研究室\音声\音声データベース\MSP_PODCAST\Audio\MSP-PODCAST_2351_0551.wav","C:\Users\RD004\Documents\lab\data\MSP_PODCAST\Audio\batch_041\MSP-PODCAST_2351_0551.wav"
"41","180","MSP-PODCAST_2351_0560.wav","SOURCE_ZERO_LENGTH","0","NotContentIndexed","-1","A","1246","Train","C:\Users\RD004\Box\知能情報処理システム研究室\音声\音声データベース\MSP_PODCAST\Audio\MSP-PODCAST_2351_0560.wav","C:\Users\RD004\Documents\lab\data\MSP_PODCAST\Audio\batch_041\MSP-PODCAST_2351_0560.wav"
"41","181","MSP-PODCAST_2351_0567.wav","SOURCE_ZERO_LENGTH","0","NotContentIndexed","-1","H","1246","Train","C:\Users\RD004\Box\知能情報処理システム研究室\音声\音声データベース\MSP_PODCAST\Audio\MSP-PODCAST_2351_0567.wav","C:\Users\RD004\Documents\lab\data\MSP_PODCAST\Audio\batch_041\MSP-PODCAST_2351_0567.wav"
"41","182","MSP-PODCAST_2351_0591.wav","SOURCE_ZERO_LENGTH","0","NotContentIndexed","-1","H","1246","Train","C:\Users\RD004\Box\知能情報処理システム研究室\音声\音声データベース\MSP_PODCAST\Audio\MSP-PODCAST_2351_0591.wav","C:\Users\RD004\Documents\lab\data\MSP_PODCAST\Audio\batch_041\MSP-PODCAST_2351_0591.wav"
"41","183","MSP-PODCAST_2351_0595.wav","SOURCE_ZERO_LENGTH","0","NotContentIndexed","-1","H","1246","Train","C:\Users\RD004\Box\知能情報処理システム研究室\音声\音声データベース\MSP_PODCAST\Audio\MSP-PODCAST_2351_0595.wav","C:\Users\RD004\Documents\lab\data\MSP_PODCAST\Audio\batch_041\MSP-PODCAST_2351_0595.wav"
"41","184","MSP-PODCAST_2351_0636.wav","SOURCE_ZERO_LENGTH","0","NotContentIndexed","-1","H","1246","Train","C:\Users\RD004\Box\知能情報処理システム研究室\音声\音声データベース\MSP_PODCAST\Audio\MSP-PODCAST_2351_0636.wav","C:\Users\RD004\Documents\lab\data\MSP_PODCAST\Audio\batch_041\MSP-PODCAST_2351_0636.wav"
"41","185","MSP-PODCAST_2351_0648.wav","SOURCE_ZERO_LENGTH","0","NotContentIndexed","-1","H","1246","Train","C:\Users\RD004\Box\知能情報処理システム研究室\音声\音声データベース\MSP_PODCAST\Audio\MSP-PODCAST_2351_0648.wav","C:\Users\RD004\Documents\lab\data\MSP_PODCAST\Audio\batch_041\MSP-PODCAST_2351_0648.wav"
"41","186","MSP-PODCAST_2351_0650.wav","SOURCE_ZERO_LENGTH","0","NotContentIndexed","-1","H","1246","Train","C:\Users\RD004\Box\知能情報処理システム研究室\音声\音声データベース\MSP_PODCAST\Audio\MSP-PODCAST_2351_0650.wav","C:\Users\RD004\Documents\lab\data\MSP_PODCAST\Audio\batch_041\MSP-PODCAST_2351_0650.wav"
"41","187","MSP-PODCAST_2351_0655.wav","SOURCE_ZERO_LENGTH","0","NotContentIndexed","-1","H","1246","Train","C:\Users\RD004\Box\知能情報処理システム研究室\音声\音声データベース\MSP_PODCAST\Audio\MSP-PODCAST_2351_0655.wav","C:\Users\RD004\Documents\lab\data\MSP_PODCAST\Audio\batch_041\MSP-PODCAST_2351_0655.wav"
"41","188","MSP-PODCAST_2351_0674.wav","SOURCE_ZERO_LENGTH","0","NotContentIndexed","-1","H","1246","Train","C:\Users\RD004\Box\知能情報処理システム研究室\音声\音声データベース\MSP_PODCAST\Audio\MSP-PODCAST_2351_0674.wav","C:\Users\RD004\Documents\lab\data\MSP_PODCAST\Audio\batch_041\MSP-PODCAST_2351_0674.wav"
"41","189","MSP-PODCAST_2351_0723.wav","SOURCE_ZERO_LENGTH","0","NotContentIndexed","-1","H","1246","Train","C:\Users\RD004\Box\知能情報処理システム研究室\音声\音声データベース\MSP_PODCAST\Audio\MSP-PODCAST_2351_0723.wav","C:\Users\RD004\Documents\lab\data\MSP_PODCAST\Audio\batch_041\MSP-PODCAST_2351_0723.wav"
"41","190","MSP-PODCAST_2351_0745.wav","SOURCE_ZERO_LENGTH","0","NotContentIndexed","-1","H","1247","Train","C:\Users\RD004\Box\知能情報処理システム研究室\音声\音声データベース\MSP_PODCAST\Audio\MSP-PODCAST_2351_0745.wav","C:\Users\RD004\Documents\lab\data\MSP_PODCAST\Audio\batch_041\MSP-PODCAST_2351_0745.wav"
"41","191","MSP-PODCAST_2351_0749.wav","SOURCE_ZERO_LENGTH","0","NotContentIndexed","-1","A","1246","Train","C:\Users\RD004\Box\知能情報処理システム研究室\音声\音声データベース\MSP_PODCAST\Audio\MSP-PODCAST_2351_0749.wav","C:\Users\RD004\Documents\lab\data\MSP_PODCAST\Audio\batch_041\MSP-PODCAST_2351_0749.wav"
"41","192","MSP-PODCAST_2351_0779.wav","SOURCE_ZERO_LENGTH","0","NotContentIndexed","-1","H","1246","Train","C:\Users\RD004\Box\知能情報処理システム研究室\音声\音声データベース\MSP_PODCAST\Audio\MSP-PODCAST_2351_0779.wav","C:\Users\RD004\Documents\lab\data\MSP_PODCAST\Audio\batch_041\MSP-PODCAST_2351_0779.wav"
"41","193","MSP-PODCAST_2351_0782.wav","SOURCE_ZERO_LENGTH","0","NotContentIndexed","-1","A","1246","Train","C:\Users\RD004\Box\知能情報処理システム研究室\音声\音声データベース\MSP_PODCAST\Audio\MSP-PODCAST_2351_0782.wav","C:\Users\RD004\Documents\lab\data\MSP_PODCAST\Audio\batch_041\MSP-PODCAST_2351_0782.wav"
"41","194","MSP-PODCAST_2351_0786.wav","SOURCE_ZERO_LENGTH","0","NotContentIndexed","-1","H","1246","Train","C:\Users\RD004\Box\知能情報処理システム研究室\音声\音声データベース\MSP_PODCAST\Audio\MSP-PODCAST_2351_0786.wav","C:\Users\RD004\Documents\lab\data\MSP_PODCAST\Audio\batch_041\MSP-PODCAST_2351_0786.wav"
"41","195","MSP-PODCAST_2351_0795.wav","SOURCE_ZERO_LENGTH","0","NotContentIndexed","-1","H","1246","Train","C:\Users\RD004\Box\知能情報処理システム研究室\音声\音声データベース\MSP_PODCAST\Audio\MSP-PODCAST_2351_0795.wav","C:\Users\RD004\Documents\lab\data\MSP_PODCAST\Audio\batch_041\MSP-PODCAST_2351_0795.wav"
"41","196","MSP-PODCAST_2351_0803.wav","SOURCE_ZERO_LENGTH","0","NotContentIndexed","-1","H","1246","Train","C:\Users\RD004\Box\知能情報処理システム研究室\音声\音声データベース\MSP_PODCAST\Audio\MSP-PODCAST_2351_0803.wav","C:\Users\RD004\Documents\lab\data\MSP_PODCAST\Audio\batch_041\MSP-PODCAST_2351_0803.wav"
"41","197","MSP-PODCAST_2351_0807.wav","SOURCE_ZERO_LENGTH","0","NotContentIndexed","-1","H","1246","Train","C:\Users\RD004\Box\知能情報処理システム研究室\音声\音声データベース\MSP_PODCAST\Audio\MSP-PODCAST_2351_0807.wav","C:\Users\RD004\Documents\lab\data\MSP_PODCAST\Audio\batch_041\MSP-PODCAST_2351_0807.wav"
"41","198","MSP-PODCAST_2351_0812.wav","SOURCE_ZERO_LENGTH","0","NotContentIndexed","-1","H","1246","Train","C:\Users\RD004\Box\知能情報処理システム研究室\音声\音声データベース\MSP_PODCAST\Audio\MSP-PODCAST_2351_0812.wav","C:\Users\RD004\Documents\lab\data\MSP_PODCAST\Audio\batch_041\MSP-PODCAST_2351_0812.wav"
"41","199","MSP-PODCAST_2351_0828.wav","SOURCE_ZERO_LENGTH","0","NotContentIndexed","-1","H","1246","Train","C:\Users\RD004\Box\知能情報処理システム研究室\音声\音声データベース\MSP_PODCAST\Audio\MSP-PODCAST_2351_0828.wav","C:\Users\RD004\Documents\lab\data\MSP_PODCAST\Audio\batch_041\MSP-PODCAST_2351_0828.wav"
"41","200","MSP-PODCAST_2351_0835.wav","SOURCE_ZERO_LENGTH","0","NotContentIndexed","-1","H","1246","Train","C:\Users\RD004\Box\知能情報処理システム研究室\音声\音声データベース\MSP_PODCAST\Audio\MSP-PODCAST_2351_0835.wav","C:\Users\RD004\Documents\lab\data\MSP_PODCAST\Audio\batch_041\MSP-PODCAST_2351_0835.wav"
"41","201","MSP-PODCAST_2351_0853.wav","SOURCE_ZERO_LENGTH","0","NotContentIndexed","-1","S","1246","Train","C:\Users\RD004\Box\知能情報処理システム研究室\音声\音声データベース\MSP_PODCAST\Audio\MSP-PODCAST_2351_0853.wav","C:\Users\RD004\Documents\lab\data\MSP_PODCAST\Audio\batch_041\MSP-PODCAST_2351_0853.wav"
"41","202","MSP-PODCAST_2351_0860.wav","SOURCE_ZERO_LENGTH","0","NotContentIndexed","-1","H","1247","Train","C:\Users\RD004\Box\知能情報処理システム研究室\音声\音声データベース\MSP_PODCAST\Audio\MSP-PODCAST_2351_0860.wav","C:\Users\RD004\Documents\lab\data\MSP_PODCAST\Audio\batch_041\MSP-PODCAST_2351_0860.wav"
"41","203","MSP-PODCAST_2351_0872.wav","SOURCE_ZERO_LENGTH","0","NotContentIndexed","-1","H","1246","Train","C:\Users\RD004\Box\知能情報処理システム研究室\音声\音声データベース\MSP_PODCAST\Audio\MSP-PODCAST_2351_0872.wav","C:\Users\RD004\Documents\lab\data\MSP_PODCAST\Audio\batch_041\MSP-PODCAST_2351_0872.wav"
"41","204","MSP-PODCAST_2351_0874.wav","SOURCE_ZERO_LENGTH","0","NotContentIndexed","-1","H","1247","Train","C:\Users\RD004\Box\知能情報処理システム研究室\音声\音声データベース\MSP_PODCAST\Audio\MSP-PODCAST_2351_0874.wav","C:\Users\RD004\Documents\lab\data\MSP_PODCAST\Audio\batch_041\MSP-PODCAST_2351_0874.wav"
"41","205","MSP-PODCAST_2351_0876.wav","SOURCE_ZERO_LENGTH","0","NotContentIndexed","-1","H","1246","Train","C:\Users\RD004\Box\知能情報処理システム研究室\音声\音声データベース\MSP_PODCAST\Audio\MSP-PODCAST_2351_0876.wav","C:\Users\RD004\Documents\lab\data\MSP_PODCAST\Audio\batch_041\MSP-PODCAST_2351_0876.wav"
"41","206","MSP-PODCAST_2351_0880.wav","SOURCE_ZERO_LENGTH","0","NotContentIndexed","-1","H","1246","Train","C:\Users\RD004\Box\知能情報処理システム研究室\音声\音声データベース\MSP_PODCAST\Audio\MSP-PODCAST_2351_0880.wav","C:\Users\RD004\Documents\lab\data\MSP_PODCAST\Audio\batch_041\MSP-PODCAST_2351_0880.wav"
"41","207","MSP-PODCAST_2351_0900.wav","SOURCE_ZERO_LENGTH","0","NotContentIndexed","-1","H","1246","Train","C:\Users\RD004\Box\知能情報処理システム研究室\音声\音声データベース\MSP_PODCAST\Audio\MSP-PODCAST_2351_0900.wav","C:\Users\RD004\Documents\lab\data\MSP_PODCAST\Audio\batch_041\MSP-PODCAST_2351_0900.wav"
"41","208","MSP-PODCAST_2352_0003.wav","SOURCE_ZERO_LENGTH","0","NotContentIndexed","-1","H","1288","Train","C:\Users\RD004\Box\知能情報処理システム研究室\音声\音声データベース\MSP_PODCAST\Audio\MSP-PODCAST_2352_0003.wav","C:\Users\RD004\Documents\lab\data\MSP_PODCAST\Audio\batch_041\MSP-PODCAST_2352_0003.wav"
"41","209","MSP-PODCAST_2352_0008.wav","SOURCE_ZERO_LENGTH","0","NotContentIndexed","-1","H","1289","Train","C:\Users\RD004\Box\知能情報処理システム研究室\音声\音声データベース\MSP_PODCAST\Audio\MSP-PODCAST_2352_0008.wav","C:\Users\RD004\Documents\lab\data\MSP_PODCAST\Audio\batch_041\MSP-PODCAST_2352_0008.wav"
"41","210","MSP-PODCAST_2352_0009.wav","SOURCE_ZERO_LENGTH","0","NotContentIndexed","-1","H","1288","Train","C:\Users\RD004\Box\知能情報処理システム研究室\音声\音声データベース\MSP_PODCAST\Audio\MSP-PODCAST_2352_0009.wav","C:\Users\RD004\Documents\lab\data\MSP_PODCAST\Audio\batch_041\MSP-PODCAST_2352_0009.wav"
"41","211","MSP-PODCAST_2352_0015.wav","SOURCE_ZERO_LENGTH","0","NotContentIndexed","-1","H","1288","Train","C:\Users\RD004\Box\知能情報処理システム研究室\音声\音声データベース\MSP_PODCAST\Audio\MSP-PODCAST_2352_0015.wav","C:\Users\RD004\Documents\lab\data\MSP_PODCAST\Audio\batch_041\MSP-PODCAST_2352_0015.wav"
"41","212","MSP-PODCAST_2352_0018.wav","SOURCE_ZERO_LENGTH","0","NotContentIndexed","-1","H","1288","Train","C:\Users\RD004\Box\知能情報処理システム研究室\音声\音声データベース\MSP_PODCAST\Audio\MSP-PODCAST_2352_0018.wav","C:\Users\RD004\Documents\lab\data\MSP_PODCAST\Audio\batch_041\MSP-PODCAST_2352_0018.wav"
"41","213","MSP-PODCAST_2352_0035.wav","SOURCE_ZERO_LENGTH","0","NotContentIndexed","-1","S","1290","Train","C:\Users\RD004\Box\知能情報処理システム研究室\音声\音声データベース\MSP_PODCAST\Audio\MSP-PODCAST_2352_0035.wav","C:\Users\RD004\Documents\lab\data\MSP_PODCAST\Audio\batch_041\MSP-PODCAST_2352_0035.wav"
"41","214","MSP-PODCAST_2352_0036.wav","SOURCE_ZERO_LENGTH","0","NotContentIndexed","-1","H","1290","Train","C:\Users\RD004\Box\知能情報処理システム研究室\音声\音声データベース\MSP_PODCAST\Audio\MSP-PODCAST_2352_0036.wav","C:\Users\RD004\Documents\lab\data\MSP_PODCAST\Audio\batch_041\MSP-PODCAST_2352_0036.wav"
"41","215","MSP-PODCAST_2352_0055.wav","SOURCE_ZERO_LENGTH","0","NotContentIndexed","-1","H","1290","Train","C:\Users\RD004\Box\知能情報処理システム研究室\音声\音声データベース\MSP_PODCAST\Audio\MSP-PODCAST_2352_0055.wav","C:\Users\RD004\Documents\lab\data\MSP_PODCAST\Audio\batch_041\MSP-PODCAST_2352_0055.wav"
"41","216","MSP-PODCAST_2352_0068.wav","SOURCE_ZERO_LENGTH","0","NotContentIndexed","-1","S","1290","Train","C:\Users\RD004\Box\知能情報処理システム研究室\音声\音声データベース\MSP_PODCAST\Audio\MSP-PODCAST_2352_0068.wav","C:\Users\RD004\Documents\lab\data\MSP_PODCAST\Audio\batch_041\MSP-PODCAST_2352_0068.wav"
"41","217","MSP-PODCAST_2352_0075.wav","SOURCE_ZERO_LENGTH","0","NotContentIndexed","-1","H","1288","Train","C:\Users\RD004\Box\知能情報処理システム研究室\音声\音声データベース\MSP_PODCAST\Audio\MSP-PODCAST_2352_0075.wav","C:\Users\RD004\Documents\lab\data\MSP_PODCAST\Audio\batch_041\MSP-PODCAST_2352_0075.wav"
"41","218","MSP-PODCAST_2352_0076.wav","SOURCE_ZERO_LENGTH","0","NotContentIndexed","-1","H","1288","Train","C:\Users\RD004\Box\知能情報処理システム研究室\音声\音声データベース\MSP_PODCAST\Audio\MSP-PODCAST_2352_0076.wav","C:\Users\RD004\Documents\lab\data\MSP_PODCAST\Audio\batch_041\MSP-PODCAST_2352_0076.wav"
"41","219","MSP-PODCAST_2352_0077.wav","SOURCE_ZERO_LENGTH","0","NotContentIndexed","-1","S","1288","Train","C:\Users\RD004\Box\知能情報処理システム研究室\音声\音声データベース\MSP_PODCAST\Audio\MSP-PODCAST_2352_0077.wav","C:\Users\RD004\Documents\lab\data\MSP_PODCAST\Audio\batch_041\MSP-PODCAST_2352_0077.wav"
"41","220","MSP-PODCAST_2352_0079.wav","SOURCE_ZERO_LENGTH","0","NotContentIndexed","-1","H","1288","Train","C:\Users\RD004\Box\知能情報処理システム研究室\音声\音声データベース\MSP_PODCAST\Audio\MSP-PODCAST_2352_0079.wav","C:\Users\RD004\Documents\lab\data\MSP_PODCAST\Audio\batch_041\MSP-PODCAST_2352_0079.wav"
"41","221","MSP-PODCAST_2352_0080.wav","SOURCE_ZERO_LENGTH","0","NotContentIndexed","-1","A","1288","Train","C:\Users\RD004\Box\知能情報処理システム研究室\音声\音声データベース\MSP_PODCAST\Audio\MSP-PODCAST_2352_0080.wav","C:\Users\RD004\Documents\lab\data\MSP_PODCAST\Audio\batch_041\MSP-PODCAST_2352_0080.wav"
"41","222","MSP-PODCAST_2352_0093.wav","SOURCE_ZERO_LENGTH","0","NotContentIndexed","-1","H","1290","Train","C:\Users\RD004\Box\知能情報処理システム研究室\音声\音声データベース\MSP_PODCAST\Audio\MSP-PODCAST_2352_0093.wav","C:\Users\RD004\Documents\lab\data\MSP_PODCAST\Audio\batch_041\MSP-PODCAST_2352_0093.wav"
"41","223","MSP-PODCAST_2352_0096.wav","SOURCE_ZERO_LENGTH","0","NotContentIndexed","-1","H","1288","Train","C:\Users\RD004\Box\知能情報処理システム研究室\音声\音声データベース\MSP_PODCAST\Audio\MSP-PODCAST_2352_0096.wav","C:\Users\RD004\Documents\lab\data\MSP_PODCAST\Audio\batch_041\MSP-PODCAST_2352_0096.wav"
"41","224","MSP-PODCAST_2352_0106.wav","SOURCE_ZERO_LENGTH","0","NotContentIndexed","-1","H","1288","Train","C:\Users\RD004\Box\知能情報処理システム研究室\音声\音声データベース\MSP_PODCAST\Audio\MSP-PODCAST_2352_0106.wav","C:\Users\RD004\Documents\lab\data\MSP_PODCAST\Audio\batch_041\MSP-PODCAST_2352_0106.wav"
"41","225","MSP-PODCAST_2352_0109.wav","SOURCE_ZERO_LENGTH","0","NotContentIndexed","-1","H","1289","Train","C:\Users\RD004\Box\知能情報処理システム研究室\音声\音声データベース\MSP_PODCAST\Audio\MSP-PODCAST_2352_0109.wav","C:\Users\RD004\Documents\lab\data\MSP_PODCAST\Audio\batch_041\MSP-PODCAST_2352_0109.wav"
"41","226","MSP-PODCAST_2352_0111.wav","SOURCE_ZERO_LENGTH","0","NotContentIndexed","-1","H","1289","Train","C:\Users\RD004\Box\知能情報処理システム研究室\音声\音声データベース\MSP_PODCAST\Audio\MSP-PODCAST_2352_0111.wav","C:\Users\RD004\Documents\lab\data\MSP_PODCAST\Audio\batch_041\MSP-PODCAST_2352_0111.wav"
"41","227","MSP-PODCAST_2352_0114.wav","SOURCE_ZERO_LENGTH","0","NotContentIndexed","-1","H","1289","Train","C:\Users\RD004\Box\知能情報処理システム研究室\音声\音声データベース\MSP_PODCAST\Audio\MSP-PODCAST_2352_0114.wav","C:\Users\RD004\Documents\lab\data\MSP_PODCAST\Audio\batch_041\MSP-PODCAST_2352_0114.wav"
"41","228","MSP-PODCAST_2352_0116.wav","SOURCE_ZERO_LENGTH","0","NotContentIndexed","-1","A","1289","Train","C:\Users\RD004\Box\知能情報処理システム研究室\音声\音声データベース\MSP_PODCAST\Audio\MSP-PODCAST_2352_0116.wav","C:\Users\RD004\Documents\lab\data\MSP_PODCAST\Audio\batch_041\MSP-PODCAST_2352_0116.wav"
"41","229","MSP-PODCAST_2352_0130.wav","SOURCE_ZERO_LENGTH","0","NotContentIndexed","-1","S","1289","Train","C:\Users\RD004\Box\知能情報処理システム研究室\音声\音声データベース\MSP_PODCAST\Audio\MSP-PODCAST_2352_0130.wav","C:\Users\RD004\Documents\lab\data\MSP_PODCAST\Audio\batch_041\MSP-PODCAST_2352_0130.wav"
"41","230","MSP-PODCAST_2352_0131.wav","SOURCE_ZERO_LENGTH","0","NotContentIndexed","-1","A","1289","Train","C:\Users\RD004\Box\知能情報処理システム研究室\音声\音声データベース\MSP_PODCAST\Audio\MSP-PODCAST_2352_0131.wav","C:\Users\RD004\Documents\lab\data\MSP_PODCAST\Audio\batch_041\MSP-PODCAST_2352_0131.wav"
"41","231","MSP-PODCAST_2352_0138.wav","SOURCE_ZERO_LENGTH","0","NotContentIndexed","-1","H","1289","Train","C:\Users\RD004\Box\知能情報処理システム研究室\音声\音声データベース\MSP_PODCAST\Audio\MSP-PODCAST_2352_0138.wav","C:\Users\RD004\Documents\lab\data\MSP_PODCAST\Audio\batch_041\MSP-PODCAST_2352_0138.wav"
"41","232","MSP-PODCAST_2352_0141.wav","SOURCE_ZERO_LENGTH","0","NotContentIndexed","-1","H","1289","Train","C:\Users\RD004\Box\知能情報処理システム研究室\音声\音声データベース\MSP_PODCAST\Audio\MSP-PODCAST_2352_0141.wav","C:\Users\RD004\Documents\lab\data\MSP_PODCAST\Audio\batch_041\MSP-PODCAST_2352_0141.wav"
"41","233","MSP-PODCAST_2352_0153.wav","SOURCE_ZERO_LENGTH","0","NotContentIndexed","-1","H","1288","Train","C:\Users\RD004\Box\知能情報処理システム研究室\音声\音声データベース\MSP_PODCAST\Audio\MSP-PODCAST_2352_0153.wav","C:\Users\RD004\Documents\lab\data\MSP_PODCAST\Audio\batch_041\MSP-PODCAST_2352_0153.wav"
"41","234","MSP-PODCAST_2352_0166.wav","SOURCE_ZERO_LENGTH","0","NotContentIndexed","-1","H","1289","Train","C:\Users\RD004\Box\知能情報処理システム研究室\音声\音声データベース\MSP_PODCAST\Audio\MSP-PODCAST_2352_0166.wav","C:\Users\RD004\Documents\lab\data\MSP_PODCAST\Audio\batch_041\MSP-PODCAST_2352_0166.wav"
"41","235","MSP-PODCAST_2352_0170.wav","SOURCE_ZERO_LENGTH","0","NotContentIndexed","-1","A","1289","Train","C:\Users\RD004\Box\知能情報処理システム研究室\音声\音声データベース\MSP_PODCAST\Audio\MSP-PODCAST_2352_0170.wav","C:\Users\RD004\Documents\lab\data\MSP_PODCAST\Audio\batch_041\MSP-PODCAST_2352_0170.wav"
"41","236","MSP-PODCAST_2352_0193.wav","SOURCE_ZERO_LENGTH","0","NotContentIndexed","-1","H","1289","Train","C:\Users\RD004\Box\知能情報処理システム研究室\音声\音声データベース\MSP_PODCAST\Audio\MSP-PODCAST_2352_0193.wav","C:\Users\RD004\Documents\lab\data\MSP_PODCAST\Audio\batch_041\MSP-PODCAST_2352_0193.wav"
"41","237","MSP-PODCAST_2352_0203.wav","SOURCE_ZERO_LENGTH","0","NotContentIndexed","-1","A","1289","Train","C:\Users\RD004\Box\知能情報処理システム研究室\音声\音声データベース\MSP_PODCAST\Audio\MSP-PODCAST_2352_0203.wav","C:\Users\RD004\Documents\lab\data\MSP_PODCAST\Audio\batch_041\MSP-PODCAST_2352_0203.wav"
"41","238","MSP-PODCAST_2352_0232.wav","SOURCE_ZERO_LENGTH","0","NotContentIndexed","-1","H","1289","Train","C:\Users\RD004\Box\知能情報処理システム研究室\音声\音声データベース\MSP_PODCAST\Audio\MSP-PODCAST_2352_0232.wav","C:\Users\RD004\Documents\lab\data\MSP_PODCAST\Audio\batch_041\MSP-PODCAST_2352_0232.wav"
"41","239","MSP-PODCAST_2352_0254.wav","SOURCE_ZERO_LENGTH","0","NotContentIndexed","-1","A","1289","Train","C:\Users\RD004\Box\知能情報処理システム研究室\音声\音声データベース\MSP_PODCAST\Audio\MSP-PODCAST_2352_0254.wav","C:\Users\RD004\Documents\lab\data\MSP_PODCAST\Audio\batch_041\MSP-PODCAST_2352_0254.wav"
"41","240","MSP-PODCAST_2352_0262.wav","SOURCE_ZERO_LENGTH","0","NotContentIndexed","-1","A","1289","Train","C:\Users\RD004\Box\知能情報処理システム研究室\音声\音声データベース\MSP_PODCAST\Audio\MSP-PODCAST_2352_0262.wav","C:\Users\RD004\Documents\lab\data\MSP_PODCAST\Audio\batch_041\MSP-PODCAST_2352_0262.wav"
"41","241","MSP-PODCAST_2352_0264.wav","SOURCE_ZERO_LENGTH","0","NotContentIndexed","-1","A","1289","Train","C:\Users\RD004\Box\知能情報処理システム研究室\音声\音声データベース\MSP_PODCAST\Audio\MSP-PODCAST_2352_0264.wav","C:\Users\RD004\Documents\lab\data\MSP_PODCAST\Audio\batch_041\MSP-PODCAST_2352_0264.wav"
"41","242","MSP-PODCAST_2352_0266.wav","SOURCE_ZERO_LENGTH","0","NotContentIndexed","-1","A","1289","Train","C:\Users\RD004\Box\知能情報処理システム研究室\音声\音声データベース\MSP_PODCAST\Audio\MSP-PODCAST_2352_0266.wav","C:\Users\RD004\Documents\lab\data\MSP_PODCAST\Audio\batch_041\MSP-PODCAST_2352_0266.wav"
"41","243","MSP-PODCAST_2352_0289.wav","SOURCE_ZERO_LENGTH","0","NotContentIndexed","-1","H","1288","Train","C:\Users\RD004\Box\知能情報処理システム研究室\音声\音声データベース\MSP_PODCAST\Audio\MSP-PODCAST_2352_0289.wav","C:\Users\RD004\Documents\lab\data\MSP_PODCAST\Audio\batch_041\MSP-PODCAST_2352_0289.wav"
"41","244","MSP-PODCAST_2352_0303.wav","SOURCE_ZERO_LENGTH","0","NotContentIndexed","-1","H","1288","Train","C:\Users\RD004\Box\知能情報処理システム研究室\音声\音声データベース\MSP_PODCAST\Audio\MSP-PODCAST_2352_0303.wav","C:\Users\RD004\Documents\lab\data\MSP_PODCAST\Audio\batch_041\MSP-PODCAST_2352_0303.wav"
"41","245","MSP-PODCAST_2352_0304.wav","SOURCE_ZERO_LENGTH","0","NotContentIndexed","-1","H","1288","Train","C:\Users\RD004\Box\知能情報処理システム研究室\音声\音声データベース\MSP_PODCAST\Audio\MSP-PODCAST_2352_0304.wav","C:\Users\RD004\Documents\lab\data\MSP_PODCAST\Audio\batch_041\MSP-PODCAST_2352_0304.wav"
"41","246","MSP-PODCAST_2352_0306.wav","SOURCE_ZERO_LENGTH","0","NotContentIndexed","-1","H","1289","Train","C:\Users\RD004\Box\知能情報処理システム研究室\音声\音声データベース\MSP_PODCAST\Audio\MSP-PODCAST_2352_0306.wav","C:\Users\RD004\Documents\lab\data\MSP_PODCAST\Audio\batch_041\MSP-PODCAST_2352_0306.wav"
"41","247","MSP-PODCAST_2352_0310.wav","SOURCE_ZERO_LENGTH","0","NotContentIndexed","-1","H","1288","Train","C:\Users\RD004\Box\知能情報処理システム研究室\音声\音声データベース\MSP_PODCAST\Audio\MSP-PODCAST_2352_0310.wav","C:\Users\RD004\Documents\lab\data\MSP_PODCAST\Audio\batch_041\MSP-PODCAST_2352_0310.wav"
"41","248","MSP-PODCAST_2352_0334.wav","SOURCE_ZERO_LENGTH","0","NotContentIndexed","-1","H","1291","Train","C:\Users\RD004\Box\知能情報処理システム研究室\音声\音声データベース\MSP_PODCAST\Audio\MSP-PODCAST_2352_0334.wav","C:\Users\RD004\Documents\lab\data\MSP_PODCAST\Audio\batch_041\MSP-PODCAST_2352_0334.wav"
"41","249","MSP-PODCAST_2352_0340.wav","SOURCE_ZERO_LENGTH","0","NotContentIndexed","-1","A","1291","Train","C:\Users\RD004\Box\知能情報処理システム研究室\音声\音声データベース\MSP_PODCAST\Audio\MSP-PODCAST_2352_0340.wav","C:\Users\RD004\Documents\lab\data\MSP_PODCAST\Audio\batch_041\MSP-PODCAST_2352_0340.wav"
"41","250","MSP-PODCAST_2352_0344.wav","SOURCE_ZERO_LENGTH","0","NotContentIndexed","-1","A","1291","Train","C:\Users\RD004\Box\知能情報処理システム研究室\音声\音声データベース\MSP_PODCAST\Audio\MSP-PODCAST_2352_0344.wav","C:\Users\RD004\Documents\lab\data\MSP_PODCAST\Audio\batch_041\MSP-PODCAST_2352_0344.wav"
"41","251","MSP-PODCAST_2352_0347.wav","SOURCE_ZERO_LENGTH","0","NotContentIndexed","-1","H","1291","Train","C:\Users\RD004\Box\知能情報処理システム研究室\音声\音声データベース\MSP_PODCAST\Audio\MSP-PODCAST_2352_0347.wav","C:\Users\RD004\Documents\lab\data\MSP_PODCAST\Audio\batch_041\MSP-PODCAST_2352_0347.wav"
"41","252","MSP-PODCAST_2352_0348.wav","SOURCE_ZERO_LENGTH","0","NotContentIndexed","-1","A","1291","Train","C:\Users\RD004\Box\知能情報処理システム研究室\音声\音声データベース\MSP_PODCAST\Audio\MSP-PODCAST_2352_0348.wav","C:\Users\RD004\Documents\lab\data\MSP_PODCAST\Audio\batch_041\MSP-PODCAST_2352_0348.wav"
"41","253","MSP-PODCAST_2352_0350.wav","SOURCE_ZERO_LENGTH","0","NotContentIndexed","-1","A","1291","Train","C:\Users\RD004\Box\知能情報処理システム研究室\音声\音声データベース\MSP_PODCAST\Audio\MSP-PODCAST_2352_0350.wav","C:\Users\RD004\Documents\lab\data\MSP_PODCAST\Audio\batch_041\MSP-PODCAST_2352_0350.wav"
"41","254","MSP-PODCAST_2352_0351.wav","SOURCE_ZERO_LENGTH","0","NotContentIndexed","-1","H","1291","Train","C:\Users\RD004\Box\知能情報処理システム研究室\音声\音声データベース\MSP_PODCAST\Audio\MSP-PODCAST_2352_0351.wav","C:\Users\RD004\Documents\lab\data\MSP_PODCAST\Audio\batch_041\MSP-PODCAST_2352_0351.wav"
"41","255","MSP-PODCAST_2352_0352.wav","SOURCE_ZERO_LENGTH","0","NotContentIndexed","-1","H","1291","Train","C:\Users\RD004\Box\知能情報処理システム研究室\音声\音声データベース\MSP_PODCAST\Audio\MSP-PODCAST_2352_0352.wav","C:\Users\RD004\Documents\lab\data\MSP_PODCAST\Audio\batch_041\MSP-PODCAST_2352_0352.wav"
"41","256","MSP-PODCAST_2352_0358.wav","SOURCE_ZERO_LENGTH","0","NotContentIndexed","-1","H","1291","Train","C:\Users\RD004\Box\知能情報処理システム研究室\音声\音声データベース\MSP_PODCAST\Audio\MSP-PODCAST_2352_0358.wav","C:\Users\RD004\Documents\lab\data\MSP_PODCAST\Audio\batch_041\MSP-PODCAST_2352_0358.wav"
"41","257","MSP-PODCAST_2352_0361.wav","SOURCE_ZERO_LENGTH","0","NotContentIndexed","-1","H","1291","Train","C:\Users\RD004\Box\知能情報処理システム研究室\音声\音声データベース\MSP_PODCAST\Audio\MSP-PODCAST_2352_0361.wav","C:\Users\RD004\Documents\lab\data\MSP_PODCAST\Audio\batch_041\MSP-PODCAST_2352_0361.wav"
"41","258","MSP-PODCAST_2352_0362.wav","SOURCE_ZERO_LENGTH","0","NotContentIndexed","-1","A","1291","Train","C:\Users\RD004\Box\知能情報処理システム研究室\音声\音声データベース\MSP_PODCAST\Audio\MSP-PODCAST_2352_0362.wav","C:\Users\RD004\Documents\lab\data\MSP_PODCAST\Audio\batch_041\MSP-PODCAST_2352_0362.wav"
"41","259","MSP-PODCAST_2352_0364.wav","SOURCE_ZERO_LENGTH","0","NotContentIndexed","-1","A","1291","Train","C:\Users\RD004\Box\知能情報処理システム研究室\音声\音声データベース\MSP_PODCAST\Audio\MSP-PODCAST_2352_0364.wav","C:\Users\RD004\Documents\lab\data\MSP_PODCAST\Audio\batch_041\MSP-PODCAST_2352_0364.wav"
"41","260","MSP-PODCAST_2352_0366.wav","SOURCE_ZERO_LENGTH","0","NotContentIndexed","-1","H","1291","Train","C:\Users\RD004\Box\知能情報処理システム研究室\音声\音声データベース\MSP_PODCAST\Audio\MSP-PODCAST_2352_0366.wav","C:\Users\RD004\Documents\lab\data\MSP_PODCAST\Audio\batch_041\MSP-PODCAST_2352_0366.wav"
"41","261","MSP-PODCAST_2352_0370.wav","SOURCE_ZERO_LENGTH","0","NotContentIndexed","-1","H","1291","Train","C:\Users\RD004\Box\知能情報処理システム研究室\音声\音声データベース\MSP_PODCAST\Audio\MSP-PODCAST_2352_0370.wav","C:\Users\RD004\Documents\lab\data\MSP_PODCAST\Audio\batch_041\MSP-PODCAST_2352_0370.wav"
"41","262","MSP-PODCAST_2352_0372.wav","SOURCE_ZERO_LENGTH","0","NotContentIndexed","-1","H","1291","Train","C:\Users\RD004\Box\知能情報処理システム研究室\音声\音声データベース\MSP_PODCAST\Audio\MSP-PODCAST_2352_0372.wav","C:\Users\RD004\Documents\lab\data\MSP_PODCAST\Audio\batch_041\MSP-PODCAST_2352_0372.wav"
"41","263","MSP-PODCAST_2352_0373.wav","SOURCE_ZERO_LENGTH","0","NotContentIndexed","-1","H","1291","Train","C:\Users\RD004\Box\知能情報処理システム研究室\音声\音声データベース\MSP_PODCAST\Audio\MSP-PODCAST_2352_0373.wav","C:\Users\RD004\Documents\lab\data\MSP_PODCAST\Audio\batch_041\MSP-PODCAST_2352_0373.wav"
"41","264","MSP-PODCAST_2352_0374.wav","SOURCE_ZERO_LENGTH","0","NotContentIndexed","-1","H","1291","Train","C:\Users\RD004\Box\知能情報処理システム研究室\音声\音声データベース\MSP_PODCAST\Audio\MSP-PODCAST_2352_0374.wav","C:\Users\RD004\Documents\lab\data\MSP_PODCAST\Audio\batch_041\MSP-PODCAST_2352_0374.wav"
"41","265","MSP-PODCAST_2352_0378.wav","SOURCE_ZERO_LENGTH","0","NotContentIndexed","-1","A","1291","Train","C:\Users\RD004\Box\知能情報処理システム研究室\音声\音声データベース\MSP_PODCAST\Audio\MSP-PODCAST_2352_0378.wav","C:\Users\RD004\Documents\lab\data\MSP_PODCAST\Audio\batch_041\MSP-PODCAST_2352_0378.wav"
"41","266","MSP-PODCAST_2352_0385.wav","SOURCE_ZERO_LENGTH","0","NotContentIndexed","-1","A","1288","Train","C:\Users\RD004\Box\知能情報処理システム研究室\音声\音声データベース\MSP_PODCAST\Audio\MSP-PODCAST_2352_0385.wav","C:\Users\RD004\Documents\lab\data\MSP_PODCAST\Audio\batch_041\MSP-PODCAST_2352_0385.wav"
"41","267","MSP-PODCAST_2352_0402.wav","SOURCE_ZERO_LENGTH","0","NotContentIndexed","-1","H","1291","Train","C:\Users\RD004\Box\知能情報処理システム研究室\音声\音声データベース\MSP_PODCAST\Audio\MSP-PODCAST_2352_0402.wav","C:\Users\RD004\Documents\lab\data\MSP_PODCAST\Audio\batch_041\MSP-PODCAST_2352_0402.wav"
"41","268","MSP-PODCAST_2352_0403.wav","SOURCE_ZERO_LENGTH","0","NotContentIndexed","-1","H","1291","Train","C:\Users\RD004\Box\知能情報処理システム研究室\音声\音声データベース\MSP_PODCAST\Audio\MSP-PODCAST_2352_0403.wav","C:\Users\RD004\Documents\lab\data\MSP_PODCAST\Audio\batch_041\MSP-PODCAST_2352_0403.wav"
"41","269","MSP-PODCAST_2352_0404.wav","SOURCE_ZERO_LENGTH","0","NotContentIndexed","-1","S","1291","Train","C:\Users\RD004\Box\知能情報処理システム研究室\音声\音声データベース\MSP_PODCAST\Audio\MSP-PODCAST_2352_0404.wav","C:\Users\RD004\Documents\lab\data\MSP_PODCAST\Audio\batch_041\MSP-PODCAST_2352_0404.wav"
"41","270","MSP-PODCAST_2352_0405.wav","SOURCE_ZERO_LENGTH","0","NotContentIndexed","-1","H","1291","Train","C:\Users\RD004\Box\知能情報処理システム研究室\音声\音声データベース\MSP_PODCAST\Audio\MSP-PODCAST_2352_0405.wav","C:\Users\RD004\Documents\lab\data\MSP_PODCAST\Audio\batch_041\MSP-PODCAST_2352_0405.wav"
"41","271","MSP-PODCAST_2352_0409.wav","SOURCE_ZERO_LENGTH","0","NotContentIndexed","-1","H","1291","Train","C:\Users\RD004\Box\知能情報処理システム研究室\音声\音声データベース\MSP_PODCAST\Audio\MSP-PODCAST_2352_0409.wav","C:\Users\RD004\Documents\lab\data\MSP_PODCAST\Audio\batch_041\MSP-PODCAST_2352_0409.wav"
"41","272","MSP-PODCAST_2352_0411.wav","SOURCE_ZERO_LENGTH","0","NotContentIndexed","-1","A","1291","Train","C:\Users\RD004\Box\知能情報処理システム研究室\音声\音声データベース\MSP_PODCAST\Audio\MSP-PODCAST_2352_0411.wav","C:\Users\RD004\Documents\lab\data\MSP_PODCAST\Audio\batch_041\MSP-PODCAST_2352_0411.wav"
"41","273","MSP-PODCAST_2352_0416.wav","SOURCE_ZERO_LENGTH","0","NotContentIndexed","-1","S","1291","Train","C:\Users\RD004\Box\知能情報処理システム研究室\音声\音声データベース\MSP_PODCAST\Audio\MSP-PODCAST_2352_0416.wav","C:\Users\RD004\Documents\lab\data\MSP_PODCAST\Audio\batch_041\MSP-PODCAST_2352_0416.wav"
"41","274","MSP-PODCAST_2352_0425.wav","SOURCE_ZERO_LENGTH","0","NotContentIndexed","-1","S","1291","Train","C:\Users\RD004\Box\知能情報処理システム研究室\音声\音声データベース\MSP_PODCAST\Audio\MSP-PODCAST_2352_0425.wav","C:\Users\RD004\Documents\lab\data\MSP_PODCAST\Audio\batch_041\MSP-PODCAST_2352_0425.wav"
"41","275","MSP-PODCAST_2352_0428.wav","SOURCE_ZERO_LENGTH","0","NotContentIndexed","-1","S","1291","Train","C:\Users\RD004\Box\知能情報処理システム研究室\音声\音声データベース\MSP_PODCAST\Audio\MSP-PODCAST_2352_0428.wav","C:\Users\RD004\Documents\lab\data\MSP_PODCAST\Audio\batch_041\MSP-PODCAST_2352_0428.wav"
"41","276","MSP-PODCAST_2352_0433.wav","SOURCE_ZERO_LENGTH","0","NotContentIndexed","-1","A","1291","Train","C:\Users\RD004\Box\知能情報処理システム研究室\音声\音声データベース\MSP_PODCAST\Audio\MSP-PODCAST_2352_0433.wav","C:\Users\RD004\Documents\lab\data\MSP_PODCAST\Audio\batch_041\MSP-PODCAST_2352_0433.wav"
"41","277","MSP-PODCAST_2352_0435.wav","SOURCE_ZERO_LENGTH","0","NotContentIndexed","-1","H","1291","Train","C:\Users\RD004\Box\知能情報処理システム研究室\音声\音声データベース\MSP_PODCAST\Audio\MSP-PODCAST_2352_0435.wav","C:\Users\RD004\Documents\lab\data\MSP_PODCAST\Audio\batch_041\MSP-PODCAST_2352_0435.wav"
"41","278","MSP-PODCAST_2352_0439.wav","SOURCE_ZERO_LENGTH","0","NotContentIndexed","-1","S","1291","Train","C:\Users\RD004\Box\知能情報処理システム研究室\音声\音声データベース\MSP_PODCAST\Audio\MSP-PODCAST_2352_0439.wav","C:\Users\RD004\Documents\lab\data\MSP_PODCAST\Audio\batch_041\MSP-PODCAST_2352_0439.wav"
"41","279","MSP-PODCAST_2352_0440.wav","SOURCE_ZERO_LENGTH","0","NotContentIndexed","-1","H","1291","Train","C:\Users\RD004\Box\知能情報処理システム研究室\音声\音声データベース\MSP_PODCAST\Audio\MSP-PODCAST_2352_0440.wav","C:\Users\RD004\Documents\lab\data\MSP_PODCAST\Audio\batch_041\MSP-PODCAST_2352_0440.wav"
"41","280","MSP-PODCAST_2352_0445.wav","SOURCE_ZERO_LENGTH","0","NotContentIndexed","-1","H","1291","Train","C:\Users\RD004\Box\知能情報処理システム研究室\音声\音声データベース\MSP_PODCAST\Audio\MSP-PODCAST_2352_0445.wav","C:\Users\RD004\Documents\lab\data\MSP_PODCAST\Audio\batch_041\MSP-PODCAST_2352_0445.wav"
"41","281","MSP-PODCAST_2352_0462.wav","SOURCE_ZERO_LENGTH","0","NotContentIndexed","-1","H","1291","Train","C:\Users\RD004\Box\知能情報処理システム研究室\音声\音声データベース\MSP_PODCAST\Audio\MSP-PODCAST_2352_0462.wav","C:\Users\RD004\Documents\lab\data\MSP_PODCAST\Audio\batch_041\MSP-PODCAST_2352_0462.wav"
"41","282","MSP-PODCAST_2352_0467.wav","SOURCE_ZERO_LENGTH","0","NotContentIndexed","-1","H","1291","Train","C:\Users\RD004\Box\知能情報処理システム研究室\音声\音声データベース\MSP_PODCAST\Audio\MSP-PODCAST_2352_0467.wav","C:\Users\RD004\Documents\lab\data\MSP_PODCAST\Audio\batch_041\MSP-PODCAST_2352_0467.wav"
"41","283","MSP-PODCAST_2352_0471.wav","SOURCE_ZERO_LENGTH","0","NotContentIndexed","-1","A","1291","Train","C:\Users\RD004\Box\知能情報処理システム研究室\音声\音声データベース\MSP_PODCAST\Audio\MSP-PODCAST_2352_0471.wav","C:\Users\RD004\Documents\lab\data\MSP_PODCAST\Audio\batch_041\MSP-PODCAST_2352_0471.wav"
"41","284","MSP-PODCAST_2352_0475.wav","SOURCE_ZERO_LENGTH","0","NotContentIndexed","-1","H","1291","Train","C:\Users\RD004\Box\知能情報処理システム研究室\音声\音声データベース\MSP_PODCAST\Audio\MSP-PODCAST_2352_0475.wav","C:\Users\RD004\Documents\lab\data\MSP_PODCAST\Audio\batch_041\MSP-PODCAST_2352_0475.wav"
"41","285","MSP-PODCAST_2352_0484.wav","SOURCE_ZERO_LENGTH","0","NotContentIndexed","-1","A","1291","Train","C:\Users\RD004\Box\知能情報処理システム研究室\音声\音声データベース\MSP_PODCAST\Audio\MSP-PODCAST_2352_0484.wav","C:\Users\RD004\Documents\lab\data\MSP_PODCAST\Audio\batch_041\MSP-PODCAST_2352_0484.wav"
"41","286","MSP-PODCAST_2352_0486.wav","SOURCE_ZERO_LENGTH","0","NotContentIndexed","-1","H","1291","Train","C:\Users\RD004\Box\知能情報処理システム研究室\音声\音声データベース\MSP_PODCAST\Audio\MSP-PODCAST_2352_0486.wav","C:\Users\RD004\Documents\lab\data\MSP_PODCAST\Audio\batch_041\MSP-PODCAST_2352_0486.wav"
"41","287","MSP-PODCAST_2352_0492.wav","SOURCE_ZERO_LENGTH","0","NotContentIndexed","-1","A","1291","Train","C:\Users\RD004\Box\知能情報処理システム研究室\音声\音声データベース\MSP_PODCAST\Audio\MSP-PODCAST_2352_0492.wav","C:\Users\RD004\Documents\lab\data\MSP_PODCAST\Audio\batch_041\MSP-PODCAST_2352_0492.wav"
"41","288","MSP-PODCAST_2352_0513.wav","SOURCE_ZERO_LENGTH","0","NotContentIndexed","-1","H","1288","Train","C:\Users\RD004\Box\知能情報処理システム研究室\音声\音声データベース\MSP_PODCAST\Audio\MSP-PODCAST_2352_0513.wav","C:\Users\RD004\Documents\lab\data\MSP_PODCAST\Audio\batch_041\MSP-PODCAST_2352_0513.wav"
"41","289","MSP-PODCAST_2352_0530.wav","SOURCE_ZERO_LENGTH","0","NotContentIndexed","-1","H","1291","Train","C:\Users\RD004\Box\知能情報処理システム研究室\音声\音声データベース\MSP_PODCAST\Audio\MSP-PODCAST_2352_0530.wav","C:\Users\RD004\Documents\lab\data\MSP_PODCAST\Audio\batch_041\MSP-PODCAST_2352_0530.wav"
"41","290","MSP-PODCAST_2352_0533.wav","SOURCE_ZERO_LENGTH","0","NotContentIndexed","-1","A","1291","Train","C:\Users\RD004\Box\知能情報処理システム研究室\音声\音声データベース\MSP_PODCAST\Audio\MSP-PODCAST_2352_0533.wav","C:\Users\RD004\Documents\lab\data\MSP_PODCAST\Audio\batch_041\MSP-PODCAST_2352_0533.wav"
"41","291","MSP-PODCAST_2352_0535.wav","SOURCE_ZERO_LENGTH","0","NotContentIndexed","-1","A","1291","Train","C:\Users\RD004\Box\知能情報処理システム研究室\音声\音声データベース\MSP_PODCAST\Audio\MSP-PODCAST_2352_0535.wav","C:\Users\RD004\Documents\lab\data\MSP_PODCAST\Audio\batch_041\MSP-PODCAST_2352_0535.wav"
"41","292","MSP-PODCAST_2352_0542.wav","SOURCE_ZERO_LENGTH","0","NotContentIndexed","-1","A","1291","Train","C:\Users\RD004\Box\知能情報処理システム研究室\音声\音声データベース\MSP_PODCAST\Audio\MSP-PODCAST_2352_0542.wav","C:\Users\RD004\Documents\lab\data\MSP_PODCAST\Audio\batch_041\MSP-PODCAST_2352_0542.wav"
"41","293","MSP-PODCAST_2352_0546.wav","SOURCE_ZERO_LENGTH","0","NotContentIndexed","-1","S","1291","Train","C:\Users\RD004\Box\知能情報処理システム研究室\音声\音声データベース\MSP_PODCAST\Audio\MSP-PODCAST_2352_0546.wav","C:\Users\RD004\Documents\lab\data\MSP_PODCAST\Audio\batch_041\MSP-PODCAST_2352_0546.wav"
"41","294","MSP-PODCAST_2352_0554.wav","SOURCE_ZERO_LENGTH","0","NotContentIndexed","-1","H","1288","Train","C:\Users\RD004\Box\知能情報処理システム研究室\音声\音声データベース\MSP_PODCAST\Audio\MSP-PODCAST_2352_0554.wav","C:\Users\RD004\Documents\lab\data\MSP_PODCAST\Audio\batch_041\MSP-PODCAST_2352_0554.wav"
"41","295","MSP-PODCAST_2352_0555.wav","SOURCE_ZERO_LENGTH","0","NotContentIndexed","-1","S","1288","Train","C:\Users\RD004\Box\知能情報処理システム研究室\音声\音声データベース\MSP_PODCAST\Audio\MSP-PODCAST_2352_0555.wav","C:\Users\RD004\Documents\lab\data\MSP_PODCAST\Audio\batch_041\MSP-PODCAST_2352_0555.wav"
"41","296","MSP-PODCAST_2352_0557.wav","SOURCE_ZERO_LENGTH","0","NotContentIndexed","-1","H","1288","Train","C:\Users\RD004\Box\知能情報処理システム研究室\音声\音声データベース\MSP_PODCAST\Audio\MSP-PODCAST_2352_0557.wav","C:\Users\RD004\Documents\lab\data\MSP_PODCAST\Audio\batch_041\MSP-PODCAST_2352_0557.wav"
"41","297","MSP-PODCAST_2352_0562.wav","SOURCE_ZERO_LENGTH","0","NotContentIndexed","-1","A","1288","Train","C:\Users\RD004\Box\知能情報処理システム研究室\音声\音声データベース\MSP_PODCAST\Audio\MSP-PODCAST_2352_0562.wav","C:\Users\RD004\Documents\lab\data\MSP_PODCAST\Audio\batch_041\MSP-PODCAST_2352_0562.wav"
"41","298","MSP-PODCAST_2352_0567.wav","SOURCE_ZERO_LENGTH","0","NotContentIndexed","-1","A","1288","Train","C:\Users\RD004\Box\知能情報処理システム研究室\音声\音声データベース\MSP_PODCAST\Audio\MSP-PODCAST_2352_0567.wav","C:\Users\RD004\Documents\lab\data\MSP_PODCAST\Audio\batch_041\MSP-PODCAST_2352_0567.wav"
"41","299","MSP-PODCAST_2352_0570.wav","SOURCE_ZERO_LENGTH","0","NotContentIndexed","-1","H","1288","Train","C:\Users\RD004\Box\知能情報処理システム研究室\音声\音声データベース\MSP_PODCAST\Audio\MSP-PODCAST_2352_0570.wav","C:\Users\RD004\Documents\lab\data\MSP_PODCAST\Audio\batch_041\MSP-PODCAST_2352_0570.wav"
"41","300","MSP-PODCAST_2352_0572.wav","SOURCE_ZERO_LENGTH","0","NotContentIndexed","-1","H","1288","Train","C:\Users\RD004\Box\知能情報処理システム研究室\音声\音声データベース\MSP_PODCAST\Audio\MSP-PODCAST_2352_0572.wav","C:\Users\RD004\Documents\lab\data\MSP_PODCAST\Audio\batch_041\MSP-PODCAST_2352_0572.wav"
"41","301","MSP-PODCAST_2352_0576.wav","SOURCE_ZERO_LENGTH","0","NotContentIndexed","-1","H","1288","Train","C:\Users\RD004\Box\知能情報処理システム研究室\音声\音声データベース\MSP_PODCAST\Audio\MSP-PODCAST_2352_0576.wav","C:\Users\RD004\Documents\lab\data\MSP_PODCAST\Audio\batch_041\MSP-PODCAST_2352_0576.wav"
"41","302","MSP-PODCAST_2352_0578.wav","SOURCE_ZERO_LENGTH","0","NotContentIndexed","-1","H","1288","Train","C:\Users\RD004\Box\知能情報処理システム研究室\音声\音声データベース\MSP_PODCAST\Audio\MSP-PODCAST_2352_0578.wav","C:\Users\RD004\Documents\lab\data\MSP_PODCAST\Audio\batch_041\MSP-PODCAST_2352_0578.wav"
"41","303","MSP-PODCAST_2352_0580.wav","SOURCE_ZERO_LENGTH","0","NotContentIndexed","-1","H","1288","Train","C:\Users\RD004\Box\知能情報処理システム研究室\音声\音声データベース\MSP_PODCAST\Audio\MSP-PODCAST_2352_0580.wav","C:\Users\RD004\Documents\lab\data\MSP_PODCAST\Audio\batch_041\MSP-PODCAST_2352_0580.wav"
"41","304","MSP-PODCAST_2352_0583.wav","SOURCE_ZERO_LENGTH","0","NotContentIndexed","-1","H","1288","Train","C:\Users\RD004\Box\知能情報処理システム研究室\音声\音声データベース\MSP_PODCAST\Audio\MSP-PODCAST_2352_0583.wav","C:\Users\RD004\Documents\lab\data\MSP_PODCAST\Audio\batch_041\MSP-PODCAST_2352_0583.wav"
"41","305","MSP-PODCAST_2352_0585.wav","SOURCE_ZERO_LENGTH","0","NotContentIndexed","-1","H","1292","Train","C:\Users\RD004\Box\知能情報処理システム研究室\音声\音声データベース\MSP_PODCAST\Audio\MSP-PODCAST_2352_0585.wav","C:\Users\RD004\Documents\lab\data\MSP_PODCAST\Audio\batch_041\MSP-PODCAST_2352_0585.wav"
"41","306","MSP-PODCAST_2352_0586.wav","SOURCE_ZERO_LENGTH","0","NotContentIndexed","-1","H","1292","Train","C:\Users\RD004\Box\知能情報処理システム研究室\音声\音声データベース\MSP_PODCAST\Audio\MSP-PODCAST_2352_0586.wav","C:\Users\RD004\Documents\lab\data\MSP_PODCAST\Audio\batch_041\MSP-PODCAST_2352_0586.wav"
"41","307","MSP-PODCAST_2352_0599.wav","SOURCE_ZERO_LENGTH","0","NotContentIndexed","-1","H","1292","Train","C:\Users\RD004\Box\知能情報処理システム研究室\音声\音声データベース\MSP_PODCAST\Audio\MSP-PODCAST_2352_0599.wav","C:\Users\RD004\Documents\lab\data\MSP_PODCAST\Audio\batch_041\MSP-PODCAST_2352_0599.wav"
"41","308","MSP-PODCAST_2352_0603.wav","SOURCE_ZERO_LENGTH","0","NotContentIndexed","-1","H","1292","Train","C:\Users\RD004\Box\知能情報処理システム研究室\音声\音声データベース\MSP_PODCAST\Audio\MSP-PODCAST_2352_0603.wav","C:\Users\RD004\Documents\lab\data\MSP_PODCAST\Audio\batch_041\MSP-PODCAST_2352_0603.wav"
"41","309","MSP-PODCAST_2352_0613.wav","SOURCE_ZERO_LENGTH","0","NotContentIndexed","-1","A","1292","Train","C:\Users\RD004\Box\知能情報処理システム研究室\音声\音声データベース\MSP_PODCAST\Audio\MSP-PODCAST_2352_0613.wav","C:\Users\RD004\Documents\lab\data\MSP_PODCAST\Audio\batch_041\MSP-PODCAST_2352_0613.wav"
"41","310","MSP-PODCAST_2352_0615.wav","SOURCE_ZERO_LENGTH","0","NotContentIndexed","-1","H","1292","Train","C:\Users\RD004\Box\知能情報処理システム研究室\音声\音声データベース\MSP_PODCAST\Audio\MSP-PODCAST_2352_0615.wav","C:\Users\RD004\Documents\lab\data\MSP_PODCAST\Audio\batch_041\MSP-PODCAST_2352_0615.wav"
"41","311","MSP-PODCAST_2352_0618.wav","SOURCE_ZERO_LENGTH","0","NotContentIndexed","-1","H","1292","Train","C:\Users\RD004\Box\知能情報処理システム研究室\音声\音声データベース\MSP_PODCAST\Audio\MSP-PODCAST_2352_0618.wav","C:\Users\RD004\Documents\lab\data\MSP_PODCAST\Audio\batch_041\MSP-PODCAST_2352_0618.wav"
"41","312","MSP-PODCAST_2352_0656.wav","SOURCE_ZERO_LENGTH","0","NotContentIndexed","-1","H","1292","Train","C:\Users\RD004\Box\知能情報処理システム研究室\音声\音声データベース\MSP_PODCAST\Audio\MSP-PODCAST_2352_0656.wav","C:\Users\RD004\Documents\lab\data\MSP_PODCAST\Audio\batch_041\MSP-PODCAST_2352_0656.wav"
"41","313","MSP-PODCAST_2352_0660.wav","SOURCE_ZERO_LENGTH","0","NotContentIndexed","-1","H","1292","Train","C:\Users\RD004\Box\知能情報処理システム研究室\音声\音声データベース\MSP_PODCAST\Audio\MSP-PODCAST_2352_0660.wav","C:\Users\RD004\Documents\lab\data\MSP_PODCAST\Audio\batch_041\MSP-PODCAST_2352_0660.wav"
"41","314","MSP-PODCAST_2352_0665.wav","SOURCE_ZERO_LENGTH","0","NotContentIndexed","-1","H","1292","Train","C:\Users\RD004\Box\知能情報処理システム研究室\音声\音声データベース\MSP_PODCAST\Audio\MSP-PODCAST_2352_0665.wav","C:\Users\RD004\Documents\lab\data\MSP_PODCAST\Audio\batch_041\MSP-PODCAST_2352_0665.wav"
"41","315","MSP-PODCAST_2352_0708.wav","SOURCE_ZERO_LENGTH","0","NotContentIndexed","-1","H","1292","Train","C:\Users\RD004\Box\知能情報処理システム研究室\音声\音声データベース\MSP_PODCAST\Audio\MSP-PODCAST_2352_0708.wav","C:\Users\RD004\Documents\lab\data\MSP_PODCAST\Audio\batch_041\MSP-PODCAST_2352_0708.wav"
"41","316","MSP-PODCAST_2352_0726.wav","SOURCE_ZERO_LENGTH","0","NotContentIndexed","-1","H","1288","Train","C:\Users\RD004\Box\知能情報処理システム研究室\音声\音声データベース\MSP_PODCAST\Audio\MSP-PODCAST_2352_0726.wav","C:\Users\RD004\Documents\lab\data\MSP_PODCAST\Audio\batch_041\MSP-PODCAST_2352_0726.wav"
"41","317","MSP-PODCAST_2352_0730.wav","SOURCE_ZERO_LENGTH","0","NotContentIndexed","-1","A","1288","Train","C:\Users\RD004\Box\知能情報処理システム研究室\音声\音声データベース\MSP_PODCAST\Audio\MSP-PODCAST_2352_0730.wav","C:\Users\RD004\Documents\lab\data\MSP_PODCAST\Audio\batch_041\MSP-PODCAST_2352_0730.wav"
"41","318","MSP-PODCAST_2352_0742.wav","SOURCE_ZERO_LENGTH","0","NotContentIndexed","-1","A","1288","Train","C:\Users\RD004\Box\知能情報処理システム研究室\音声\音声データベース\MSP_PODCAST\Audio\MSP-PODCAST_2352_0742.wav","C:\Users\RD004\Documents\lab\data\MSP_PODCAST\Audio\batch_041\MSP-PODCAST_2352_0742.wav"
"41","319","MSP-PODCAST_2352_0751.wav","SOURCE_ZERO_LENGTH","0","NotContentIndexed","-1","H","1288","Train","C:\Users\RD004\Box\知能情報処理システム研究室\音声\音声データベース\MSP_PODCAST\Audio\MSP-PODCAST_2352_0751.wav","C:\Users\RD004\Documents\lab\data\MSP_PODCAST\Audio\batch_041\MSP-PODCAST_2352_0751.wav"
"41","320","MSP-PODCAST_2352_0753.wav","SOURCE_ZERO_LENGTH","0","NotContentIndexed","-1","D","1288","Train","C:\Users\RD004\Box\知能情報処理システム研究室\音声\音声データベース\MSP_PODCAST\Audio\MSP-PODCAST_2352_0753.wav","C:\Users\RD004\Documents\lab\data\MSP_PODCAST\Audio\batch_041\MSP-PODCAST_2352_0753.wav"
"41","321","MSP-PODCAST_2352_0754.wav","SOURCE_ZERO_LENGTH","0","NotContentIndexed","-1","H","1288","Train","C:\Users\RD004\Box\知能情報処理システム研究室\音声\音声データベース\MSP_PODCAST\Audio\MSP-PODCAST_2352_0754.wav","C:\Users\RD004\Documents\lab\data\MSP_PODCAST\Audio\batch_041\MSP-PODCAST_2352_0754.wav"
"41","322","MSP-PODCAST_2352_0761.wav","SOURCE_ZERO_LENGTH","0","NotContentIndexed","-1","H","1288","Train","C:\Users\RD004\Box\知能情報処理システム研究室\音声\音声データベース\MSP_PODCAST\Audio\MSP-PODCAST_2352_0761.wav","C:\Users\RD004\Documents\lab\data\MSP_PODCAST\Audio\batch_041\MSP-PODCAST_2352_0761.wav"
"41","323","MSP-PODCAST_2352_0772.wav","SOURCE_ZERO_LENGTH","0","NotContentIndexed","-1","H","1288","Train","C:\Users\RD004\Box\知能情報処理システム研究室\音声\音声データベース\MSP_PODCAST\Audio\MSP-PODCAST_2352_0772.wav","C:\Users\RD004\Documents\lab\data\MSP_PODCAST\Audio\batch_041\MSP-PODCAST_2352_0772.wav"
"41","324","MSP-PODCAST_2352_0777.wav","SOURCE_ZERO_LENGTH","0","NotContentIndexed","-1","H","1288","Train","C:\Users\RD004\Box\知能情報処理システム研究室\音声\音声データベース\MSP_PODCAST\Audio\MSP-PODCAST_2352_0777.wav","C:\Users\RD004\Documents\lab\data\MSP_PODCAST\Audio\batch_041\MSP-PODCAST_2352_0777.wav"
"41","325","MSP-PODCAST_2352_0781.wav","SOURCE_ZERO_LENGTH","0","NotContentIndexed","-1","A","1288","Train","C:\Users\RD004\Box\知能情報処理システム研究室\音声\音声データベース\MSP_PODCAST\Audio\MSP-PODCAST_2352_0781.wav","C:\Users\RD004\Documents\lab\data\MSP_PODCAST\Audio\batch_041\MSP-PODCAST_2352_0781.wav"
"41","326","MSP-PODCAST_2352_0782.wav","SOURCE_ZERO_LENGTH","0","NotContentIndexed","-1","H","1288","Train","C:\Users\RD004\Box\知能情報処理システム研究室\音声\音声データベース\MSP_PODCAST\Audio\MSP-PODCAST_2352_0782.wav","C:\Users\RD004\Documents\lab\data\MSP_PODCAST\Audio\batch_041\MSP-PODCAST_2352_0782.wav"
"41","327","MSP-PODCAST_2352_0788.wav","SOURCE_ZERO_LENGTH","0","NotContentIndexed","-1","S","1288","Train","C:\Users\RD004\Box\知能情報処理システム研究室\音声\音声データベース\MSP_PODCAST\Audio\MSP-PODCAST_2352_0788.wav","C:\Users\RD004\Documents\lab\data\MSP_PODCAST\Audio\batch_041\MSP-PODCAST_2352_0788.wav"
"41","328","MSP-PODCAST_2352_0790.wav","SOURCE_ZERO_LENGTH","0","NotContentIndexed","-1","H","1292","Train","C:\Users\RD004\Box\知能情報処理システム研究室\音声\音声データベース\MSP_PODCAST\Audio\MSP-PODCAST_2352_0790.wav","C:\Users\RD004\Documents\lab\data\MSP_PODCAST\Audio\batch_041\MSP-PODCAST_2352_0790.wav"
"41","329","MSP-PODCAST_2352_0805.wav","SOURCE_ZERO_LENGTH","0","NotContentIndexed","-1","H","1292","Train","C:\Users\RD004\Box\知能情報処理システム研究室\音声\音声データベース\MSP_PODCAST\Audio\MSP-PODCAST_2352_0805.wav","C:\Users\RD004\Documents\lab\data\MSP_PODCAST\Audio\batch_041\MSP-PODCAST_2352_0805.wav"
"41","330","MSP-PODCAST_2352_0810.wav","SOURCE_ZERO_LENGTH","0","NotContentIndexed","-1","A","1292","Train","C:\Users\RD004\Box\知能情報処理システム研究室\音声\音声データベース\MSP_PODCAST\Audio\MSP-PODCAST_2352_0810.wav","C:\Users\RD004\Documents\lab\data\MSP_PODCAST\Audio\batch_041\MSP-PODCAST_2352_0810.wav"
"41","331","MSP-PODCAST_2352_0818.wav","SOURCE_ZERO_LENGTH","0","NotContentIndexed","-1","H","1292","Train","C:\Users\RD004\Box\知能情報処理システム研究室\音声\音声データベース\MSP_PODCAST\Audio\MSP-PODCAST_2352_0818.wav","C:\Users\RD004\Documents\lab\data\MSP_PODCAST\Audio\batch_041\MSP-PODCAST_2352_0818.wav"
"41","332","MSP-PODCAST_2352_0823.wav","SOURCE_ZERO_LENGTH","0","NotContentIndexed","-1","H","1292","Train","C:\Users\RD004\Box\知能情報処理システム研究室\音声\音声データベース\MSP_PODCAST\Audio\MSP-PODCAST_2352_0823.wav","C:\Users\RD004\Documents\lab\data\MSP_PODCAST\Audio\batch_041\MSP-PODCAST_2352_0823.wav"
"41","333","MSP-PODCAST_2352_0827.wav","SOURCE_ZERO_LENGTH","0","NotContentIndexed","-1","H","1292","Train","C:\Users\RD004\Box\知能情報処理システム研究室\音声\音声データベース\MSP_PODCAST\Audio\MSP-PODCAST_2352_0827.wav","C:\Users\RD004\Documents\lab\data\MSP_PODCAST\Audio\batch_041\MSP-PODCAST_2352_0827.wav"
"41","334","MSP-PODCAST_2352_0830.wav","SOURCE_ZERO_LENGTH","0","NotContentIndexed","-1","H","1292","Train","C:\Users\RD004\Box\知能情報処理システム研究室\音声\音声データベース\MSP_PODCAST\Audio\MSP-PODCAST_2352_0830.wav","C:\Users\RD004\Documents\lab\data\MSP_PODCAST\Audio\batch_041\MSP-PODCAST_2352_0830.wav"
"41","335","MSP-PODCAST_2352_0831.wav","SOURCE_ZERO_LENGTH","0","NotContentIndexed","-1","A","1292","Train","C:\Users\RD004\Box\知能情報処理システム研究室\音声\音声データベース\MSP_PODCAST\Audio\MSP-PODCAST_2352_0831.wav","C:\Users\RD004\Documents\lab\data\MSP_PODCAST\Audio\batch_041\MSP-PODCAST_2352_0831.wav"
"41","336","MSP-PODCAST_2352_0832.wav","SOURCE_ZERO_LENGTH","0","NotContentIndexed","-1","H","1292","Train","C:\Users\RD004\Box\知能情報処理システム研究室\音声\音声データベース\MSP_PODCAST\Audio\MSP-PODCAST_2352_0832.wav","C:\Users\RD004\Documents\lab\data\MSP_PODCAST\Audio\batch_041\MSP-PODCAST_2352_0832.wav"
"41","337","MSP-PODCAST_2352_0837.wav","SOURCE_ZERO_LENGTH","0","NotContentIndexed","-1","A","1288","Train","C:\Users\RD004\Box\知能情報処理システム研究室\音声\音声データベース\MSP_PODCAST\Audio\MSP-PODCAST_2352_0837.wav","C:\Users\RD004\Documents\lab\data\MSP_PODCAST\Audio\batch_041\MSP-PODCAST_2352_0837.wav"
"41","338","MSP-PODCAST_2352_0842.wav","SOURCE_ZERO_LENGTH","0","NotContentIndexed","-1","H","1288","Train","C:\Users\RD004\Box\知能情報処理システム研究室\音声\音声データベース\MSP_PODCAST\Audio\MSP-PODCAST_2352_0842.wav","C:\Users\RD004\Documents\lab\data\MSP_PODCAST\Audio\batch_041\MSP-PODCAST_2352_0842.wav"
"41","339","MSP-PODCAST_2352_0854.wav","SOURCE_ZERO_LENGTH","0","NotContentIndexed","-1","H","1288","Train","C:\Users\RD004\Box\知能情報処理システム研究室\音声\音声データベース\MSP_PODCAST\Audio\MSP-PODCAST_2352_0854.wav","C:\Users\RD004\Documents\lab\data\MSP_PODCAST\Audio\batch_041\MSP-PODCAST_2352_0854.wav"
"41","340","MSP-PODCAST_2352_0862.wav","SOURCE_ZERO_LENGTH","0","NotContentIndexed","-1","H","1292","Train","C:\Users\RD004\Box\知能情報処理システム研究室\音声\音声データベース\MSP_PODCAST\Audio\MSP-PODCAST_2352_0862.wav","C:\Users\RD004\Documents\lab\data\MSP_PODCAST\Audio\batch_041\MSP-PODCAST_2352_0862.wav"
"41","341","MSP-PODCAST_2352_0868.wav","SOURCE_ZERO_LENGTH","0","NotContentIndexed","-1","H","1292","Train","C:\Users\RD004\Box\知能情報処理システム研究室\音声\音声データベース\MSP_PODCAST\Audio\MSP-PODCAST_2352_0868.wav","C:\Users\RD004\Documents\lab\data\MSP_PODCAST\Audio\batch_041\MSP-PODCAST_2352_0868.wav"
"41","342","MSP-PODCAST_2352_0871.wav","SOURCE_ZERO_LENGTH","0","NotContentIndexed","-1","H","1288","Train","C:\Users\RD004\Box\知能情報処理システム研究室\音声\音声データベース\MSP_PODCAST\Audio\MSP-PODCAST_2352_0871.wav","C:\Users\RD004\Documents\lab\data\MSP_PODCAST\Audio\batch_041\MSP-PODCAST_2352_0871.wav"
"41","343","MSP-PODCAST_2352_0883.wav","SOURCE_ZERO_LENGTH","0","NotContentIndexed","-1","H","1292","Train","C:\Users\RD004\Box\知能情報処理システム研究室\音声\音声データベース\MSP_PODCAST\Audio\MSP-PODCAST_2352_0883.wav","C:\Users\RD004\Documents\lab\data\MSP_PODCAST\Audio\batch_041\MSP-PODCAST_2352_0883.wav"
"41","344","MSP-PODCAST_2352_0887.wav","SOURCE_ZERO_LENGTH","0","NotContentIndexed","-1","H","1292","Train","C:\Users\RD004\Box\知能情報処理システム研究室\音声\音声データベース\MSP_PODCAST\Audio\MSP-PODCAST_2352_0887.wav","C:\Users\RD004\Documents\lab\data\MSP_PODCAST\Audio\batch_041\MSP-PODCAST_2352_0887.wav"
"41","345","MSP-PODCAST_2352_0898.wav","SOURCE_ZERO_LENGTH","0","NotContentIndexed","-1","H","1292","Train","C:\Users\RD004\Box\知能情報処理システム研究室\音声\音声データベース\MSP_PODCAST\Audio\MSP-PODCAST_2352_0898.wav","C:\Users\RD004\Documents\lab\data\MSP_PODCAST\Audio\batch_041\MSP-PODCAST_2352_0898.wav"
"41","346","MSP-PODCAST_2352_0900.wav","SOURCE_ZERO_LENGTH","0","NotContentIndexed","-1","H","1288","Train","C:\Users\RD004\Box\知能情報処理システム研究室\音声\音声データベース\MSP_PODCAST\Audio\MSP-PODCAST_2352_0900.wav","C:\Users\RD004\Documents\lab\data\MSP_PODCAST\Audio\batch_041\MSP-PODCAST_2352_0900.wav"
"41","347","MSP-PODCAST_2352_0905.wav","SOURCE_ZERO_LENGTH","0","NotContentIndexed","-1","H","1288","Train","C:\Users\RD004\Box\知能情報処理システム研究室\音声\音声データベース\MSP_PODCAST\Audio\MSP-PODCAST_2352_0905.wav","C:\Users\RD004\Documents\lab\data\MSP_PODCAST\Audio\batch_041\MSP-PODCAST_2352_0905.wav"
"41","348","MSP-PODCAST_2352_0910.wav","SOURCE_ZERO_LENGTH","0","NotContentIndexed","-1","H","1288","Train","C:\Users\RD004\Box\知能情報処理システム研究室\音声\音声データベース\MSP_PODCAST\Audio\MSP-PODCAST_2352_0910.wav","C:\Users\RD004\Documents\lab\data\MSP_PODCAST\Audio\batch_041\MSP-PODCAST_2352_0910.wav"
"41","349","MSP-PODCAST_2352_0914.wav","SOURCE_ZERO_LENGTH","0","NotContentIndexed","-1","A","1288","Train","C:\Users\RD004\Box\知能情報処理システム研究室\音声\音声データベース\MSP_PODCAST\Audio\MSP-PODCAST_2352_0914.wav","C:\Users\RD004\Documents\lab\data\MSP_PODCAST\Audio\batch_041\MSP-PODCAST_2352_0914.wav"
"41","350","MSP-PODCAST_2352_0916.wav","SOURCE_ZERO_LENGTH","0","NotContentIndexed","-1","A","1288","Train","C:\Users\RD004\Box\知能情報処理システム研究室\音声\音声データベース\MSP_PODCAST\Audio\MSP-PODCAST_2352_0916.wav","C:\Users\RD004\Documents\lab\data\MSP_PODCAST\Audio\batch_041\MSP-PODCAST_2352_0916.wav"
"41","351","MSP-PODCAST_2352_0919.wav","SOURCE_ZERO_LENGTH","0","NotContentIndexed","-1","H","1288","Train","C:\Users\RD004\Box\知能情報処理システム研究室\音声\音声データベース\MSP_PODCAST\Audio\MSP-PODCAST_2352_0919.wav","C:\Users\RD004\Documents\lab\data\MSP_PODCAST\Audio\batch_041\MSP-PODCAST_2352_0919.wav"
"41","352","MSP-PODCAST_2352_0931.wav","SOURCE_ZERO_LENGTH","0","NotContentIndexed","-1","H","1288","Train","C:\Users\RD004\Box\知能情報処理システム研究室\音声\音声データベース\MSP_PODCAST\Audio\MSP-PODCAST_2352_0931.wav","C:\Users\RD004\Documents\lab\data\MSP_PODCAST\Audio\batch_041\MSP-PODCAST_2352_0931.wav"
"41","353","MSP-PODCAST_2352_0936.wav","SOURCE_ZERO_LENGTH","0","NotContentIndexed","-1","A","1288","Train","C:\Users\RD004\Box\知能情報処理システム研究室\音声\音声データベース\MSP_PODCAST\Audio\MSP-PODCAST_2352_0936.wav","C:\Users\RD004\Documents\lab\data\MSP_PODCAST\Audio\batch_041\MSP-PODCAST_2352_0936.wav"
"41","354","MSP-PODCAST_2352_0937.wav","SOURCE_ZERO_LENGTH","0","NotContentIndexed","-1","D","1288","Train","C:\Users\RD004\Box\知能情報処理システム研究室\音声\音声データベース\MSP_PODCAST\Audio\MSP-PODCAST_2352_0937.wav","C:\Users\RD004\Documents\lab\data\MSP_PODCAST\Audio\batch_041\MSP-PODCAST_2352_0937.wav"
"41","355","MSP-PODCAST_2352_0946.wav","SOURCE_ZERO_LENGTH","0","NotContentIndexed","-1","H","1288","Train","C:\Users\RD004\Box\知能情報処理システム研究室\音声\音声データベース\MSP_PODCAST\Audio\MSP-PODCAST_2352_0946.wav","C:\Users\RD004\Documents\lab\data\MSP_PODCAST\Audio\batch_041\MSP-PODCAST_2352_0946.wav"
"41","356","MSP-PODCAST_2352_0948.wav","SOURCE_ZERO_LENGTH","0","NotContentIndexed","-1","H","1288","Train","C:\Users\RD004\Box\知能情報処理システム研究室\音声\音声データベース\MSP_PODCAST\Audio\MSP-PODCAST_2352_0948.wav","C:\Users\RD004\Documents\lab\data\MSP_PODCAST\Audio\batch_041\MSP-PODCAST_2352_0948.wav"
"41","357","MSP-PODCAST_2352_0949.wav","SOURCE_ZERO_LENGTH","0","NotContentIndexed","-1","A","1288","Train","C:\Users\RD004\Box\知能情報処理システム研究室\音声\音声データベース\MSP_PODCAST\Audio\MSP-PODCAST_2352_0949.wav","C:\Users\RD004\Documents\lab\data\MSP_PODCAST\Audio\batch_041\MSP-PODCAST_2352_0949.wav"
"41","358","MSP-PODCAST_2352_0960.wav","SOURCE_ZERO_LENGTH","0","NotContentIndexed","-1","S","1289","Train","C:\Users\RD004\Box\知能情報処理システム研究室\音声\音声データベース\MSP_PODCAST\Audio\MSP-PODCAST_2352_0960.wav","C:\Users\RD004\Documents\lab\data\MSP_PODCAST\Audio\batch_041\MSP-PODCAST_2352_0960.wav"
"41","359","MSP-PODCAST_2352_0969.wav","SOURCE_ZERO_LENGTH","0","NotContentIndexed","-1","D","1288","Train","C:\Users\RD004\Box\知能情報処理システム研究室\音声\音声データベース\MSP_PODCAST\Audio\MSP-PODCAST_2352_0969.wav","C:\Users\RD004\Documents\lab\data\MSP_PODCAST\Audio\batch_041\MSP-PODCAST_2352_0969.wav"
"41","360","MSP-PODCAST_2352_0976.wav","SOURCE_ZERO_LENGTH","0","NotContentIndexed","-1","A","1288","Train","C:\Users\RD004\Box\知能情報処理システム研究室\音声\音声データベース\MSP_PODCAST\Audio\MSP-PODCAST_2352_0976.wav","C:\Users\RD004\Documents\lab\data\MSP_PODCAST\Audio\batch_041\MSP-PODCAST_2352_0976.wav"
"41","361","MSP-PODCAST_2352_0978.wav","SOURCE_ZERO_LENGTH","0","NotContentIndexed","-1","H","1289","Train","C:\Users\RD004\Box\知能情報処理システム研究室\音声\音声データベース\MSP_PODCAST\Audio\MSP-PODCAST_2352_0978.wav","C:\Users\RD004\Documents\lab\data\MSP_PODCAST\Audio\batch_041\MSP-PODCAST_2352_0978.wav"
"41","362","MSP-PODCAST_2352_0980.wav","SOURCE_ZERO_LENGTH","0","NotContentIndexed","-1","H","1289","Train","C:\Users\RD004\Box\知能情報処理システム研究室\音声\音声データベース\MSP_PODCAST\Audio\MSP-PODCAST_2352_0980.wav","C:\Users\RD004\Documents\lab\data\MSP_PODCAST\Audio\batch_041\MSP-PODCAST_2352_0980.wav"
"41","363","MSP-PODCAST_2352_0982.wav","SOURCE_ZERO_LENGTH","0","NotContentIndexed","-1","H","1289","Train","C:\Users\RD004\Box\知能情報処理システム研究室\音声\音声データベース\MSP_PODCAST\Audio\MSP-PODCAST_2352_0982.wav","C:\Users\RD004\Documents\lab\data\MSP_PODCAST\Audio\batch_041\MSP-PODCAST_2352_0982.wav"
"41","364","MSP-PODCAST_2352_0984.wav","SOURCE_ZERO_LENGTH","0","NotContentIndexed","-1","A","1289","Train","C:\Users\RD004\Box\知能情報処理システム研究室\音声\音声データベース\MSP_PODCAST\Audio\MSP-PODCAST_2352_0984.wav","C:\Users\RD004\Documents\lab\data\MSP_PODCAST\Audio\batch_041\MSP-PODCAST_2352_0984.wav"
"41","365","MSP-PODCAST_2352_0989.wav","SOURCE_ZERO_LENGTH","0","NotContentIndexed","-1","A","1292","Train","C:\Users\RD004\Box\知能情報処理システム研究室\音声\音声データベース\MSP_PODCAST\Audio\MSP-PODCAST_2352_0989.wav","C:\Users\RD004\Documents\lab\data\MSP_PODCAST\Audio\batch_041\MSP-PODCAST_2352_0989.wav"
"41","366","MSP-PODCAST_2352_0997.wav","SOURCE_ZERO_LENGTH","0","NotContentIndexed","-1","A","1292","Train","C:\Users\RD004\Box\知能情報処理システム研究室\音声\音声データベース\MSP_PODCAST\Audio\MSP-PODCAST_2352_0997.wav","C:\Users\RD004\Documents\lab\data\MSP_PODCAST\Audio\batch_041\MSP-PODCAST_2352_0997.wav"
"41","367","MSP-PODCAST_2352_0998.wav","SOURCE_ZERO_LENGTH","0","NotContentIndexed","-1","A","1292","Train","C:\Users\RD004\Box\知能情報処理システム研究室\音声\音声データベース\MSP_PODCAST\Audio\MSP-PODCAST_2352_0998.wav","C:\Users\RD004\Documents\lab\data\MSP_PODCAST\Audio\batch_041\MSP-PODCAST_2352_0998.wav"
"41","368","MSP-PODCAST_2352_1002.wav","SOURCE_ZERO_LENGTH","0","NotContentIndexed","-1","A","1292","Train","C:\Users\RD004\Box\知能情報処理システム研究室\音声\音声データベース\MSP_PODCAST\Audio\MSP-PODCAST_2352_1002.wav","C:\Users\RD004\Documents\lab\data\MSP_PODCAST\Audio\batch_041\MSP-PODCAST_2352_1002.wav"
"41","369","MSP-PODCAST_2352_1003.wav","SOURCE_ZERO_LENGTH","0","NotContentIndexed","-1","H","1292","Train","C:\Users\RD004\Box\知能情報処理システム研究室\音声\音声データベース\MSP_PODCAST\Audio\MSP-PODCAST_2352_1003.wav","C:\Users\RD004\Documents\lab\data\MSP_PODCAST\Audio\batch_041\MSP-PODCAST_2352_1003.wav"
"41","370","MSP-PODCAST_2352_1008.wav","SOURCE_ZERO_LENGTH","0","NotContentIndexed","-1","H","1288","Train","C:\Users\RD004\Box\知能情報処理システム研究室\音声\音声データベース\MSP_PODCAST\Audio\MSP-PODCAST_2352_1008.wav","C:\Users\RD004\Documents\lab\data\MSP_PODCAST\Audio\batch_041\MSP-PODCAST_2352_1008.wav"
"41","371","MSP-PODCAST_2352_1010.wav","SOURCE_ZERO_LENGTH","0","NotContentIndexed","-1","A","1289","Train","C:\Users\RD004\Box\知能情報処理システム研究室\音声\音声データベース\MSP_PODCAST\Audio\MSP-PODCAST_2352_1010.wav","C:\Users\RD004\Documents\lab\data\MSP_PODCAST\Audio\batch_041\MSP-PODCAST_2352_1010.wav"
"41","372","MSP-PODCAST_2352_1020.wav","SOURCE_ZERO_LENGTH","0","NotContentIndexed","-1","A","1289","Train","C:\Users\RD004\Box\知能情報処理システム研究室\音声\音声データベース\MSP_PODCAST\Audio\MSP-PODCAST_2352_1020.wav","C:\Users\RD004\Documents\lab\data\MSP_PODCAST\Audio\batch_041\MSP-PODCAST_2352_1020.wav"
"41","373","MSP-PODCAST_2352_1021.wav","SOURCE_ZERO_LENGTH","0","NotContentIndexed","-1","A","1289","Train","C:\Users\RD004\Box\知能情報処理システム研究室\音声\音声データベース\MSP_PODCAST\Audio\MSP-PODCAST_2352_1021.wav","C:\Users\RD004\Documents\lab\data\MSP_PODCAST\Audio\batch_041\MSP-PODCAST_2352_1021.wav"
"41","374","MSP-PODCAST_2352_1023.wav","SOURCE_ZERO_LENGTH","0","NotContentIndexed","-1","A","1289","Train","C:\Users\RD004\Box\知能情報処理システム研究室\音声\音声データベース\MSP_PODCAST\Audio\MSP-PODCAST_2352_1023.wav","C:\Users\RD004\Documents\lab\data\MSP_PODCAST\Audio\batch_041\MSP-PODCAST_2352_1023.wav"
"41","375","MSP-PODCAST_2352_1024.wav","SOURCE_ZERO_LENGTH","0","NotContentIndexed","-1","A","1289","Train","C:\Users\RD004\Box\知能情報処理システム研究室\音声\音声データベース\MSP_PODCAST\Audio\MSP-PODCAST_2352_1024.wav","C:\Users\RD004\Documents\lab\data\MSP_PODCAST\Audio\batch_041\MSP-PODCAST_2352_1024.wav"
"41","376","MSP-PODCAST_2352_1026.wav","SOURCE_ZERO_LENGTH","0","NotContentIndexed","-1","A","1289","Train","C:\Users\RD004\Box\知能情報処理システム研究室\音声\音声データベース\MSP_PODCAST\Audio\MSP-PODCAST_2352_1026.wav","C:\Users\RD004\Documents\lab\data\MSP_PODCAST\Audio\batch_041\MSP-PODCAST_2352_1026.wav"
"41","377","MSP-PODCAST_2352_1030.wav","SOURCE_ZERO_LENGTH","0","NotContentIndexed","-1","A","1289","Train","C:\Users\RD004\Box\知能情報処理システム研究室\音声\音声データベース\MSP_PODCAST\Audio\MSP-PODCAST_2352_1030.wav","C:\Users\RD004\Documents\lab\data\MSP_PODCAST\Audio\batch_041\MSP-PODCAST_2352_1030.wav"
"41","378","MSP-PODCAST_2352_1053.wav","SOURCE_ZERO_LENGTH","0","NotContentIndexed","-1","A","1289","Train","C:\Users\RD004\Box\知能情報処理システム研究室\音声\音声データベース\MSP_PODCAST\Audio\MSP-PODCAST_2352_1053.wav","C:\Users\RD004\Documents\lab\data\MSP_PODCAST\Audio\batch_041\MSP-PODCAST_2352_1053.wav"
"41","379","MSP-PODCAST_2352_1054.wav","SOURCE_ZERO_LENGTH","0","NotContentIndexed","-1","A","1289","Train","C:\Users\RD004\Box\知能情報処理システム研究室\音声\音声データベース\MSP_PODCAST\Audio\MSP-PODCAST_2352_1054.wav","C:\Users\RD004\Documents\lab\data\MSP_PODCAST\Audio\batch_041\MSP-PODCAST_2352_1054.wav"
"41","380","MSP-PODCAST_2352_1055.wav","SOURCE_ZERO_LENGTH","0","NotContentIndexed","-1","A","1292","Train","C:\Users\RD004\Box\知能情報処理システム研究室\音声\音声データベース\MSP_PODCAST\Audio\MSP-PODCAST_2352_1055.wav","C:\Users\RD004\Documents\lab\data\MSP_PODCAST\Audio\batch_041\MSP-PODCAST_2352_1055.wav"
"41","381","MSP-PODCAST_2352_1058.wav","SOURCE_ZERO_LENGTH","0","NotContentIndexed","-1","S","1293","Train","C:\Users\RD004\Box\知能情報処理システム研究室\音声\音声データベース\MSP_PODCAST\Audio\MSP-PODCAST_2352_1058.wav","C:\Users\RD004\Documents\lab\data\MSP_PODCAST\Audio\batch_041\MSP-PODCAST_2352_1058.wav"
"41","382","MSP-PODCAST_2352_1061.wav","SOURCE_ZERO_LENGTH","0","NotContentIndexed","-1","A","1292","Train","C:\Users\RD004\Box\知能情報処理システム研究室\音声\音声データベース\MSP_PODCAST\Audio\MSP-PODCAST_2352_1061.wav","C:\Users\RD004\Documents\lab\data\MSP_PODCAST\Audio\batch_041\MSP-PODCAST_2352_1061.wav"
"41","383","MSP-PODCAST_2352_1065.wav","SOURCE_ZERO_LENGTH","0","NotContentIndexed","-1","H","1292","Train","C:\Users\RD004\Box\知能情報処理システム研究室\音声\音声データベース\MSP_PODCAST\Audio\MSP-PODCAST_2352_1065.wav","C:\Users\RD004\Documents\lab\data\MSP_PODCAST\Audio\batch_041\MSP-PODCAST_2352_1065.wav"
"41","384","MSP-PODCAST_2352_1069.wav","SOURCE_ZERO_LENGTH","0","NotContentIndexed","-1","A","1292","Train","C:\Users\RD004\Box\知能情報処理システム研究室\音声\音声データベース\MSP_PODCAST\Audio\MSP-PODCAST_2352_1069.wav","C:\Users\RD004\Documents\lab\data\MSP_PODCAST\Audio\batch_041\MSP-PODCAST_2352_1069.wav"
"41","385","MSP-PODCAST_2352_1070.wav","SOURCE_ZERO_LENGTH","0","NotContentIndexed","-1","A","1292","Train","C:\Users\RD004\Box\知能情報処理システム研究室\音声\音声データベース\MSP_PODCAST\Audio\MSP-PODCAST_2352_1070.wav","C:\Users\RD004\Documents\lab\data\MSP_PODCAST\Audio\batch_041\MSP-PODCAST_2352_1070.wav"
"41","386","MSP-PODCAST_2352_1074.wav","SOURCE_ZERO_LENGTH","0","NotContentIndexed","-1","A","1292","Train","C:\Users\RD004\Box\知能情報処理システム研究室\音声\音声データベース\MSP_PODCAST\Audio\MSP-PODCAST_2352_1074.wav","C:\Users\RD004\Documents\lab\data\MSP_PODCAST\Audio\batch_041\MSP-PODCAST_2352_1074.wav"
"41","387","MSP-PODCAST_2352_1083.wav","SOURCE_ZERO_LENGTH","0","NotContentIndexed","-1","H","1288","Train","C:\Users\RD004\Box\知能情報処理システム研究室\音声\音声データベース\MSP_PODCAST\Audio\MSP-PODCAST_2352_1083.wav","C:\Users\RD004\Documents\lab\data\MSP_PODCAST\Audio\batch_041\MSP-PODCAST_2352_1083.wav"
"41","388","MSP-PODCAST_2352_1085.wav","SOURCE_ZERO_LENGTH","0","NotContentIndexed","-1","H","1288","Train","C:\Users\RD004\Box\知能情報処理システム研究室\音声\音声データベース\MSP_PODCAST\Audio\MSP-PODCAST_2352_1085.wav","C:\Users\RD004\Documents\lab\data\MSP_PODCAST\Audio\batch_041\MSP-PODCAST_2352_1085.wav"
"41","389","MSP-PODCAST_2352_1098.wav","SOURCE_ZERO_LENGTH","0","NotContentIndexed","-1","A","1288","Train","C:\Users\RD004\Box\知能情報処理システム研究室\音声\音声データベース\MSP_PODCAST\Audio\MSP-PODCAST_2352_1098.wav","C:\Users\RD004\Documents\lab\data\MSP_PODCAST\Audio\batch_041\MSP-PODCAST_2352_1098.wav"
"41","390","MSP-PODCAST_2352_1099.wav","SOURCE_ZERO_LENGTH","0","NotContentIndexed","-1","H","1288","Train","C:\Users\RD004\Box\知能情報処理システム研究室\音声\音声データベース\MSP_PODCAST\Audio\MSP-PODCAST_2352_1099.wav","C:\Users\RD004\Documents\lab\data\MSP_PODCAST\Audio\batch_041\MSP-PODCAST_2352_1099.wav"
"41","391","MSP-PODCAST_2352_1101.wav","SOURCE_ZERO_LENGTH","0","NotContentIndexed","-1","H","1288","Train","C:\Users\RD004\Box\知能情報処理システム研究室\音声\音声データベース\MSP_PODCAST\Audio\MSP-PODCAST_2352_1101.wav","C:\Users\RD004\Documents\lab\data\MSP_PODCAST\Audio\batch_041\MSP-PODCAST_2352_1101.wav"
"41","392","MSP-PODCAST_2352_1110.wav","SOURCE_ZERO_LENGTH","0","NotContentIndexed","-1","H","1292","Train","C:\Users\RD004\Box\知能情報処理システム研究室\音声\音声データベース\MSP_PODCAST\Audio\MSP-PODCAST_2352_1110.wav","C:\Users\RD004\Documents\lab\data\MSP_PODCAST\Audio\batch_041\MSP-PODCAST_2352_1110.wav"
"41","393","MSP-PODCAST_2352_1112.wav","SOURCE_ZERO_LENGTH","0","NotContentIndexed","-1","A","1293","Train","C:\Users\RD004\Box\知能情報処理システム研究室\音声\音声データベース\MSP_PODCAST\Audio\MSP-PODCAST_2352_1112.wav","C:\Users\RD004\Documents\lab\data\MSP_PODCAST\Audio\batch_041\MSP-PODCAST_2352_1112.wav"
"41","394","MSP-PODCAST_2352_1113.wav","SOURCE_ZERO_LENGTH","0","NotContentIndexed","-1","H","1288","Train","C:\Users\RD004\Box\知能情報処理システム研究室\音声\音声データベース\MSP_PODCAST\Audio\MSP-PODCAST_2352_1113.wav","C:\Users\RD004\Documents\lab\data\MSP_PODCAST\Audio\batch_041\MSP-PODCAST_2352_1113.wav"
"41","395","MSP-PODCAST_2352_1115.wav","SOURCE_ZERO_LENGTH","0","NotContentIndexed","-1","A","1288","Train","C:\Users\RD004\Box\知能情報処理システム研究室\音声\音声データベース\MSP_PODCAST\Audio\MSP-PODCAST_2352_1115.wav","C:\Users\RD004\Documents\lab\data\MSP_PODCAST\Audio\batch_041\MSP-PODCAST_2352_1115.wav"
"41","396","MSP-PODCAST_2352_1120.wav","SOURCE_ZERO_LENGTH","0","NotContentIndexed","-1","A","1292","Train","C:\Users\RD004\Box\知能情報処理システム研究室\音声\音声データベース\MSP_PODCAST\Audio\MSP-PODCAST_2352_1120.wav","C:\Users\RD004\Documents\lab\data\MSP_PODCAST\Audio\batch_041\MSP-PODCAST_2352_1120.wav"
"41","397","MSP-PODCAST_2352_1123.wav","SOURCE_ZERO_LENGTH","0","NotContentIndexed","-1","H","1292","Train","C:\Users\RD004\Box\知能情報処理システム研究室\音声\音声データベース\MSP_PODCAST\Audio\MSP-PODCAST_2352_1123.wav","C:\Users\RD004\Documents\lab\data\MSP_PODCAST\Audio\batch_041\MSP-PODCAST_2352_1123.wav"
"41","398","MSP-PODCAST_2352_1126.wav","SOURCE_ZERO_LENGTH","0","NotContentIndexed","-1","H","1292","Train","C:\Users\RD004\Box\知能情報処理システム研究室\音声\音声データベース\MSP_PODCAST\Audio\MSP-PODCAST_2352_1126.wav","C:\Users\RD004\Documents\lab\data\MSP_PODCAST\Audio\batch_041\MSP-PODCAST_2352_1126.wav"
"41","399","MSP-PODCAST_2352_1127.wav","SOURCE_ZERO_LENGTH","0","NotContentIndexed","-1","A","1292","Train","C:\Users\RD004\Box\知能情報処理システム研究室\音声\音声データベース\MSP_PODCAST\Audio\MSP-PODCAST_2352_1127.wav","C:\Users\RD004\Documents\lab\data\MSP_PODCAST\Audio\batch_041\MSP-PODCAST_2352_1127.wav"
"41","400","MSP-PODCAST_2352_1134.wav","SOURCE_ZERO_LENGTH","0","NotContentIndexed","-1","H","1288","Train","C:\Users\RD004\Box\知能情報処理システム研究室\音声\音声データベース\MSP_PODCAST\Audio\MSP-PODCAST_2352_1134.wav","C:\Users\RD004\Documents\lab\data\MSP_PODCAST\Audio\batch_041\MSP-PODCAST_2352_1134.wav"
"41","401","MSP-PODCAST_2352_1137.wav","SOURCE_ZERO_LENGTH","0","NotContentIndexed","-1","A","1288","Train","C:\Users\RD004\Box\知能情報処理システム研究室\音声\音声データベース\MSP_PODCAST\Audio\MSP-PODCAST_2352_1137.wav","C:\Users\RD004\Documents\lab\data\MSP_PODCAST\Audio\batch_041\MSP-PODCAST_2352_1137.wav"
"41","402","MSP-PODCAST_2352_1138.wav","SOURCE_ZERO_LENGTH","0","NotContentIndexed","-1","H","1288","Train","C:\Users\RD004\Box\知能情報処理システム研究室\音声\音声データベース\MSP_PODCAST\Audio\MSP-PODCAST_2352_1138.wav","C:\Users\RD004\Documents\lab\data\MSP_PODCAST\Audio\batch_041\MSP-PODCAST_2352_1138.wav"
"41","403","MSP-PODCAST_2352_1141.wav","SOURCE_ZERO_LENGTH","0","NotContentIndexed","-1","A","1291","Train","C:\Users\RD004\Box\知能情報処理システム研究室\音声\音声データベース\MSP_PODCAST\Audio\MSP-PODCAST_2352_1141.wav","C:\Users\RD004\Documents\lab\data\MSP_PODCAST\Audio\batch_041\MSP-PODCAST_2352_1141.wav"
"41","404","MSP-PODCAST_2352_1150.wav","SOURCE_ZERO_LENGTH","0","NotContentIndexed","-1","A","1289","Train","C:\Users\RD004\Box\知能情報処理システム研究室\音声\音声データベース\MSP_PODCAST\Audio\MSP-PODCAST_2352_1150.wav","C:\Users\RD004\Documents\lab\data\MSP_PODCAST\Audio\batch_041\MSP-PODCAST_2352_1150.wav"
"41","405","MSP-PODCAST_2352_1153.wav","SOURCE_ZERO_LENGTH","0","NotContentIndexed","-1","H","1288","Train","C:\Users\RD004\Box\知能情報処理システム研究室\音声\音声データベース\MSP_PODCAST\Audio\MSP-PODCAST_2352_1153.wav","C:\Users\RD004\Documents\lab\data\MSP_PODCAST\Audio\batch_041\MSP-PODCAST_2352_1153.wav"
"41","406","MSP-PODCAST_2352_1157.wav","SOURCE_ZERO_LENGTH","0","NotContentIndexed","-1","H","1288","Train","C:\Users\RD004\Box\知能情報処理システム研究室\音声\音声データベース\MSP_PODCAST\Audio\MSP-PODCAST_2352_1157.wav","C:\Users\RD004\Documents\lab\data\MSP_PODCAST\Audio\batch_041\MSP-PODCAST_2352_1157.wav"
"41","407","MSP-PODCAST_2352_1159.wav","SOURCE_ZERO_LENGTH","0","NotContentIndexed","-1","A","1289","Train","C:\Users\RD004\Box\知能情報処理システム研究室\音声\音声データベース\MSP_PODCAST\Audio\MSP-PODCAST_2352_1159.wav","C:\Users\RD004\Documents\lab\data\MSP_PODCAST\Audio\batch_041\MSP-PODCAST_2352_1159.wav"
"41","408","MSP-PODCAST_2352_1164.wav","SOURCE_ZERO_LENGTH","0","NotContentIndexed","-1","A","1289","Train","C:\Users\RD004\Box\知能情報処理システム研究室\音声\音声データベース\MSP_PODCAST\Audio\MSP-PODCAST_2352_1164.wav","C:\Users\RD004\Documents\lab\data\MSP_PODCAST\Audio\batch_041\MSP-PODCAST_2352_1164.wav"
"41","409","MSP-PODCAST_2352_1166.wav","SOURCE_ZERO_LENGTH","0","NotContentIndexed","-1","H","1288","Train","C:\Users\RD004\Box\知能情報処理システム研究室\音声\音声データベース\MSP_PODCAST\Audio\MSP-PODCAST_2352_1166.wav","C:\Users\RD004\Documents\lab\data\MSP_PODCAST\Audio\batch_041\MSP-PODCAST_2352_1166.wav"
"41","410","MSP-PODCAST_2352_1171.wav","SOURCE_ZERO_LENGTH","0","NotContentIndexed","-1","S","1291","Train","C:\Users\RD004\Box\知能情報処理システム研究室\音声\音声データベース\MSP_PODCAST\Audio\MSP-PODCAST_2352_1171.wav","C:\Users\RD004\Documents\lab\data\MSP_PODCAST\Audio\batch_041\MSP-PODCAST_2352_1171.wav"
"41","411","MSP-PODCAST_2352_1175.wav","SOURCE_ZERO_LENGTH","0","NotContentIndexed","-1","A","1291","Train","C:\Users\RD004\Box\知能情報処理システム研究室\音声\音声データベース\MSP_PODCAST\Audio\MSP-PODCAST_2352_1175.wav","C:\Users\RD004\Documents\lab\data\MSP_PODCAST\Audio\batch_041\MSP-PODCAST_2352_1175.wav"
"41","412","MSP-PODCAST_2352_1180.wav","SOURCE_ZERO_LENGTH","0","NotContentIndexed","-1","S","1291","Train","C:\Users\RD004\Box\知能情報処理システム研究室\音声\音声データベース\MSP_PODCAST\Audio\MSP-PODCAST_2352_1180.wav","C:\Users\RD004\Documents\lab\data\MSP_PODCAST\Audio\batch_041\MSP-PODCAST_2352_1180.wav"
"41","413","MSP-PODCAST_2352_1187.wav","SOURCE_ZERO_LENGTH","0","NotContentIndexed","-1","A","1288","Train","C:\Users\RD004\Box\知能情報処理システム研究室\音声\音声データベース\MSP_PODCAST\Audio\MSP-PODCAST_2352_1187.wav","C:\Users\RD004\Documents\lab\data\MSP_PODCAST\Audio\batch_041\MSP-PODCAST_2352_1187.wav"
"41","414","MSP-PODCAST_2352_1203.wav","SOURCE_ZERO_LENGTH","0","NotContentIndexed","-1","H","1288","Train","C:\Users\RD004\Box\知能情報処理システム研究室\音声\音声データベース\MSP_PODCAST\Audio\MSP-PODCAST_2352_1203.wav","C:\Users\RD004\Documents\lab\data\MSP_PODCAST\Audio\batch_041\MSP-PODCAST_2352_1203.wav"
"41","415","MSP-PODCAST_2352_1206.wav","SOURCE_ZERO_LENGTH","0","NotContentIndexed","-1","H","1288","Train","C:\Users\RD004\Box\知能情報処理システム研究室\音声\音声データベース\MSP_PODCAST\Audio\MSP-PODCAST_2352_1206.wav","C:\Users\RD004\Documents\lab\data\MSP_PODCAST\Audio\batch_041\MSP-PODCAST_2352_1206.wav"
"41","416","MSP-PODCAST_2352_1225.wav","SOURCE_ZERO_LENGTH","0","NotContentIndexed","-1","H","1292","Train","C:\Users\RD004\Box\知能情報処理システム研究室\音声\音声データベース\MSP_PODCAST\Audio\MSP-PODCAST_2352_1225.wav","C:\Users\RD004\Documents\lab\data\MSP_PODCAST\Audio\batch_041\MSP-PODCAST_2352_1225.wav"
"41","417","MSP-PODCAST_2352_1228.wav","SOURCE_ZERO_LENGTH","0","NotContentIndexed","-1","H","1288","Train","C:\Users\RD004\Box\知能情報処理システム研究室\音声\音声データベース\MSP_PODCAST\Audio\MSP-PODCAST_2352_1228.wav","C:\Users\RD004\Documents\lab\data\MSP_PODCAST\Audio\batch_041\MSP-PODCAST_2352_1228.wav"
"41","418","MSP-PODCAST_2352_1234.wav","SOURCE_ZERO_LENGTH","0","NotContentIndexed","-1","S","1291","Train","C:\Users\RD004\Box\知能情報処理システム研究室\音声\音声データベース\MSP_PODCAST\Audio\MSP-PODCAST_2352_1234.wav","C:\Users\RD004\Documents\lab\data\MSP_PODCAST\Audio\batch_041\MSP-PODCAST_2352_1234.wav"
"41","419","MSP-PODCAST_2352_1240.wav","SOURCE_ZERO_LENGTH","0","NotContentIndexed","-1","A","1291","Train","C:\Users\RD004\Box\知能情報処理システム研究室\音声\音声データベース\MSP_PODCAST\Audio\MSP-PODCAST_2352_1240.wav","C:\Users\RD004\Documents\lab\data\MSP_PODCAST\Audio\batch_041\MSP-PODCAST_2352_1240.wav"
"41","420","MSP-PODCAST_2352_1257.wav","SOURCE_ZERO_LENGTH","0","NotContentIndexed","-1","A","1291","Train","C:\Users\RD004\Box\知能情報処理システム研究室\音声\音声データベース\MSP_PODCAST\Audio\MSP-PODCAST_2352_1257.wav","C:\Users\RD004\Documents\lab\data\MSP_PODCAST\Audio\batch_041\MSP-PODCAST_2352_1257.wav"
"41","421","MSP-PODCAST_2352_1269.wav","SOURCE_ZERO_LENGTH","0","NotContentIndexed","-1","A","1291","Train","C:\Users\RD004\Box\知能情報処理システム研究室\音声\音声データベース\MSP_PODCAST\Audio\MSP-PODCAST_2352_1269.wav","C:\Users\RD004\Documents\lab\data\MSP_PODCAST\Audio\batch_041\MSP-PODCAST_2352_1269.wav"
"41","422","MSP-PODCAST_2352_1282.wav","SOURCE_ZERO_LENGTH","0","NotContentIndexed","-1","H","1291","Train","C:\Users\RD004\Box\知能情報処理システム研究室\音声\音声データベース\MSP_PODCAST\Audio\MSP-PODCAST_2352_1282.wav","C:\Users\RD004\Documents\lab\data\MSP_PODCAST\Audio\batch_041\MSP-PODCAST_2352_1282.wav"
"41","423","MSP-PODCAST_2352_1296.wav","SOURCE_ZERO_LENGTH","0","NotContentIndexed","-1","H","1289","Train","C:\Users\RD004\Box\知能情報処理システム研究室\音声\音声データベース\MSP_PODCAST\Audio\MSP-PODCAST_2352_1296.wav","C:\Users\RD004\Documents\lab\data\MSP_PODCAST\Audio\batch_041\MSP-PODCAST_2352_1296.wav"
"41","424","MSP-PODCAST_2352_1302.wav","SOURCE_ZERO_LENGTH","0","NotContentIndexed","-1","H","1289","Train","C:\Users\RD004\Box\知能情報処理システム研究室\音声\音声データベース\MSP_PODCAST\Audio\MSP-PODCAST_2352_1302.wav","C:\Users\RD004\Documents\lab\data\MSP_PODCAST\Audio\batch_041\MSP-PODCAST_2352_1302.wav"
"41","425","MSP-PODCAST_2352_1312.wav","SOURCE_ZERO_LENGTH","0","NotContentIndexed","-1","A","1288","Train","C:\Users\RD004\Box\知能情報処理システム研究室\音声\音声データベース\MSP_PODCAST\Audio\MSP-PODCAST_2352_1312.wav","C:\Users\RD004\Documents\lab\data\MSP_PODCAST\Audio\batch_041\MSP-PODCAST_2352_1312.wav"
"41","426","MSP-PODCAST_2353_0011.wav","SOURCE_ZERO_LENGTH","0","NotContentIndexed","-1","H","159","Test1","C:\Users\RD004\Box\知能情報処理システム研究室\音声\音声データベース\MSP_PODCAST\Audio\MSP-PODCAST_2353_0011.wav","C:\Users\RD004\Documents\lab\data\MSP_PODCAST\Audio\batch_041\MSP-PODCAST_2353_0011.wav"
"41","427","MSP-PODCAST_2353_0016.wav","SOURCE_ZERO_LENGTH","0","NotContentIndexed","-1","A","159","Test1","C:\Users\RD004\Box\知能情報処理システム研究室\音声\音声データベース\MSP_PODCAST\Audio\MSP-PODCAST_2353_0016.wav","C:\Users\RD004\Documents\lab\data\MSP_PODCAST\Audio\batch_041\MSP-PODCAST_2353_0016.wav"
"41","428","MSP-PODCAST_2353_0017.wav","SOURCE_ZERO_LENGTH","0","NotContentIndexed","-1","H","159","Test1","C:\Users\RD004\Box\知能情報処理システム研究室\音声\音声データベース\MSP_PODCAST\Audio\MSP-PODCAST_2353_0017.wav","C:\Users\RD004\Documents\lab\data\MSP_PODCAST\Audio\batch_041\MSP-PODCAST_2353_0017.wav"
"41","429","MSP-PODCAST_2353_0032.wav","SOURCE_ZERO_LENGTH","0","NotContentIndexed","-1","H","159","Test1","C:\Users\RD004\Box\知能情報処理システム研究室\音声\音声データベース\MSP_PODCAST\Audio\MSP-PODCAST_2353_0032.wav","C:\Users\RD004\Documents\lab\data\MSP_PODCAST\Audio\batch_041\MSP-PODCAST_2353_0032.wav"
"41","430","MSP-PODCAST_2353_0040.wav","SOURCE_ZERO_LENGTH","0","NotContentIndexed","-1","H","159","Test1","C:\Users\RD004\Box\知能情報処理システム研究室\音声\音声データベース\MSP_PODCAST\Audio\MSP-PODCAST_2353_0040.wav","C:\Users\RD004\Documents\lab\data\MSP_PODCAST\Audio\batch_041\MSP-PODCAST_2353_0040.wav"
"41","431","MSP-PODCAST_2353_0046.wav","SOURCE_ZERO_LENGTH","0","NotContentIndexed","-1","H","159","Test1","C:\Users\RD004\Box\知能情報処理システム研究室\音声\音声データベース\MSP_PODCAST\Audio\MSP-PODCAST_2353_0046.wav","C:\Users\RD004\Documents\lab\data\MSP_PODCAST\Audio\batch_041\MSP-PODCAST_2353_0046.wav"
"41","432","MSP-PODCAST_2353_0050.wav","SOURCE_ZERO_LENGTH","0","NotContentIndexed","-1","H","159","Test1","C:\Users\RD004\Box\知能情報処理システム研究室\音声\音声データベース\MSP_PODCAST\Audio\MSP-PODCAST_2353_0050.wav","C:\Users\RD004\Documents\lab\data\MSP_PODCAST\Audio\batch_041\MSP-PODCAST_2353_0050.wav"
"41","433","MSP-PODCAST_2353_0051.wav","SOURCE_ZERO_LENGTH","0","NotContentIndexed","-1","H","159","Test1","C:\Users\RD004\Box\知能情報処理システム研究室\音声\音声データベース\MSP_PODCAST\Audio\MSP-PODCAST_2353_0051.wav","C:\Users\RD004\Documents\lab\data\MSP_PODCAST\Audio\batch_041\MSP-PODCAST_2353_0051.wav"
"41","434","MSP-PODCAST_2353_0055.wav","SOURCE_ZERO_LENGTH","0","NotContentIndexed","-1","H","159","Test1","C:\Users\RD004\Box\知能情報処理システム研究室\音声\音声データベース\MSP_PODCAST\Audio\MSP-PODCAST_2353_0055.wav","C:\Users\RD004\Documents\lab\data\MSP_PODCAST\Audio\batch_041\MSP-PODCAST_2353_0055.wav"
"41","435","MSP-PODCAST_2353_0069.wav","SOURCE_ZERO_LENGTH","0","NotContentIndexed","-1","H","160","Test1","C:\Users\RD004\Box\知能情報処理システム研究室\音声\音声データベース\MSP_PODCAST\Audio\MSP-PODCAST_2353_0069.wav","C:\Users\RD004\Documents\lab\data\MSP_PODCAST\Audio\batch_041\MSP-PODCAST_2353_0069.wav"
"41","436","MSP-PODCAST_2353_0078.wav","SOURCE_ZERO_LENGTH","0","NotContentIndexed","-1","S","160","Test1","C:\Users\RD004\Box\知能情報処理システム研究室\音声\音声データベース\MSP_PODCAST\Audio\MSP-PODCAST_2353_0078.wav","C:\Users\RD004\Documents\lab\data\MSP_PODCAST\Audio\batch_041\MSP-PODCAST_2353_0078.wav"
"41","437","MSP-PODCAST_2353_0110.wav","SOURCE_ZERO_LENGTH","0","NotContentIndexed","-1","H","160","Test1","C:\Users\RD004\Box\知能情報処理システム研究室\音声\音声データベース\MSP_PODCAST\Audio\MSP-PODCAST_2353_0110.wav","C:\Users\RD004\Documents\lab\data\MSP_PODCAST\Audio\batch_041\MSP-PODCAST_2353_0110.wav"
"41","438","MSP-PODCAST_2353_0116.wav","SOURCE_ZERO_LENGTH","0","NotContentIndexed","-1","H","159","Test1","C:\Users\RD004\Box\知能情報処理システム研究室\音声\音声データベース\MSP_PODCAST\Audio\MSP-PODCAST_2353_0116.wav","C:\Users\RD004\Documents\lab\data\MSP_PODCAST\Audio\batch_041\MSP-PODCAST_2353_0116.wav"
"41","439","MSP-PODCAST_2353_0119.wav","SOURCE_ZERO_LENGTH","0","NotContentIndexed","-1","H","160","Test1","C:\Users\RD004\Box\知能情報処理システム研究室\音声\音声データベース\MSP_PODCAST\Audio\MSP-PODCAST_2353_0119.wav","C:\Users\RD004\Documents\lab\data\MSP_PODCAST\Audio\batch_041\MSP-PODCAST_2353_0119.wav"
"41","440","MSP-PODCAST_2353_0127.wav","SOURCE_ZERO_LENGTH","0","NotContentIndexed","-1","H","160","Test1","C:\Users\RD004\Box\知能情報処理システム研究室\音声\音声データベース\MSP_PODCAST\Audio\MSP-PODCAST_2353_0127.wav","C:\Users\RD004\Documents\lab\data\MSP_PODCAST\Audio\batch_041\MSP-PODCAST_2353_0127.wav"
"41","441","MSP-PODCAST_2353_0131.wav","SOURCE_ZERO_LENGTH","0","NotContentIndexed","-1","H","160","Test1","C:\Users\RD004\Box\知能情報処理システム研究室\音声\音声データベース\MSP_PODCAST\Audio\MSP-PODCAST_2353_0131.wav","C:\Users\RD004\Documents\lab\data\MSP_PODCAST\Audio\batch_041\MSP-PODCAST_2353_0131.wav"
"41","442","MSP-PODCAST_2353_0132.wav","SOURCE_ZERO_LENGTH","0","NotContentIndexed","-1","H","160","Test1","C:\Users\RD004\Box\知能情報処理システム研究室\音声\音声データベース\MSP_PODCAST\Audio\MSP-PODCAST_2353_0132.wav","C:\Users\RD004\Documents\lab\data\MSP_PODCAST\Audio\batch_041\MSP-PODCAST_2353_0132.wav"
"41","443","MSP-PODCAST_2353_0140.wav","SOURCE_ZERO_LENGTH","0","NotContentIndexed","-1","A","160","Test1","C:\Users\RD004\Box\知能情報処理システム研究室\音声\音声データベース\MSP_PODCAST\Audio\MSP-PODCAST_2353_0140.wav","C:\Users\RD004\Documents\lab\data\MSP_PODCAST\Audio\batch_041\MSP-PODCAST_2353_0140.wav"
"41","444","MSP-PODCAST_2353_0145.wav","SOURCE_ZERO_LENGTH","0","NotContentIndexed","-1","H","160","Test1","C:\Users\RD004\Box\知能情報処理システム研究室\音声\音声データベース\MSP_PODCAST\Audio\MSP-PODCAST_2353_0145.wav","C:\Users\RD004\Documents\lab\data\MSP_PODCAST\Audio\batch_041\MSP-PODCAST_2353_0145.wav"
"41","445","MSP-PODCAST_2353_0162.wav","SOURCE_ZERO_LENGTH","0","NotContentIndexed","-1","H","159","Test1","C:\Users\RD004\Box\知能情報処理システム研究室\音声\音声データベース\MSP_PODCAST\Audio\MSP-PODCAST_2353_0162.wav","C:\Users\RD004\Documents\lab\data\MSP_PODCAST\Audio\batch_041\MSP-PODCAST_2353_0162.wav"
"41","446","MSP-PODCAST_2353_0180.wav","SOURCE_ZERO_LENGTH","0","NotContentIndexed","-1","H","160","Test1","C:\Users\RD004\Box\知能情報処理システム研究室\音声\音声データベース\MSP_PODCAST\Audio\MSP-PODCAST_2353_0180.wav","C:\Users\RD004\Documents\lab\data\MSP_PODCAST\Audio\batch_041\MSP-PODCAST_2353_0180.wav"
"41","447","MSP-PODCAST_2353_0195.wav","SOURCE_ZERO_LENGTH","0","NotContentIndexed","-1","A","159","Test1","C:\Users\RD004\Box\知能情報処理システム研究室\音声\音声データベース\MSP_PODCAST\Audio\MSP-PODCAST_2353_0195.wav","C:\Users\RD004\Documents\lab\data\MSP_PODCAST\Audio\batch_041\MSP-PODCAST_2353_0195.wav"
"41","448","MSP-PODCAST_2353_0196.wav","SOURCE_ZERO_LENGTH","0","NotContentIndexed","-1","H","160","Test1","C:\Users\RD004\Box\知能情報処理システム研究室\音声\音声データベース\MSP_PODCAST\Audio\MSP-PODCAST_2353_0196.wav","C:\Users\RD004\Documents\lab\data\MSP_PODCAST\Audio\batch_041\MSP-PODCAST_2353_0196.wav"
"41","449","MSP-PODCAST_2353_0198.wav","SOURCE_ZERO_LENGTH","0","NotContentIndexed","-1","A","159","Test1","C:\Users\RD004\Box\知能情報処理システム研究室\音声\音声データベース\MSP_PODCAST\Audio\MSP-PODCAST_2353_0198.wav","C:\Users\RD004\Documents\lab\data\MSP_PODCAST\Audio\batch_041\MSP-PODCAST_2353_0198.wav"
"41","450","MSP-PODCAST_2353_0199.wav","SOURCE_ZERO_LENGTH","0","NotContentIndexed","-1","H","159","Test1","C:\Users\RD004\Box\知能情報処理システム研究室\音声\音声データベース\MSP_PODCAST\Audio\MSP-PODCAST_2353_0199.wav","C:\Users\RD004\Documents\lab\data\MSP_PODCAST\Audio\batch_041\MSP-PODCAST_2353_0199.wav"
"41","451","MSP-PODCAST_2353_0219.wav","SOURCE_ZERO_LENGTH","0","NotContentIndexed","-1","H","159","Test1","C:\Users\RD004\Box\知能情報処理システム研究室\音声\音声データベース\MSP_PODCAST\Audio\MSP-PODCAST_2353_0219.wav","C:\Users\RD004\Documents\lab\data\MSP_PODCAST\Audio\batch_041\MSP-PODCAST_2353_0219.wav"
"41","452","MSP-PODCAST_2353_0220.wav","SOURCE_ZERO_LENGTH","0","NotContentIndexed","-1","S","159","Test1","C:\Users\RD004\Box\知能情報処理システム研究室\音声\音声データベース\MSP_PODCAST\Audio\MSP-PODCAST_2353_0220.wav","C:\Users\RD004\Documents\lab\data\MSP_PODCAST\Audio\batch_041\MSP-PODCAST_2353_0220.wav"
"41","453","MSP-PODCAST_2353_0224.wav","SOURCE_ZERO_LENGTH","0","NotContentIndexed","-1","A","159","Test1","C:\Users\RD004\Box\知能情報処理システム研究室\音声\音声データベース\MSP_PODCAST\Audio\MSP-PODCAST_2353_0224.wav","C:\Users\RD004\Documents\lab\data\MSP_PODCAST\Audio\batch_041\MSP-PODCAST_2353_0224.wav"
"41","454","MSP-PODCAST_2353_0227.wav","SOURCE_ZERO_LENGTH","0","NotContentIndexed","-1","A","159","Test1","C:\Users\RD004\Box\知能情報処理システム研究室\音声\音声データベース\MSP_PODCAST\Audio\MSP-PODCAST_2353_0227.wav","C:\Users\RD004\Documents\lab\data\MSP_PODCAST\Audio\batch_041\MSP-PODCAST_2353_0227.wav"
"41","455","MSP-PODCAST_2353_0231.wav","SOURCE_ZERO_LENGTH","0","NotContentIndexed","-1","H","159","Test1","C:\Users\RD004\Box\知能情報処理システム研究室\音声\音声データベース\MSP_PODCAST\Audio\MSP-PODCAST_2353_0231.wav","C:\Users\RD004\Documents\lab\data\MSP_PODCAST\Audio\batch_041\MSP-PODCAST_2353_0231.wav"
"41","456","MSP-PODCAST_2353_0236.wav","SOURCE_ZERO_LENGTH","0","NotContentIndexed","-1","H","160","Test1","C:\Users\RD004\Box\知能情報処理システム研究室\音声\音声データベース\MSP_PODCAST\Audio\MSP-PODCAST_2353_0236.wav","C:\Users\RD004\Documents\lab\data\MSP_PODCAST\Audio\batch_041\MSP-PODCAST_2353_0236.wav"
"41","457","MSP-PODCAST_2353_0250.wav","SOURCE_ZERO_LENGTH","0","NotContentIndexed","-1","H","160","Test1","C:\Users\RD004\Box\知能情報処理システム研究室\音声\音声データベース\MSP_PODCAST\Audio\MSP-PODCAST_2353_0250.wav","C:\Users\RD004\Documents\lab\data\MSP_PODCAST\Audio\batch_041\MSP-PODCAST_2353_0250.wav"
"41","458","MSP-PODCAST_2353_0254.wav","SOURCE_ZERO_LENGTH","0","NotContentIndexed","-1","H","159","Test1","C:\Users\RD004\Box\知能情報処理システム研究室\音声\音声データベース\MSP_PODCAST\Audio\MSP-PODCAST_2353_0254.wav","C:\Users\RD004\Documents\lab\data\MSP_PODCAST\Audio\batch_041\MSP-PODCAST_2353_0254.wav"
"41","459","MSP-PODCAST_2353_0256.wav","SOURCE_ZERO_LENGTH","0","NotContentIndexed","-1","A","160","Test1","C:\Users\RD004\Box\知能情報処理システム研究室\音声\音声データベース\MSP_PODCAST\Audio\MSP-PODCAST_2353_0256.wav","C:\Users\RD004\Documents\lab\data\MSP_PODCAST\Audio\batch_041\MSP-PODCAST_2353_0256.wav"
"41","460","MSP-PODCAST_2353_0271.wav","SOURCE_ZERO_LENGTH","0","NotContentIndexed","-1","H","159","Test1","C:\Users\RD004\Box\知能情報処理システム研究室\音声\音声データベース\MSP_PODCAST\Audio\MSP-PODCAST_2353_0271.wav","C:\Users\RD004\Documents\lab\data\MSP_PODCAST\Audio\batch_041\MSP-PODCAST_2353_0271.wav"
"41","461","MSP-PODCAST_2353_0275.wav","SOURCE_ZERO_LENGTH","0","NotContentIndexed","-1","H","159","Test1","C:\Users\RD004\Box\知能情報処理システム研究室\音声\音声データベース\MSP_PODCAST\Audio\MSP-PODCAST_2353_0275.wav","C:\Users\RD004\Documents\lab\data\MSP_PODCAST\Audio\batch_041\MSP-PODCAST_2353_0275.wav"
"41","462","MSP-PODCAST_2353_0277.wav","SOURCE_ZERO_LENGTH","0","NotContentIndexed","-1","H","160","Test1","C:\Users\RD004\Box\知能情報処理システム研究室\音声\音声データベース\MSP_PODCAST\Audio\MSP-PODCAST_2353_0277.wav","C:\Users\RD004\Documents\lab\data\MSP_PODCAST\Audio\batch_041\MSP-PODCAST_2353_0277.wav"
"41","463","MSP-PODCAST_2353_0279.wav","SOURCE_ZERO_LENGTH","0","NotContentIndexed","-1","H","160","Test1","C:\Users\RD004\Box\知能情報処理システム研究室\音声\音声データベース\MSP_PODCAST\Audio\MSP-PODCAST_2353_0279.wav","C:\Users\RD004\Documents\lab\data\MSP_PODCAST\Audio\batch_041\MSP-PODCAST_2353_0279.wav"
"41","464","MSP-PODCAST_2353_0282.wav","SOURCE_ZERO_LENGTH","0","NotContentIndexed","-1","A","160","Test1","C:\Users\RD004\Box\知能情報処理システム研究室\音声\音声データベース\MSP_PODCAST\Audio\MSP-PODCAST_2353_0282.wav","C:\Users\RD004\Documents\lab\data\MSP_PODCAST\Audio\batch_041\MSP-PODCAST_2353_0282.wav"
"41","465","MSP-PODCAST_2353_0287.wav","SOURCE_ZERO_LENGTH","0","NotContentIndexed","-1","H","159","Test1","C:\Users\RD004\Box\知能情報処理システム研究室\音声\音声データベース\MSP_PODCAST\Audio\MSP-PODCAST_2353_0287.wav","C:\Users\RD004\Documents\lab\data\MSP_PODCAST\Audio\batch_041\MSP-PODCAST_2353_0287.wav"
"41","466","MSP-PODCAST_2353_0298.wav","SOURCE_ZERO_LENGTH","0","NotContentIndexed","-1","H","160","Test1","C:\Users\RD004\Box\知能情報処理システム研究室\音声\音声データベース\MSP_PODCAST\Audio\MSP-PODCAST_2353_0298.wav","C:\Users\RD004\Documents\lab\data\MSP_PODCAST\Audio\batch_041\MSP-PODCAST_2353_0298.wav"
"41","467","MSP-PODCAST_2353_0300.wav","SOURCE_ZERO_LENGTH","0","NotContentIndexed","-1","H","159","Test1","C:\Users\RD004\Box\知能情報処理システム研究室\音声\音声データベース\MSP_PODCAST\Audio\MSP-PODCAST_2353_0300.wav","C:\Users\RD004\Documents\lab\data\MSP_PODCAST\Audio\batch_041\MSP-PODCAST_2353_0300.wav"
"41","468","MSP-PODCAST_2353_0301.wav","SOURCE_ZERO_LENGTH","0","NotContentIndexed","-1","H","159","Test1","C:\Users\RD004\Box\知能情報処理システム研究室\音声\音声データベース\MSP_PODCAST\Audio\MSP-PODCAST_2353_0301.wav","C:\Users\RD004\Documents\lab\data\MSP_PODCAST\Audio\batch_041\MSP-PODCAST_2353_0301.wav"
"41","469","MSP-PODCAST_2353_0317.wav","SOURCE_ZERO_LENGTH","0","NotContentIndexed","-1","H","159","Test1","C:\Users\RD004\Box\知能情報処理システム研究室\音声\音声データベース\MSP_PODCAST\Audio\MSP-PODCAST_2353_0317.wav","C:\Users\RD004\Documents\lab\data\MSP_PODCAST\Audio\batch_041\MSP-PODCAST_2353_0317.wav"
"41","470","MSP-PODCAST_2353_0348.wav","SOURCE_ZERO_LENGTH","0","NotContentIndexed","-1","H","159","Test1","C:\Users\RD004\Box\知能情報処理システム研究室\音声\音声データベース\MSP_PODCAST\Audio\MSP-PODCAST_2353_0348.wav","C:\Users\RD004\Documents\lab\data\MSP_PODCAST\Audio\batch_041\MSP-PODCAST_2353_0348.wav"
"41","471","MSP-PODCAST_2353_0358.wav","SOURCE_ZERO_LENGTH","0","NotContentIndexed","-1","A","160","Test1","C:\Users\RD004\Box\知能情報処理システム研究室\音声\音声データベース\MSP_PODCAST\Audio\MSP-PODCAST_2353_0358.wav","C:\Users\RD004\Documents\lab\data\MSP_PODCAST\Audio\batch_041\MSP-PODCAST_2353_0358.wav"
"41","472","MSP-PODCAST_2353_0367.wav","SOURCE_ZERO_LENGTH","0","NotContentIndexed","-1","A","160","Test1","C:\Users\RD004\Box\知能情報処理システム研究室\音声\音声データベース\MSP_PODCAST\Audio\MSP-PODCAST_2353_0367.wav","C:\Users\RD004\Documents\lab\data\MSP_PODCAST\Audio\batch_041\MSP-PODCAST_2353_0367.wav"
"41","473","MSP-PODCAST_2353_0371.wav","SOURCE_ZERO_LENGTH","0","NotContentIndexed","-1","A","159","Test1","C:\Users\RD004\Box\知能情報処理システム研究室\音声\音声データベース\MSP_PODCAST\Audio\MSP-PODCAST_2353_0371.wav","C:\Users\RD004\Documents\lab\data\MSP_PODCAST\Audio\batch_041\MSP-PODCAST_2353_0371.wav"
"41","474","MSP-PODCAST_2353_0372.wav","SOURCE_ZERO_LENGTH","0","NotContentIndexed","-1","A","159","Test1","C:\Users\RD004\Box\知能情報処理システム研究室\音声\音声データベース\MSP_PODCAST\Audio\MSP-PODCAST_2353_0372.wav","C:\Users\RD004\Documents\lab\data\MSP_PODCAST\Audio\batch_041\MSP-PODCAST_2353_0372.wav"
"41","475","MSP-PODCAST_2353_0375.wav","SOURCE_ZERO_LENGTH","0","NotContentIndexed","-1","H","159","Test1","C:\Users\RD004\Box\知能情報処理システム研究室\音声\音声データベース\MSP_PODCAST\Audio\MSP-PODCAST_2353_0375.wav","C:\Users\RD004\Documents\lab\data\MSP_PODCAST\Audio\batch_041\MSP-PODCAST_2353_0375.wav"
"41","476","MSP-PODCAST_2353_0377.wav","SOURCE_ZERO_LENGTH","0","NotContentIndexed","-1","H","159","Test1","C:\Users\RD004\Box\知能情報処理システム研究室\音声\音声データベース\MSP_PODCAST\Audio\MSP-PODCAST_2353_0377.wav","C:\Users\RD004\Documents\lab\data\MSP_PODCAST\Audio\batch_041\MSP-PODCAST_2353_0377.wav"
"41","477","MSP-PODCAST_2353_0395.wav","SOURCE_ZERO_LENGTH","0","NotContentIndexed","-1","H","160","Test1","C:\Users\RD004\Box\知能情報処理システム研究室\音声\音声データベース\MSP_PODCAST\Audio\MSP-PODCAST_2353_0395.wav","C:\Users\RD004\Documents\lab\data\MSP_PODCAST\Audio\batch_041\MSP-PODCAST_2353_0395.wav"
"41","478","MSP-PODCAST_2353_0399.wav","SOURCE_ZERO_LENGTH","0","NotContentIndexed","-1","H","160","Test1","C:\Users\RD004\Box\知能情報処理システム研究室\音声\音声データベース\MSP_PODCAST\Audio\MSP-PODCAST_2353_0399.wav","C:\Users\RD004\Documents\lab\data\MSP_PODCAST\Audio\batch_041\MSP-PODCAST_2353_0399.wav"
"41","479","MSP-PODCAST_2353_0403.wav","SOURCE_ZERO_LENGTH","0","NotContentIndexed","-1","H","160","Test1","C:\Users\RD004\Box\知能情報処理システム研究室\音声\音声データベース\MSP_PODCAST\Audio\MSP-PODCAST_2353_0403.wav","C:\Users\RD004\Documents\lab\data\MSP_PODCAST\Audio\batch_041\MSP-PODCAST_2353_0403.wav"
"41","480","MSP-PODCAST_2353_0405.wav","SOURCE_ZERO_LENGTH","0","NotContentIndexed","-1","D","160","Test1","C:\Users\RD004\Box\知能情報処理システム研究室\音声\音声データベース\MSP_PODCAST\Audio\MSP-PODCAST_2353_0405.wav","C:\Users\RD004\Documents\lab\data\MSP_PODCAST\Audio\batch_041\MSP-PODCAST_2353_0405.wav"
"41","481","MSP-PODCAST_2353_0411.wav","SOURCE_ZERO_LENGTH","0","NotContentIndexed","-1","H","160","Test1","C:\Users\RD004\Box\知能情報処理システム研究室\音声\音声データベース\MSP_PODCAST\Audio\MSP-PODCAST_2353_0411.wav","C:\Users\RD004\Documents\lab\data\MSP_PODCAST\Audio\batch_041\MSP-PODCAST_2353_0411.wav"
"41","482","MSP-PODCAST_2353_0412.wav","SOURCE_ZERO_LENGTH","0","NotContentIndexed","-1","H","160","Test1","C:\Users\RD004\Box\知能情報処理システム研究室\音声\音声データベース\MSP_PODCAST\Audio\MSP-PODCAST_2353_0412.wav","C:\Users\RD004\Documents\lab\data\MSP_PODCAST\Audio\batch_041\MSP-PODCAST_2353_0412.wav"
"41","483","MSP-PODCAST_2353_0423.wav","SOURCE_ZERO_LENGTH","0","NotContentIndexed","-1","H","160","Test1","C:\Users\RD004\Box\知能情報処理システム研究室\音声\音声データベース\MSP_PODCAST\Audio\MSP-PODCAST_2353_0423.wav","C:\Users\RD004\Documents\lab\data\MSP_PODCAST\Audio\batch_041\MSP-PODCAST_2353_0423.wav"
"41","484","MSP-PODCAST_2353_0442.wav","SOURCE_ZERO_LENGTH","0","NotContentIndexed","-1","H","160","Test1","C:\Users\RD004\Box\知能情報処理システム研究室\音声\音声データベース\MSP_PODCAST\Audio\MSP-PODCAST_2353_0442.wav","C:\Users\RD004\Documents\lab\data\MSP_PODCAST\Audio\batch_041\MSP-PODCAST_2353_0442.wav"
"41","485","MSP-PODCAST_2353_0452.wav","SOURCE_ZERO_LENGTH","0","NotContentIndexed","-1","H","159","Test1","C:\Users\RD004\Box\知能情報処理システム研究室\音声\音声データベース\MSP_PODCAST\Audio\MSP-PODCAST_2353_0452.wav","C:\Users\RD004\Documents\lab\data\MSP_PODCAST\Audio\batch_041\MSP-PODCAST_2353_0452.wav"
"41","486","MSP-PODCAST_2353_0465.wav","SOURCE_ZERO_LENGTH","0","NotContentIndexed","-1","H","160","Test1","C:\Users\RD004\Box\知能情報処理システム研究室\音声\音声データベース\MSP_PODCAST\Audio\MSP-PODCAST_2353_0465.wav","C:\Users\RD004\Documents\lab\data\MSP_PODCAST\Audio\batch_041\MSP-PODCAST_2353_0465.wav"
"41","487","MSP-PODCAST_2353_0471.wav","SOURCE_ZERO_LENGTH","0","NotContentIndexed","-1","H","159","Test1","C:\Users\RD004\Box\知能情報処理システム研究室\音声\音声データベース\MSP_PODCAST\Audio\MSP-PODCAST_2353_0471.wav","C:\Users\RD004\Documents\lab\data\MSP_PODCAST\Audio\batch_041\MSP-PODCAST_2353_0471.wav"
"41","488","MSP-PODCAST_2353_0474.wav","SOURCE_ZERO_LENGTH","0","NotContentIndexed","-1","D","159","Test1","C:\Users\RD004\Box\知能情報処理システム研究室\音声\音声データベース\MSP_PODCAST\Audio\MSP-PODCAST_2353_0474.wav","C:\Users\RD004\Documents\lab\data\MSP_PODCAST\Audio\batch_041\MSP-PODCAST_2353_0474.wav"
"41","489","MSP-PODCAST_2353_0508.wav","SOURCE_ZERO_LENGTH","0","NotContentIndexed","-1","H","159","Test1","C:\Users\RD004\Box\知能情報処理システム研究室\音声\音声データベース\MSP_PODCAST\Audio\MSP-PODCAST_2353_0508.wav","C:\Users\RD004\Documents\lab\data\MSP_PODCAST\Audio\batch_041\MSP-PODCAST_2353_0508.wav"
"41","490","MSP-PODCAST_2353_0509.wav","SOURCE_ZERO_LENGTH","0","NotContentIndexed","-1","A","159","Test1","C:\Users\RD004\Box\知能情報処理システム研究室\音声\音声データベース\MSP_PODCAST\Audio\MSP-PODCAST_2353_0509.wav","C:\Users\RD004\Documents\lab\data\MSP_PODCAST\Audio\batch_041\MSP-PODCAST_2353_0509.wav"
"41","491","MSP-PODCAST_2353_0510.wav","SOURCE_ZERO_LENGTH","0","NotContentIndexed","-1","H","159","Test1","C:\Users\RD004\Box\知能情報処理システム研究室\音声\音声データベース\MSP_PODCAST\Audio\MSP-PODCAST_2353_0510.wav","C:\Users\RD004\Documents\lab\data\MSP_PODCAST\Audio\batch_041\MSP-PODCAST_2353_0510.wav"
"41","492","MSP-PODCAST_2353_0511.wav","SOURCE_ZERO_LENGTH","0","NotContentIndexed","-1","H","159","Test1","C:\Users\RD004\Box\知能情報処理システム研究室\音声\音声データベース\MSP_PODCAST\Audio\MSP-PODCAST_2353_0511.wav","C:\Users\RD004\Documents\lab\data\MSP_PODCAST\Audio\batch_041\MSP-PODCAST_2353_0511.wav"
"41","493","MSP-PODCAST_2353_0520.wav","SOURCE_ZERO_LENGTH","0","NotContentIndexed","-1","D","160","Test1","C:\Users\RD004\Box\知能情報処理システム研究室\音声\音声データベース\MSP_PODCAST\Audio\MSP-PODCAST_2353_0520.wav","C:\Users\RD004\Documents\lab\data\MSP_PODCAST\Audio\batch_041\MSP-PODCAST_2353_0520.wav"
"41","494","MSP-PODCAST_2353_0523.wav","SOURCE_ZERO_LENGTH","0","NotContentIndexed","-1","H","160","Test1","C:\Users\RD004\Box\知能情報処理システム研究室\音声\音声データベース\MSP_PODCAST\Audio\MSP-PODCAST_2353_0523.wav","C:\Users\RD004\Documents\lab\data\MSP_PODCAST\Audio\batch_041\MSP-PODCAST_2353_0523.wav"
"41","495","MSP-PODCAST_2353_0537.wav","SOURCE_ZERO_LENGTH","0","NotContentIndexed","-1","A","160","Test1","C:\Users\RD004\Box\知能情報処理システム研究室\音声\音声データベース\MSP_PODCAST\Audio\MSP-PODCAST_2353_0537.wav","C:\Users\RD004\Documents\lab\data\MSP_PODCAST\Audio\batch_041\MSP-PODCAST_2353_0537.wav"
"41","496","MSP-PODCAST_2353_0541.wav","SOURCE_ZERO_LENGTH","0","NotContentIndexed","-1","H","159","Test1","C:\Users\RD004\Box\知能情報処理システム研究室\音声\音声データベース\MSP_PODCAST\Audio\MSP-PODCAST_2353_0541.wav","C:\Users\RD004\Documents\lab\data\MSP_PODCAST\Audio\batch_041\MSP-PODCAST_2353_0541.wav"
"41","497","MSP-PODCAST_2353_0542.wav","SOURCE_ZERO_LENGTH","0","NotContentIndexed","-1","H","159","Test1","C:\Users\RD004\Box\知能情報処理システム研究室\音声\音声データベース\MSP_PODCAST\Audio\MSP-PODCAST_2353_0542.wav","C:\Users\RD004\Documents\lab\data\MSP_PODCAST\Audio\batch_041\MSP-PODCAST_2353_0542.wav"
"41","498","MSP-PODCAST_2353_0545.wav","SOURCE_ZERO_LENGTH","0","NotContentIndexed","-1","H","159","Test1","C:\Users\RD004\Box\知能情報処理システム研究室\音声\音声データベース\MSP_PODCAST\Audio\MSP-PODCAST_2353_0545.wav","C:\Users\RD004\Documents\lab\data\MSP_PODCAST\Audio\batch_041\MSP-PODCAST_2353_0545.wav"
"41","499","MSP-PODCAST_2353_0552.wav","SOURCE_ZERO_LENGTH","0","NotContentIndexed","-1","H","160","Test1","C:\Users\RD004\Box\知能情報処理システム研究室\音声\音声データベース\MSP_PODCAST\Audio\MSP-PODCAST_2353_0552.wav","C:\Users\RD004\Documents\lab\data\MSP_PODCAST\Audio\batch_041\MSP-PODCAST_2353_0552.wav"
"41","500","MSP-PODCAST_2353_0567.wav","SOURCE_ZERO_LENGTH","0","NotContentIndexed","-1","H","160","Test1","C:\Users\RD004\Box\知能情報処理システム研究室\音声\音声データベース\MSP_PODCAST\Audio\MSP-PODCAST_2353_0567.wav","C:\Users\RD004\Documents\lab\data\MSP_PODCAST\Audio\batch_041\MSP-PODCAST_2353_0567.wav"
"42","1","MSP-PODCAST_2353_0581.wav","SOURCE_ZERO_LENGTH","0","NotContentIndexed","-1","H","160","Test1","C:\Users\RD004\Box\知能情報処理システム研究室\音声\音声データベース\MSP_PODCAST\Audio\MSP-PODCAST_2353_0581.wav","C:\Users\RD004\Documents\lab\data\MSP_PODCAST\Audio\batch_042\MSP-PODCAST_2353_0581.wav"
"42","2","MSP-PODCAST_2353_0590.wav","SOURCE_ZERO_LENGTH","0","NotContentIndexed","-1","H","160","Test1","C:\Users\RD004\Box\知能情報処理システム研究室\音声\音声データベース\MSP_PODCAST\Audio\MSP-PODCAST_2353_0590.wav","C:\Users\RD004\Documents\lab\data\MSP_PODCAST\Audio\batch_042\MSP-PODCAST_2353_0590.wav"
"42","3","MSP-PODCAST_2353_0608.wav","SOURCE_ZERO_LENGTH","0","NotContentIndexed","-1","A","160","Test1","C:\Users\RD004\Box\知能情報処理システム研究室\音声\音声データベース\MSP_PODCAST\Audio\MSP-PODCAST_2353_0608.wav","C:\Users\RD004\Documents\lab\data\MSP_PODCAST\Audio\batch_042\MSP-PODCAST_2353_0608.wav"
"42","4","MSP-PODCAST_2353_0612.wav","SOURCE_ZERO_LENGTH","0","NotContentIndexed","-1","H","160","Test1","C:\Users\RD004\Box\知能情報処理システム研究室\音声\音声データベース\MSP_PODCAST\Audio\MSP-PODCAST_2353_0612.wav","C:\Users\RD004\Documents\lab\data\MSP_PODCAST\Audio\batch_042\MSP-PODCAST_2353_0612.wav"
"42","5","MSP-PODCAST_2353_0621.wav","SOURCE_ZERO_LENGTH","0","NotContentIndexed","-1","H","160","Test1","C:\Users\RD004\Box\知能情報処理システム研究室\音声\音声データベース\MSP_PODCAST\Audio\MSP-PODCAST_2353_0621.wav","C:\Users\RD004\Documents\lab\data\MSP_PODCAST\Audio\batch_042\MSP-PODCAST_2353_0621.wav"
"42","6","MSP-PODCAST_2353_0623.wav","SOURCE_ZERO_LENGTH","0","NotContentIndexed","-1","H","160","Test1","C:\Users\RD004\Box\知能情報処理システム研究室\音声\音声データベース\MSP_PODCAST\Audio\MSP-PODCAST_2353_0623.wav","C:\Users\RD004\Documents\lab\data\MSP_PODCAST\Audio\batch_042\MSP-PODCAST_2353_0623.wav"
"42","7","MSP-PODCAST_2353_0630.wav","SOURCE_ZERO_LENGTH","0","NotContentIndexed","-1","A","159","Test1","C:\Users\RD004\Box\知能情報処理システム研究室\音声\音声データベース\MSP_PODCAST\Audio\MSP-PODCAST_2353_0630.wav","C:\Users\RD004\Documents\lab\data\MSP_PODCAST\Audio\batch_042\MSP-PODCAST_2353_0630.wav"
"42","8","MSP-PODCAST_2353_0642.wav","SOURCE_ZERO_LENGTH","0","NotContentIndexed","-1","H","159","Test1","C:\Users\RD004\Box\知能情報処理システム研究室\音声\音声データベース\MSP_PODCAST\Audio\MSP-PODCAST_2353_0642.wav","C:\Users\RD004\Documents\lab\data\MSP_PODCAST\Audio\batch_042\MSP-PODCAST_2353_0642.wav"
"42","9","MSP-PODCAST_2353_0644.wav","SOURCE_ZERO_LENGTH","0","NotContentIndexed","-1","H","159","Test1","C:\Users\RD004\Box\知能情報処理システム研究室\音声\音声データベース\MSP_PODCAST\Audio\MSP-PODCAST_2353_0644.wav","C:\Users\RD004\Documents\lab\data\MSP_PODCAST\Audio\batch_042\MSP-PODCAST_2353_0644.wav"
"42","10","MSP-PODCAST_2353_0646.wav","SOURCE_ZERO_LENGTH","0","NotContentIndexed","-1","H","159","Test1","C:\Users\RD004\Box\知能情報処理システム研究室\音声\音声データベース\MSP_PODCAST\Audio\MSP-PODCAST_2353_0646.wav","C:\Users\RD004\Documents\lab\data\MSP_PODCAST\Audio\batch_042\MSP-PODCAST_2353_0646.wav"
"42","11","MSP-PODCAST_2353_0647.wav","SOURCE_ZERO_LENGTH","0","NotContentIndexed","-1","H","159","Test1","C:\Users\RD004\Box\知能情報処理システム研究室\音声\音声データベース\MSP_PODCAST\Audio\MSP-PODCAST_2353_0647.wav","C:\Users\RD004\Documents\lab\data\MSP_PODCAST\Audio\batch_042\MSP-PODCAST_2353_0647.wav"
"42","12","MSP-PODCAST_2353_0673.wav","SOURCE_ZERO_LENGTH","0","NotContentIndexed","-1","H","159","Test1","C:\Users\RD004\Box\知能情報処理システム研究室\音声\音声データベース\MSP_PODCAST\Audio\MSP-PODCAST_2353_0673.wav","C:\Users\RD004\Documents\lab\data\MSP_PODCAST\Audio\batch_042\MSP-PODCAST_2353_0673.wav"
"42","13","MSP-PODCAST_2353_0686.wav","SOURCE_ZERO_LENGTH","0","NotContentIndexed","-1","H","160","Test1","C:\Users\RD004\Box\知能情報処理システム研究室\音声\音声データベース\MSP_PODCAST\Audio\MSP-PODCAST_2353_0686.wav","C:\Users\RD004\Documents\lab\data\MSP_PODCAST\Audio\batch_042\MSP-PODCAST_2353_0686.wav"
"42","14","MSP-PODCAST_2353_0687.wav","SOURCE_ZERO_LENGTH","0","NotContentIndexed","-1","H","160","Test1","C:\Users\RD004\Box\知能情報処理システム研究室\音声\音声データベース\MSP_PODCAST\Audio\MSP-PODCAST_2353_0687.wav","C:\Users\RD004\Documents\lab\data\MSP_PODCAST\Audio\batch_042\MSP-PODCAST_2353_0687.wav"
"42","15","MSP-PODCAST_2353_0694.wav","SOURCE_ZERO_LENGTH","0","NotContentIndexed","-1","H","160","Test1","C:\Users\RD004\Box\知能情報処理システム研究室\音声\音声データベース\MSP_PODCAST\Audio\MSP-PODCAST_2353_0694.wav","C:\Users\RD004\Documents\lab\data\MSP_PODCAST\Audio\batch_042\MSP-PODCAST_2353_0694.wav"
"42","16","MSP-PODCAST_2353_0695.wav","SOURCE_ZERO_LENGTH","0","NotContentIndexed","-1","H","160","Test1","C:\Users\RD004\Box\知能情報処理システム研究室\音声\音声データベース\MSP_PODCAST\Audio\MSP-PODCAST_2353_0695.wav","C:\Users\RD004\Documents\lab\data\MSP_PODCAST\Audio\batch_042\MSP-PODCAST_2353_0695.wav"
"42","17","MSP-PODCAST_2353_0696.wav","SOURCE_ZERO_LENGTH","0","NotContentIndexed","-1","A","160","Test1","C:\Users\RD004\Box\知能情報処理システム研究室\音声\音声データベース\MSP_PODCAST\Audio\MSP-PODCAST_2353_0696.wav","C:\Users\RD004\Documents\lab\data\MSP_PODCAST\Audio\batch_042\MSP-PODCAST_2353_0696.wav"
"42","18","MSP-PODCAST_2353_0701.wav","SOURCE_ZERO_LENGTH","0","NotContentIndexed","-1","H","159","Test1","C:\Users\RD004\Box\知能情報処理システム研究室\音声\音声データベース\MSP_PODCAST\Audio\MSP-PODCAST_2353_0701.wav","C:\Users\RD004\Documents\lab\data\MSP_PODCAST\Audio\batch_042\MSP-PODCAST_2353_0701.wav"
"42","19","MSP-PODCAST_2353_0713.wav","SOURCE_ZERO_LENGTH","0","NotContentIndexed","-1","H","159","Test1","C:\Users\RD004\Box\知能情報処理システム研究室\音声\音声データベース\MSP_PODCAST\Audio\MSP-PODCAST_2353_0713.wav","C:\Users\RD004\Documents\lab\data\MSP_PODCAST\Audio\batch_042\MSP-PODCAST_2353_0713.wav"
"42","20","MSP-PODCAST_2353_0714.wav","SOURCE_ZERO_LENGTH","0","NotContentIndexed","-1","A","159","Test1","C:\Users\RD004\Box\知能情報処理システム研究室\音声\音声データベース\MSP_PODCAST\Audio\MSP-PODCAST_2353_0714.wav","C:\Users\RD004\Documents\lab\data\MSP_PODCAST\Audio\batch_042\MSP-PODCAST_2353_0714.wav"
"42","21","MSP-PODCAST_2353_0732.wav","SOURCE_ZERO_LENGTH","0","NotContentIndexed","-1","H","160","Test1","C:\Users\RD004\Box\知能情報処理システム研究室\音声\音声データベース\MSP_PODCAST\Audio\MSP-PODCAST_2353_0732.wav","C:\Users\RD004\Documents\lab\data\MSP_PODCAST\Audio\batch_042\MSP-PODCAST_2353_0732.wav"
"42","22","MSP-PODCAST_2353_0737.wav","SOURCE_ZERO_LENGTH","0","NotContentIndexed","-1","D","159","Test1","C:\Users\RD004\Box\知能情報処理システム研究室\音声\音声データベース\MSP_PODCAST\Audio\MSP-PODCAST_2353_0737.wav","C:\Users\RD004\Documents\lab\data\MSP_PODCAST\Audio\batch_042\MSP-PODCAST_2353_0737.wav"
"42","23","MSP-PODCAST_2353_0739.wav","SOURCE_ZERO_LENGTH","0","NotContentIndexed","-1","H","159","Test1","C:\Users\RD004\Box\知能情報処理システム研究室\音声\音声データベース\MSP_PODCAST\Audio\MSP-PODCAST_2353_0739.wav","C:\Users\RD004\Documents\lab\data\MSP_PODCAST\Audio\batch_042\MSP-PODCAST_2353_0739.wav"
"42","24","MSP-PODCAST_2353_0742.wav","SOURCE_ZERO_LENGTH","0","NotContentIndexed","-1","A","159","Test1","C:\Users\RD004\Box\知能情報処理システム研究室\音声\音声データベース\MSP_PODCAST\Audio\MSP-PODCAST_2353_0742.wav","C:\Users\RD004\Documents\lab\data\MSP_PODCAST\Audio\batch_042\MSP-PODCAST_2353_0742.wav"
"42","25","MSP-PODCAST_2353_0744.wav","SOURCE_ZERO_LENGTH","0","NotContentIndexed","-1","A","159","Test1","C:\Users\RD004\Box\知能情報処理システム研究室\音声\音声データベース\MSP_PODCAST\Audio\MSP-PODCAST_2353_0744.wav","C:\Users\RD004\Documents\lab\data\MSP_PODCAST\Audio\batch_042\MSP-PODCAST_2353_0744.wav"
"42","26","MSP-PODCAST_2353_0760.wav","SOURCE_ZERO_LENGTH","0","NotContentIndexed","-1","H","160","Test1","C:\Users\RD004\Box\知能情報処理システム研究室\音声\音声データベース\MSP_PODCAST\Audio\MSP-PODCAST_2353_0760.wav","C:\Users\RD004\Documents\lab\data\MSP_PODCAST\Audio\batch_042\MSP-PODCAST_2353_0760.wav"
"42","27","MSP-PODCAST_2353_0761.wav","SOURCE_ZERO_LENGTH","0","NotContentIndexed","-1","H","160","Test1","C:\Users\RD004\Box\知能情報処理システム研究室\音声\音声データベース\MSP_PODCAST\Audio\MSP-PODCAST_2353_0761.wav","C:\Users\RD004\Documents\lab\data\MSP_PODCAST\Audio\batch_042\MSP-PODCAST_2353_0761.wav"
"42","28","MSP-PODCAST_2353_0762.wav","SOURCE_ZERO_LENGTH","0","NotContentIndexed","-1","H","160","Test1","C:\Users\RD004\Box\知能情報処理システム研究室\音声\音声データベース\MSP_PODCAST\Audio\MSP-PODCAST_2353_0762.wav","C:\Users\RD004\Documents\lab\data\MSP_PODCAST\Audio\batch_042\MSP-PODCAST_2353_0762.wav"
"42","29","MSP-PODCAST_2353_0771.wav","SOURCE_ZERO_LENGTH","0","NotContentIndexed","-1","H","160","Test1","C:\Users\RD004\Box\知能情報処理システム研究室\音声\音声データベース\MSP_PODCAST\Audio\MSP-PODCAST_2353_0771.wav","C:\Users\RD004\Documents\lab\data\MSP_PODCAST\Audio\batch_042\MSP-PODCAST_2353_0771.wav"
"42","30","MSP-PODCAST_2353_0775.wav","SOURCE_ZERO_LENGTH","0","NotContentIndexed","-1","H","160","Test1","C:\Users\RD004\Box\知能情報処理システム研究室\音声\音声データベース\MSP_PODCAST\Audio\MSP-PODCAST_2353_0775.wav","C:\Users\RD004\Documents\lab\data\MSP_PODCAST\Audio\batch_042\MSP-PODCAST_2353_0775.wav"
"42","31","MSP-PODCAST_2353_0787.wav","SOURCE_ZERO_LENGTH","0","NotContentIndexed","-1","A","160","Test1","C:\Users\RD004\Box\知能情報処理システム研究室\音声\音声データベース\MSP_PODCAST\Audio\MSP-PODCAST_2353_0787.wav","C:\Users\RD004\Documents\lab\data\MSP_PODCAST\Audio\batch_042\MSP-PODCAST_2353_0787.wav"
"42","32","MSP-PODCAST_2353_0790.wav","SOURCE_ZERO_LENGTH","0","NotContentIndexed","-1","H","160","Test1","C:\Users\RD004\Box\知能情報処理システム研究室\音声\音声データベース\MSP_PODCAST\Audio\MSP-PODCAST_2353_0790.wav","C:\Users\RD004\Documents\lab\data\MSP_PODCAST\Audio\batch_042\MSP-PODCAST_2353_0790.wav"
"42","33","MSP-PODCAST_2353_0791.wav","SOURCE_ZERO_LENGTH","0","NotContentIndexed","-1","A","159","Test1","C:\Users\RD004\Box\知能情報処理システム研究室\音声\音声データベース\MSP_PODCAST\Audio\MSP-PODCAST_2353_0791.wav","C:\Users\RD004\Documents\lab\data\MSP_PODCAST\Audio\batch_042\MSP-PODCAST_2353_0791.wav"
"42","34","MSP-PODCAST_2353_0792.wav","SOURCE_ZERO_LENGTH","0","NotContentIndexed","-1","A","160","Test1","C:\Users\RD004\Box\知能情報処理システム研究室\音声\音声データベース\MSP_PODCAST\Audio\MSP-PODCAST_2353_0792.wav","C:\Users\RD004\Documents\lab\data\MSP_PODCAST\Audio\batch_042\MSP-PODCAST_2353_0792.wav"
"42","35","MSP-PODCAST_2353_0805.wav","SOURCE_ZERO_LENGTH","0","NotContentIndexed","-1","A","159","Test1","C:\Users\RD004\Box\知能情報処理システム研究室\音声\音声データベース\MSP_PODCAST\Audio\MSP-PODCAST_2353_0805.wav","C:\Users\RD004\Documents\lab\data\MSP_PODCAST\Audio\batch_042\MSP-PODCAST_2353_0805.wav"
"42","36","MSP-PODCAST_2353_0817.wav","SOURCE_ZERO_LENGTH","0","NotContentIndexed","-1","D","159","Test1","C:\Users\RD004\Box\知能情報処理システム研究室\音声\音声データベース\MSP_PODCAST\Audio\MSP-PODCAST_2353_0817.wav","C:\Users\RD004\Documents\lab\data\MSP_PODCAST\Audio\batch_042\MSP-PODCAST_2353_0817.wav"
"42","37","MSP-PODCAST_2353_0819.wav","SOURCE_ZERO_LENGTH","0","NotContentIndexed","-1","H","160","Test1","C:\Users\RD004\Box\知能情報処理システム研究室\音声\音声データベース\MSP_PODCAST\Audio\MSP-PODCAST_2353_0819.wav","C:\Users\RD004\Documents\lab\data\MSP_PODCAST\Audio\batch_042\MSP-PODCAST_2353_0819.wav"
"42","38","MSP-PODCAST_2353_0833.wav","SOURCE_ZERO_LENGTH","0","NotContentIndexed","-1","A","159","Test1","C:\Users\RD004\Box\知能情報処理システム研究室\音声\音声データベース\MSP_PODCAST\Audio\MSP-PODCAST_2353_0833.wav","C:\Users\RD004\Documents\lab\data\MSP_PODCAST\Audio\batch_042\MSP-PODCAST_2353_0833.wav"
"42","39","MSP-PODCAST_2353_0836.wav","SOURCE_ZERO_LENGTH","0","NotContentIndexed","-1","H","159","Test1","C:\Users\RD004\Box\知能情報処理システム研究室\音声\音声データベース\MSP_PODCAST\Audio\MSP-PODCAST_2353_0836.wav","C:\Users\RD004\Documents\lab\data\MSP_PODCAST\Audio\batch_042\MSP-PODCAST_2353_0836.wav"
"42","40","MSP-PODCAST_2353_0847.wav","SOURCE_ZERO_LENGTH","0","NotContentIndexed","-1","H","160","Test1","C:\Users\RD004\Box\知能情報処理システム研究室\音声\音声データベース\MSP_PODCAST\Audio\MSP-PODCAST_2353_0847.wav","C:\Users\RD004\Documents\lab\data\MSP_PODCAST\Audio\batch_042\MSP-PODCAST_2353_0847.wav"
"42","41","MSP-PODCAST_2353_0853.wav","SOURCE_ZERO_LENGTH","0","NotContentIndexed","-1","H","160","Test1","C:\Users\RD004\Box\知能情報処理システム研究室\音声\音声データベース\MSP_PODCAST\Audio\MSP-PODCAST_2353_0853.wav","C:\Users\RD004\Documents\lab\data\MSP_PODCAST\Audio\batch_042\MSP-PODCAST_2353_0853.wav"
"42","42","MSP-PODCAST_2353_0886.wav","SOURCE_ZERO_LENGTH","0","NotContentIndexed","-1","H","159","Test1","C:\Users\RD004\Box\知能情報処理システム研究室\音声\音声データベース\MSP_PODCAST\Audio\MSP-PODCAST_2353_0886.wav","C:\Users\RD004\Documents\lab\data\MSP_PODCAST\Audio\batch_042\MSP-PODCAST_2353_0886.wav"
"42","43","MSP-PODCAST_2353_0890.wav","SOURCE_ZERO_LENGTH","0","NotContentIndexed","-1","H","159","Test1","C:\Users\RD004\Box\知能情報処理システム研究室\音声\音声データベース\MSP_PODCAST\Audio\MSP-PODCAST_2353_0890.wav","C:\Users\RD004\Documents\lab\data\MSP_PODCAST\Audio\batch_042\MSP-PODCAST_2353_0890.wav"
"42","44","MSP-PODCAST_2353_0892.wav","SOURCE_ZERO_LENGTH","0","NotContentIndexed","-1","A","159","Test1","C:\Users\RD004\Box\知能情報処理システム研究室\音声\音声データベース\MSP_PODCAST\Audio\MSP-PODCAST_2353_0892.wav","C:\Users\RD004\Documents\lab\data\MSP_PODCAST\Audio\batch_042\MSP-PODCAST_2353_0892.wav"
"42","45","MSP-PODCAST_2353_0898.wav","SOURCE_ZERO_LENGTH","0","NotContentIndexed","-1","A","159","Test1","C:\Users\RD004\Box\知能情報処理システム研究室\音声\音声データベース\MSP_PODCAST\Audio\MSP-PODCAST_2353_0898.wav","C:\Users\RD004\Documents\lab\data\MSP_PODCAST\Audio\batch_042\MSP-PODCAST_2353_0898.wav"
"42","46","MSP-PODCAST_2353_0903.wav","SOURCE_ZERO_LENGTH","0","NotContentIndexed","-1","H","159","Test1","C:\Users\RD004\Box\知能情報処理システム研究室\音声\音声データベース\MSP_PODCAST\Audio\MSP-PODCAST_2353_0903.wav","C:\Users\RD004\Documents\lab\data\MSP_PODCAST\Audio\batch_042\MSP-PODCAST_2353_0903.wav"
"42","47","MSP-PODCAST_2353_0908.wav","SOURCE_ZERO_LENGTH","0","NotContentIndexed","-1","H","159","Test1","C:\Users\RD004\Box\知能情報処理システム研究室\音声\音声データベース\MSP_PODCAST\Audio\MSP-PODCAST_2353_0908.wav","C:\Users\RD004\Documents\lab\data\MSP_PODCAST\Audio\batch_042\MSP-PODCAST_2353_0908.wav"
"42","48","MSP-PODCAST_2353_0917.wav","SOURCE_ZERO_LENGTH","0","NotContentIndexed","-1","H","160","Test1","C:\Users\RD004\Box\知能情報処理システム研究室\音声\音声データベース\MSP_PODCAST\Audio\MSP-PODCAST_2353_0917.wav","C:\Users\RD004\Documents\lab\data\MSP_PODCAST\Audio\batch_042\MSP-PODCAST_2353_0917.wav"
"42","49","MSP-PODCAST_2353_0934.wav","SOURCE_ZERO_LENGTH","0","NotContentIndexed","-1","H","159","Test1","C:\Users\RD004\Box\知能情報処理システム研究室\音声\音声データベース\MSP_PODCAST\Audio\MSP-PODCAST_2353_0934.wav","C:\Users\RD004\Documents\lab\data\MSP_PODCAST\Audio\batch_042\MSP-PODCAST_2353_0934.wav"
"42","50","MSP-PODCAST_2353_0935.wav","SOURCE_ZERO_LENGTH","0","NotContentIndexed","-1","A","159","Test1","C:\Users\RD004\Box\知能情報処理システム研究室\音声\音声データベース\MSP_PODCAST\Audio\MSP-PODCAST_2353_0935.wav","C:\Users\RD004\Documents\lab\data\MSP_PODCAST\Audio\batch_042\MSP-PODCAST_2353_0935.wav"
"42","51","MSP-PODCAST_2353_0938.wav","SOURCE_ZERO_LENGTH","0","NotContentIndexed","-1","A","159","Test1","C:\Users\RD004\Box\知能情報処理システム研究室\音声\音声データベース\MSP_PODCAST\Audio\MSP-PODCAST_2353_0938.wav","C:\Users\RD004\Documents\lab\data\MSP_PODCAST\Audio\batch_042\MSP-PODCAST_2353_0938.wav"
"42","52","MSP-PODCAST_2353_0942.wav","SOURCE_ZERO_LENGTH","0","NotContentIndexed","-1","A","159","Test1","C:\Users\RD004\Box\知能情報処理システム研究室\音声\音声データベース\MSP_PODCAST\Audio\MSP-PODCAST_2353_0942.wav","C:\Users\RD004\Documents\lab\data\MSP_PODCAST\Audio\batch_042\MSP-PODCAST_2353_0942.wav"
"42","53","MSP-PODCAST_2353_0944.wav","SOURCE_ZERO_LENGTH","0","NotContentIndexed","-1","H","159","Test1","C:\Users\RD004\Box\知能情報処理システム研究室\音声\音声データベース\MSP_PODCAST\Audio\MSP-PODCAST_2353_0944.wav","C:\Users\RD004\Documents\lab\data\MSP_PODCAST\Audio\batch_042\MSP-PODCAST_2353_0944.wav"
"42","54","MSP-PODCAST_2353_0955.wav","SOURCE_ZERO_LENGTH","0","NotContentIndexed","-1","H","160","Test1","C:\Users\RD004\Box\知能情報処理システム研究室\音声\音声データベース\MSP_PODCAST\Audio\MSP-PODCAST_2353_0955.wav","C:\Users\RD004\Documents\lab\data\MSP_PODCAST\Audio\batch_042\MSP-PODCAST_2353_0955.wav"
"42","55","MSP-PODCAST_2353_0977.wav","SOURCE_ZERO_LENGTH","0","NotContentIndexed","-1","H","160","Test1","C:\Users\RD004\Box\知能情報処理システム研究室\音声\音声データベース\MSP_PODCAST\Audio\MSP-PODCAST_2353_0977.wav","C:\Users\RD004\Documents\lab\data\MSP_PODCAST\Audio\batch_042\MSP-PODCAST_2353_0977.wav"
"42","56","MSP-PODCAST_2353_0991.wav","SOURCE_ZERO_LENGTH","0","NotContentIndexed","-1","H","160","Test1","C:\Users\RD004\Box\知能情報処理システム研究室\音声\音声データベース\MSP_PODCAST\Audio\MSP-PODCAST_2353_0991.wav","C:\Users\RD004\Documents\lab\data\MSP_PODCAST\Audio\batch_042\MSP-PODCAST_2353_0991.wav"
"42","57","MSP-PODCAST_2353_1000.wav","SOURCE_ZERO_LENGTH","0","NotContentIndexed","-1","H","160","Test1","C:\Users\RD004\Box\知能情報処理システム研究室\音声\音声データベース\MSP_PODCAST\Audio\MSP-PODCAST_2353_1000.wav","C:\Users\RD004\Documents\lab\data\MSP_PODCAST\Audio\batch_042\MSP-PODCAST_2353_1000.wav"
"42","58","MSP-PODCAST_2353_1005.wav","SOURCE_ZERO_LENGTH","0","NotContentIndexed","-1","H","160","Test1","C:\Users\RD004\Box\知能情報処理システム研究室\音声\音声データベース\MSP_PODCAST\Audio\MSP-PODCAST_2353_1005.wav","C:\Users\RD004\Documents\lab\data\MSP_PODCAST\Audio\batch_042\MSP-PODCAST_2353_1005.wav"
"42","59","MSP-PODCAST_2353_1011.wav","SOURCE_ZERO_LENGTH","0","NotContentIndexed","-1","H","160","Test1","C:\Users\RD004\Box\知能情報処理システム研究室\音声\音声データベース\MSP_PODCAST\Audio\MSP-PODCAST_2353_1011.wav","C:\Users\RD004\Documents\lab\data\MSP_PODCAST\Audio\batch_042\MSP-PODCAST_2353_1011.wav"
"42","60","MSP-PODCAST_2353_1014.wav","SOURCE_ZERO_LENGTH","0","NotContentIndexed","-1","H","160","Test1","C:\Users\RD004\Box\知能情報処理システム研究室\音声\音声データベース\MSP_PODCAST\Audio\MSP-PODCAST_2353_1014.wav","C:\Users\RD004\Documents\lab\data\MSP_PODCAST\Audio\batch_042\MSP-PODCAST_2353_1014.wav"
"42","61","MSP-PODCAST_2353_1015.wav","SOURCE_ZERO_LENGTH","0","NotContentIndexed","-1","H","160","Test1","C:\Users\RD004\Box\知能情報処理システム研究室\音声\音声データベース\MSP_PODCAST\Audio\MSP-PODCAST_2353_1015.wav","C:\Users\RD004\Documents\lab\data\MSP_PODCAST\Audio\batch_042\MSP-PODCAST_2353_1015.wav"
"42","62","MSP-PODCAST_2353_1020.wav","SOURCE_ZERO_LENGTH","0","NotContentIndexed","-1","H","159","Test1","C:\Users\RD004\Box\知能情報処理システム研究室\音声\音声データベース\MSP_PODCAST\Audio\MSP-PODCAST_2353_1020.wav","C:\Users\RD004\Documents\lab\data\MSP_PODCAST\Audio\batch_042\MSP-PODCAST_2353_1020.wav"
"42","63","MSP-PODCAST_2353_1031.wav","SOURCE_ZERO_LENGTH","0","NotContentIndexed","-1","H","160","Test1","C:\Users\RD004\Box\知能情報処理システム研究室\音声\音声データベース\MSP_PODCAST\Audio\MSP-PODCAST_2353_1031.wav","C:\Users\RD004\Documents\lab\data\MSP_PODCAST\Audio\batch_042\MSP-PODCAST_2353_1031.wav"
"42","64","MSP-PODCAST_2353_1063.wav","SOURCE_ZERO_LENGTH","0","NotContentIndexed","-1","A","159","Test1","C:\Users\RD004\Box\知能情報処理システム研究室\音声\音声データベース\MSP_PODCAST\Audio\MSP-PODCAST_2353_1063.wav","C:\Users\RD004\Documents\lab\data\MSP_PODCAST\Audio\batch_042\MSP-PODCAST_2353_1063.wav"
"42","65","MSP-PODCAST_2353_1064.wav","SOURCE_ZERO_LENGTH","0","NotContentIndexed","-1","H","159","Test1","C:\Users\RD004\Box\知能情報処理システム研究室\音声\音声データベース\MSP_PODCAST\Audio\MSP-PODCAST_2353_1064.wav","C:\Users\RD004\Documents\lab\data\MSP_PODCAST\Audio\batch_042\MSP-PODCAST_2353_1064.wav"
"42","66","MSP-PODCAST_2353_1066.wav","SOURCE_ZERO_LENGTH","0","NotContentIndexed","-1","H","160","Test1","C:\Users\RD004\Box\知能情報処理システム研究室\音声\音声データベース\MSP_PODCAST\Audio\MSP-PODCAST_2353_1066.wav","C:\Users\RD004\Documents\lab\data\MSP_PODCAST\Audio\batch_042\MSP-PODCAST_2353_1066.wav"
"42","67","MSP-PODCAST_2353_1069.wav","SOURCE_ZERO_LENGTH","0","NotContentIndexed","-1","H","159","Test1","C:\Users\RD004\Box\知能情報処理システム研究室\音声\音声データベース\MSP_PODCAST\Audio\MSP-PODCAST_2353_1069.wav","C:\Users\RD004\Documents\lab\data\MSP_PODCAST\Audio\batch_042\MSP-PODCAST_2353_1069.wav"
"42","68","MSP-PODCAST_2353_1071.wav","SOURCE_ZERO_LENGTH","0","NotContentIndexed","-1","H","159","Test1","C:\Users\RD004\Box\知能情報処理システム研究室\音声\音声データベース\MSP_PODCAST\Audio\MSP-PODCAST_2353_1071.wav","C:\Users\RD004\Documents\lab\data\MSP_PODCAST\Audio\batch_042\MSP-PODCAST_2353_1071.wav"
"42","69","MSP-PODCAST_2353_1073.wav","SOURCE_ZERO_LENGTH","0","NotContentIndexed","-1","H","159","Test1","C:\Users\RD004\Box\知能情報処理システム研究室\音声\音声データベース\MSP_PODCAST\Audio\MSP-PODCAST_2353_1073.wav","C:\Users\RD004\Documents\lab\data\MSP_PODCAST\Audio\batch_042\MSP-PODCAST_2353_1073.wav"
"42","70","MSP-PODCAST_2357_0013.wav","SOURCE_ZERO_LENGTH","0","NotContentIndexed","-1","S","1240","Train","C:\Users\RD004\Box\知能情報処理システム研究室\音声\音声データベース\MSP_PODCAST\Audio\MSP-PODCAST_2357_0013.wav","C:\Users\RD004\Documents\lab\data\MSP_PODCAST\Audio\batch_042\MSP-PODCAST_2357_0013.wav"
"42","71","MSP-PODCAST_2357_0033.wav","SOURCE_ZERO_LENGTH","0","NotContentIndexed","-1","A","1240","Train","C:\Users\RD004\Box\知能情報処理システム研究室\音声\音声データベース\MSP_PODCAST\Audio\MSP-PODCAST_2357_0033.wav","C:\Users\RD004\Documents\lab\data\MSP_PODCAST\Audio\batch_042\MSP-PODCAST_2357_0033.wav"
"42","72","MSP-PODCAST_2357_0036.wav","SOURCE_ZERO_LENGTH","0","NotContentIndexed","-1","H","1240","Train","C:\Users\RD004\Box\知能情報処理システム研究室\音声\音声データベース\MSP_PODCAST\Audio\MSP-PODCAST_2357_0036.wav","C:\Users\RD004\Documents\lab\data\MSP_PODCAST\Audio\batch_042\MSP-PODCAST_2357_0036.wav"
"42","73","MSP-PODCAST_2357_0037.wav","SOURCE_ZERO_LENGTH","0","NotContentIndexed","-1","A","1240","Train","C:\Users\RD004\Box\知能情報処理システム研究室\音声\音声データベース\MSP_PODCAST\Audio\MSP-PODCAST_2357_0037.wav","C:\Users\RD004\Documents\lab\data\MSP_PODCAST\Audio\batch_042\MSP-PODCAST_2357_0037.wav"
"42","74","MSP-PODCAST_2357_0040.wav","SOURCE_ZERO_LENGTH","0","NotContentIndexed","-1","A","1240","Train","C:\Users\RD004\Box\知能情報処理システム研究室\音声\音声データベース\MSP_PODCAST\Audio\MSP-PODCAST_2357_0040.wav","C:\Users\RD004\Documents\lab\data\MSP_PODCAST\Audio\batch_042\MSP-PODCAST_2357_0040.wav"
"42","75","MSP-PODCAST_2357_0041.wav","SOURCE_ZERO_LENGTH","0","NotContentIndexed","-1","A","1240","Train","C:\Users\RD004\Box\知能情報処理システム研究室\音声\音声データベース\MSP_PODCAST\Audio\MSP-PODCAST_2357_0041.wav","C:\Users\RD004\Documents\lab\data\MSP_PODCAST\Audio\batch_042\MSP-PODCAST_2357_0041.wav"
"42","76","MSP-PODCAST_2357_0042.wav","SOURCE_ZERO_LENGTH","0","NotContentIndexed","-1","A","1240","Train","C:\Users\RD004\Box\知能情報処理システム研究室\音声\音声データベース\MSP_PODCAST\Audio\MSP-PODCAST_2357_0042.wav","C:\Users\RD004\Documents\lab\data\MSP_PODCAST\Audio\batch_042\MSP-PODCAST_2357_0042.wav"
"42","77","MSP-PODCAST_2357_0045.wav","SOURCE_ZERO_LENGTH","0","NotContentIndexed","-1","H","1240","Train","C:\Users\RD004\Box\知能情報処理システム研究室\音声\音声データベース\MSP_PODCAST\Audio\MSP-PODCAST_2357_0045.wav","C:\Users\RD004\Documents\lab\data\MSP_PODCAST\Audio\batch_042\MSP-PODCAST_2357_0045.wav"
"42","78","MSP-PODCAST_2357_0059.wav","SOURCE_ZERO_LENGTH","0","NotContentIndexed","-1","H","1240","Train","C:\Users\RD004\Box\知能情報処理システム研究室\音声\音声データベース\MSP_PODCAST\Audio\MSP-PODCAST_2357_0059.wav","C:\Users\RD004\Documents\lab\data\MSP_PODCAST\Audio\batch_042\MSP-PODCAST_2357_0059.wav"
"42","79","MSP-PODCAST_2357_0067.wav","SOURCE_ZERO_LENGTH","0","NotContentIndexed","-1","S","1240","Train","C:\Users\RD004\Box\知能情報処理システム研究室\音声\音声データベース\MSP_PODCAST\Audio\MSP-PODCAST_2357_0067.wav","C:\Users\RD004\Documents\lab\data\MSP_PODCAST\Audio\batch_042\MSP-PODCAST_2357_0067.wav"
"42","80","MSP-PODCAST_2357_0068.wav","SOURCE_ZERO_LENGTH","0","NotContentIndexed","-1","A","1240","Train","C:\Users\RD004\Box\知能情報処理システム研究室\音声\音声データベース\MSP_PODCAST\Audio\MSP-PODCAST_2357_0068.wav","C:\Users\RD004\Documents\lab\data\MSP_PODCAST\Audio\batch_042\MSP-PODCAST_2357_0068.wav"
"42","81","MSP-PODCAST_2357_0085.wav","SOURCE_ZERO_LENGTH","0","NotContentIndexed","-1","S","1240","Train","C:\Users\RD004\Box\知能情報処理システム研究室\音声\音声データベース\MSP_PODCAST\Audio\MSP-PODCAST_2357_0085.wav","C:\Users\RD004\Documents\lab\data\MSP_PODCAST\Audio\batch_042\MSP-PODCAST_2357_0085.wav"
"42","82","MSP-PODCAST_2357_0088.wav","SOURCE_ZERO_LENGTH","0","NotContentIndexed","-1","H","1240","Train","C:\Users\RD004\Box\知能情報処理システム研究室\音声\音声データベース\MSP_PODCAST\Audio\MSP-PODCAST_2357_0088.wav","C:\Users\RD004\Documents\lab\data\MSP_PODCAST\Audio\batch_042\MSP-PODCAST_2357_0088.wav"
"42","83","MSP-PODCAST_2357_0089.wav","SOURCE_ZERO_LENGTH","0","NotContentIndexed","-1","H","1240","Train","C:\Users\RD004\Box\知能情報処理システム研究室\音声\音声データベース\MSP_PODCAST\Audio\MSP-PODCAST_2357_0089.wav","C:\Users\RD004\Documents\lab\data\MSP_PODCAST\Audio\batch_042\MSP-PODCAST_2357_0089.wav"
"42","84","MSP-PODCAST_2357_0090.wav","SOURCE_ZERO_LENGTH","0","NotContentIndexed","-1","A","1240","Train","C:\Users\RD004\Box\知能情報処理システム研究室\音声\音声データベース\MSP_PODCAST\Audio\MSP-PODCAST_2357_0090.wav","C:\Users\RD004\Documents\lab\data\MSP_PODCAST\Audio\batch_042\MSP-PODCAST_2357_0090.wav"
"42","85","MSP-PODCAST_2357_0097.wav","SOURCE_ZERO_LENGTH","0","NotContentIndexed","-1","A","1240","Train","C:\Users\RD004\Box\知能情報処理システム研究室\音声\音声データベース\MSP_PODCAST\Audio\MSP-PODCAST_2357_0097.wav","C:\Users\RD004\Documents\lab\data\MSP_PODCAST\Audio\batch_042\MSP-PODCAST_2357_0097.wav"
"42","86","MSP-PODCAST_2357_0107.wav","SOURCE_ZERO_LENGTH","0","NotContentIndexed","-1","A","1240","Train","C:\Users\RD004\Box\知能情報処理システム研究室\音声\音声データベース\MSP_PODCAST\Audio\MSP-PODCAST_2357_0107.wav","C:\Users\RD004\Documents\lab\data\MSP_PODCAST\Audio\batch_042\MSP-PODCAST_2357_0107.wav"
"42","87","MSP-PODCAST_2357_0108.wav","SOURCE_ZERO_LENGTH","0","NotContentIndexed","-1","A","1240","Train","C:\Users\RD004\Box\知能情報処理システム研究室\音声\音声データベース\MSP_PODCAST\Audio\MSP-PODCAST_2357_0108.wav","C:\Users\RD004\Documents\lab\data\MSP_PODCAST\Audio\batch_042\MSP-PODCAST_2357_0108.wav"
"42","88","MSP-PODCAST_2357_0110.wav","SOURCE_ZERO_LENGTH","0","NotContentIndexed","-1","A","1240","Train","C:\Users\RD004\Box\知能情報処理システム研究室\音声\音声データベース\MSP_PODCAST\Audio\MSP-PODCAST_2357_0110.wav","C:\Users\RD004\Documents\lab\data\MSP_PODCAST\Audio\batch_042\MSP-PODCAST_2357_0110.wav"
"42","89","MSP-PODCAST_2357_0113.wav","SOURCE_ZERO_LENGTH","0","NotContentIndexed","-1","A","1240","Train","C:\Users\RD004\Box\知能情報処理システム研究室\音声\音声データベース\MSP_PODCAST\Audio\MSP-PODCAST_2357_0113.wav","C:\Users\RD004\Documents\lab\data\MSP_PODCAST\Audio\batch_042\MSP-PODCAST_2357_0113.wav"
"42","90","MSP-PODCAST_2357_0118.wav","SOURCE_ZERO_LENGTH","0","NotContentIndexed","-1","A","1240","Train","C:\Users\RD004\Box\知能情報処理システム研究室\音声\音声データベース\MSP_PODCAST\Audio\MSP-PODCAST_2357_0118.wav","C:\Users\RD004\Documents\lab\data\MSP_PODCAST\Audio\batch_042\MSP-PODCAST_2357_0118.wav"
"42","91","MSP-PODCAST_2357_0119.wav","SOURCE_ZERO_LENGTH","0","NotContentIndexed","-1","A","1240","Train","C:\Users\RD004\Box\知能情報処理システム研究室\音声\音声データベース\MSP_PODCAST\Audio\MSP-PODCAST_2357_0119.wav","C:\Users\RD004\Documents\lab\data\MSP_PODCAST\Audio\batch_042\MSP-PODCAST_2357_0119.wav"
"42","92","MSP-PODCAST_2357_0120.wav","SOURCE_ZERO_LENGTH","0","NotContentIndexed","-1","A","1240","Train","C:\Users\RD004\Box\知能情報処理システム研究室\音声\音声データベース\MSP_PODCAST\Audio\MSP-PODCAST_2357_0120.wav","C:\Users\RD004\Documents\lab\data\MSP_PODCAST\Audio\batch_042\MSP-PODCAST_2357_0120.wav"
"42","93","MSP-PODCAST_2357_0123.wav","SOURCE_ZERO_LENGTH","0","NotContentIndexed","-1","S","1240","Train","C:\Users\RD004\Box\知能情報処理システム研究室\音声\音声データベース\MSP_PODCAST\Audio\MSP-PODCAST_2357_0123.wav","C:\Users\RD004\Documents\lab\data\MSP_PODCAST\Audio\batch_042\MSP-PODCAST_2357_0123.wav"
"42","94","MSP-PODCAST_2357_0128.wav","SOURCE_ZERO_LENGTH","0","NotContentIndexed","-1","A","1240","Train","C:\Users\RD004\Box\知能情報処理システム研究室\音声\音声データベース\MSP_PODCAST\Audio\MSP-PODCAST_2357_0128.wav","C:\Users\RD004\Documents\lab\data\MSP_PODCAST\Audio\batch_042\MSP-PODCAST_2357_0128.wav"
"42","95","MSP-PODCAST_2357_0129.wav","SOURCE_ZERO_LENGTH","0","NotContentIndexed","-1","A","1240","Train","C:\Users\RD004\Box\知能情報処理システム研究室\音声\音声データベース\MSP_PODCAST\Audio\MSP-PODCAST_2357_0129.wav","C:\Users\RD004\Documents\lab\data\MSP_PODCAST\Audio\batch_042\MSP-PODCAST_2357_0129.wav"
"42","96","MSP-PODCAST_2357_0135.wav","SOURCE_ZERO_LENGTH","0","NotContentIndexed","-1","A","1240","Train","C:\Users\RD004\Box\知能情報処理システム研究室\音声\音声データベース\MSP_PODCAST\Audio\MSP-PODCAST_2357_0135.wav","C:\Users\RD004\Documents\lab\data\MSP_PODCAST\Audio\batch_042\MSP-PODCAST_2357_0135.wav"
"42","97","MSP-PODCAST_2357_0136.wav","SOURCE_ZERO_LENGTH","0","NotContentIndexed","-1","A","1240","Train","C:\Users\RD004\Box\知能情報処理システム研究室\音声\音声データベース\MSP_PODCAST\Audio\MSP-PODCAST_2357_0136.wav","C:\Users\RD004\Documents\lab\data\MSP_PODCAST\Audio\batch_042\MSP-PODCAST_2357_0136.wav"
"42","98","MSP-PODCAST_2357_0137.wav","SOURCE_ZERO_LENGTH","0","NotContentIndexed","-1","S","1240","Train","C:\Users\RD004\Box\知能情報処理システム研究室\音声\音声データベース\MSP_PODCAST\Audio\MSP-PODCAST_2357_0137.wav","C:\Users\RD004\Documents\lab\data\MSP_PODCAST\Audio\batch_042\MSP-PODCAST_2357_0137.wav"
"42","99","MSP-PODCAST_2357_0139.wav","SOURCE_ZERO_LENGTH","0","NotContentIndexed","-1","A","1240","Train","C:\Users\RD004\Box\知能情報処理システム研究室\音声\音声データベース\MSP_PODCAST\Audio\MSP-PODCAST_2357_0139.wav","C:\Users\RD004\Documents\lab\data\MSP_PODCAST\Audio\batch_042\MSP-PODCAST_2357_0139.wav"
"42","100","MSP-PODCAST_2357_0140.wav","SOURCE_ZERO_LENGTH","0","NotContentIndexed","-1","S","1240","Train","C:\Users\RD004\Box\知能情報処理システム研究室\音声\音声データベース\MSP_PODCAST\Audio\MSP-PODCAST_2357_0140.wav","C:\Users\RD004\Documents\lab\data\MSP_PODCAST\Audio\batch_042\MSP-PODCAST_2357_0140.wav"
"42","101","MSP-PODCAST_2357_0144.wav","SOURCE_ZERO_LENGTH","0","NotContentIndexed","-1","A","1240","Train","C:\Users\RD004\Box\知能情報処理システム研究室\音声\音声データベース\MSP_PODCAST\Audio\MSP-PODCAST_2357_0144.wav","C:\Users\RD004\Documents\lab\data\MSP_PODCAST\Audio\batch_042\MSP-PODCAST_2357_0144.wav"
"42","102","MSP-PODCAST_2357_0147.wav","SOURCE_ZERO_LENGTH","0","NotContentIndexed","-1","A","1240","Train","C:\Users\RD004\Box\知能情報処理システム研究室\音声\音声データベース\MSP_PODCAST\Audio\MSP-PODCAST_2357_0147.wav","C:\Users\RD004\Documents\lab\data\MSP_PODCAST\Audio\batch_042\MSP-PODCAST_2357_0147.wav"
"42","103","MSP-PODCAST_2357_0148.wav","SOURCE_ZERO_LENGTH","0","NotContentIndexed","-1","A","1240","Train","C:\Users\RD004\Box\知能情報処理システム研究室\音声\音声データベース\MSP_PODCAST\Audio\MSP-PODCAST_2357_0148.wav","C:\Users\RD004\Documents\lab\data\MSP_PODCAST\Audio\batch_042\MSP-PODCAST_2357_0148.wav"
"42","104","MSP-PODCAST_2357_0149.wav","SOURCE_ZERO_LENGTH","0","NotContentIndexed","-1","A","1240","Train","C:\Users\RD004\Box\知能情報処理システム研究室\音声\音声データベース\MSP_PODCAST\Audio\MSP-PODCAST_2357_0149.wav","C:\Users\RD004\Documents\lab\data\MSP_PODCAST\Audio\batch_042\MSP-PODCAST_2357_0149.wav"
"42","105","MSP-PODCAST_2357_0157.wav","SOURCE_ZERO_LENGTH","0","NotContentIndexed","-1","S","1240","Train","C:\Users\RD004\Box\知能情報処理システム研究室\音声\音声データベース\MSP_PODCAST\Audio\MSP-PODCAST_2357_0157.wav","C:\Users\RD004\Documents\lab\data\MSP_PODCAST\Audio\batch_042\MSP-PODCAST_2357_0157.wav"
"42","106","MSP-PODCAST_2357_0161.wav","SOURCE_ZERO_LENGTH","0","NotContentIndexed","-1","A","1240","Train","C:\Users\RD004\Box\知能情報処理システム研究室\音声\音声データベース\MSP_PODCAST\Audio\MSP-PODCAST_2357_0161.wav","C:\Users\RD004\Documents\lab\data\MSP_PODCAST\Audio\batch_042\MSP-PODCAST_2357_0161.wav"
"42","107","MSP-PODCAST_2357_0163.wav","SOURCE_ZERO_LENGTH","0","NotContentIndexed","-1","S","1240","Train","C:\Users\RD004\Box\知能情報処理システム研究室\音声\音声データベース\MSP_PODCAST\Audio\MSP-PODCAST_2357_0163.wav","C:\Users\RD004\Documents\lab\data\MSP_PODCAST\Audio\batch_042\MSP-PODCAST_2357_0163.wav"
"42","108","MSP-PODCAST_2357_0164.wav","SOURCE_ZERO_LENGTH","0","NotContentIndexed","-1","A","1240","Train","C:\Users\RD004\Box\知能情報処理システム研究室\音声\音声データベース\MSP_PODCAST\Audio\MSP-PODCAST_2357_0164.wav","C:\Users\RD004\Documents\lab\data\MSP_PODCAST\Audio\batch_042\MSP-PODCAST_2357_0164.wav"
"42","109","MSP-PODCAST_2357_0176.wav","SOURCE_ZERO_LENGTH","0","NotContentIndexed","-1","A","1240","Train","C:\Users\RD004\Box\知能情報処理システム研究室\音声\音声データベース\MSP_PODCAST\Audio\MSP-PODCAST_2357_0176.wav","C:\Users\RD004\Documents\lab\data\MSP_PODCAST\Audio\batch_042\MSP-PODCAST_2357_0176.wav"
"42","110","MSP-PODCAST_2357_0180.wav","SOURCE_ZERO_LENGTH","0","NotContentIndexed","-1","A","1240","Train","C:\Users\RD004\Box\知能情報処理システム研究室\音声\音声データベース\MSP_PODCAST\Audio\MSP-PODCAST_2357_0180.wav","C:\Users\RD004\Documents\lab\data\MSP_PODCAST\Audio\batch_042\MSP-PODCAST_2357_0180.wav"
"42","111","MSP-PODCAST_2357_0181.wav","SOURCE_ZERO_LENGTH","0","NotContentIndexed","-1","H","1240","Train","C:\Users\RD004\Box\知能情報処理システム研究室\音声\音声データベース\MSP_PODCAST\Audio\MSP-PODCAST_2357_0181.wav","C:\Users\RD004\Documents\lab\data\MSP_PODCAST\Audio\batch_042\MSP-PODCAST_2357_0181.wav"
"42","112","MSP-PODCAST_2357_0182.wav","SOURCE_ZERO_LENGTH","0","NotContentIndexed","-1","A","1240","Train","C:\Users\RD004\Box\知能情報処理システム研究室\音声\音声データベース\MSP_PODCAST\Audio\MSP-PODCAST_2357_0182.wav","C:\Users\RD004\Documents\lab\data\MSP_PODCAST\Audio\batch_042\MSP-PODCAST_2357_0182.wav"
"42","113","MSP-PODCAST_2357_0184.wav","SOURCE_ZERO_LENGTH","0","NotContentIndexed","-1","A","1240","Train","C:\Users\RD004\Box\知能情報処理システム研究室\音声\音声データベース\MSP_PODCAST\Audio\MSP-PODCAST_2357_0184.wav","C:\Users\RD004\Documents\lab\data\MSP_PODCAST\Audio\batch_042\MSP-PODCAST_2357_0184.wav"
"42","114","MSP-PODCAST_2357_0186.wav","SOURCE_ZERO_LENGTH","0","NotContentIndexed","-1","H","1240","Train","C:\Users\RD004\Box\知能情報処理システム研究室\音声\音声データベース\MSP_PODCAST\Audio\MSP-PODCAST_2357_0186.wav","C:\Users\RD004\Documents\lab\data\MSP_PODCAST\Audio\batch_042\MSP-PODCAST_2357_0186.wav"
"42","115","MSP-PODCAST_2357_0187.wav","SOURCE_ZERO_LENGTH","0","NotContentIndexed","-1","A","1240","Train","C:\Users\RD004\Box\知能情報処理システム研究室\音声\音声データベース\MSP_PODCAST\Audio\MSP-PODCAST_2357_0187.wav","C:\Users\RD004\Documents\lab\data\MSP_PODCAST\Audio\batch_042\MSP-PODCAST_2357_0187.wav"
"42","116","MSP-PODCAST_2357_0190.wav","SOURCE_ZERO_LENGTH","0","NotContentIndexed","-1","A","1240","Train","C:\Users\RD004\Box\知能情報処理システム研究室\音声\音声データベース\MSP_PODCAST\Audio\MSP-PODCAST_2357_0190.wav","C:\Users\RD004\Documents\lab\data\MSP_PODCAST\Audio\batch_042\MSP-PODCAST_2357_0190.wav"
"42","117","MSP-PODCAST_2357_0194.wav","SOURCE_ZERO_LENGTH","0","NotContentIndexed","-1","A","1240","Train","C:\Users\RD004\Box\知能情報処理システム研究室\音声\音声データベース\MSP_PODCAST\Audio\MSP-PODCAST_2357_0194.wav","C:\Users\RD004\Documents\lab\data\MSP_PODCAST\Audio\batch_042\MSP-PODCAST_2357_0194.wav"
"42","118","MSP-PODCAST_2357_0195.wav","SOURCE_ZERO_LENGTH","0","NotContentIndexed","-1","A","1240","Train","C:\Users\RD004\Box\知能情報処理システム研究室\音声\音声データベース\MSP_PODCAST\Audio\MSP-PODCAST_2357_0195.wav","C:\Users\RD004\Documents\lab\data\MSP_PODCAST\Audio\batch_042\MSP-PODCAST_2357_0195.wav"
"42","119","MSP-PODCAST_2357_0197.wav","SOURCE_ZERO_LENGTH","0","NotContentIndexed","-1","H","1240","Train","C:\Users\RD004\Box\知能情報処理システム研究室\音声\音声データベース\MSP_PODCAST\Audio\MSP-PODCAST_2357_0197.wav","C:\Users\RD004\Documents\lab\data\MSP_PODCAST\Audio\batch_042\MSP-PODCAST_2357_0197.wav"
"42","120","MSP-PODCAST_2357_0198.wav","SOURCE_ZERO_LENGTH","0","NotContentIndexed","-1","D","1240","Train","C:\Users\RD004\Box\知能情報処理システム研究室\音声\音声データベース\MSP_PODCAST\Audio\MSP-PODCAST_2357_0198.wav","C:\Users\RD004\Documents\lab\data\MSP_PODCAST\Audio\batch_042\MSP-PODCAST_2357_0198.wav"
"42","121","MSP-PODCAST_2357_0210.wav","SOURCE_ZERO_LENGTH","0","NotContentIndexed","-1","H","1240","Train","C:\Users\RD004\Box\知能情報処理システム研究室\音声\音声データベース\MSP_PODCAST\Audio\MSP-PODCAST_2357_0210.wav","C:\Users\RD004\Documents\lab\data\MSP_PODCAST\Audio\batch_042\MSP-PODCAST_2357_0210.wav"
"42","122","MSP-PODCAST_2357_0218.wav","SOURCE_ZERO_LENGTH","0","NotContentIndexed","-1","A","1240","Train","C:\Users\RD004\Box\知能情報処理システム研究室\音声\音声データベース\MSP_PODCAST\Audio\MSP-PODCAST_2357_0218.wav","C:\Users\RD004\Documents\lab\data\MSP_PODCAST\Audio\batch_042\MSP-PODCAST_2357_0218.wav"
"42","123","MSP-PODCAST_2357_0221.wav","SOURCE_ZERO_LENGTH","0","NotContentIndexed","-1","A","1240","Train","C:\Users\RD004\Box\知能情報処理システム研究室\音声\音声データベース\MSP_PODCAST\Audio\MSP-PODCAST_2357_0221.wav","C:\Users\RD004\Documents\lab\data\MSP_PODCAST\Audio\batch_042\MSP-PODCAST_2357_0221.wav"
"42","124","MSP-PODCAST_2357_0224.wav","SOURCE_ZERO_LENGTH","0","NotContentIndexed","-1","S","1240","Train","C:\Users\RD004\Box\知能情報処理システム研究室\音声\音声データベース\MSP_PODCAST\Audio\MSP-PODCAST_2357_0224.wav","C:\Users\RD004\Documents\lab\data\MSP_PODCAST\Audio\batch_042\MSP-PODCAST_2357_0224.wav"
"42","125","MSP-PODCAST_2357_0226.wav","SOURCE_ZERO_LENGTH","0","NotContentIndexed","-1","H","1240","Train","C:\Users\RD004\Box\知能情報処理システム研究室\音声\音声データベース\MSP_PODCAST\Audio\MSP-PODCAST_2357_0226.wav","C:\Users\RD004\Documents\lab\data\MSP_PODCAST\Audio\batch_042\MSP-PODCAST_2357_0226.wav"
"42","126","MSP-PODCAST_2357_0228.wav","SOURCE_ZERO_LENGTH","0","NotContentIndexed","-1","A","1240","Train","C:\Users\RD004\Box\知能情報処理システム研究室\音声\音声データベース\MSP_PODCAST\Audio\MSP-PODCAST_2357_0228.wav","C:\Users\RD004\Documents\lab\data\MSP_PODCAST\Audio\batch_042\MSP-PODCAST_2357_0228.wav"
"42","127","MSP-PODCAST_2357_0230.wav","SOURCE_ZERO_LENGTH","0","NotContentIndexed","-1","H","1240","Train","C:\Users\RD004\Box\知能情報処理システム研究室\音声\音声データベース\MSP_PODCAST\Audio\MSP-PODCAST_2357_0230.wav","C:\Users\RD004\Documents\lab\data\MSP_PODCAST\Audio\batch_042\MSP-PODCAST_2357_0230.wav"
"42","128","MSP-PODCAST_2357_0231.wav","SOURCE_ZERO_LENGTH","0","NotContentIndexed","-1","A","1240","Train","C:\Users\RD004\Box\知能情報処理システム研究室\音声\音声データベース\MSP_PODCAST\Audio\MSP-PODCAST_2357_0231.wav","C:\Users\RD004\Documents\lab\data\MSP_PODCAST\Audio\batch_042\MSP-PODCAST_2357_0231.wav"
"42","129","MSP-PODCAST_2357_0233.wav","SOURCE_ZERO_LENGTH","0","NotContentIndexed","-1","A","1240","Train","C:\Users\RD004\Box\知能情報処理システム研究室\音声\音声データベース\MSP_PODCAST\Audio\MSP-PODCAST_2357_0233.wav","C:\Users\RD004\Documents\lab\data\MSP_PODCAST\Audio\batch_042\MSP-PODCAST_2357_0233.wav"
"42","130","MSP-PODCAST_2357_0236.wav","SOURCE_ZERO_LENGTH","0","NotContentIndexed","-1","A","1240","Train","C:\Users\RD004\Box\知能情報処理システム研究室\音声\音声データベース\MSP_PODCAST\Audio\MSP-PODCAST_2357_0236.wav","C:\Users\RD004\Documents\lab\data\MSP_PODCAST\Audio\batch_042\MSP-PODCAST_2357_0236.wav"
"42","131","MSP-PODCAST_2357_0244.wav","SOURCE_ZERO_LENGTH","0","NotContentIndexed","-1","A","1240","Train","C:\Users\RD004\Box\知能情報処理システム研究室\音声\音声データベース\MSP_PODCAST\Audio\MSP-PODCAST_2357_0244.wav","C:\Users\RD004\Documents\lab\data\MSP_PODCAST\Audio\batch_042\MSP-PODCAST_2357_0244.wav"
"42","132","MSP-PODCAST_2357_0245.wav","SOURCE_ZERO_LENGTH","0","NotContentIndexed","-1","A","1240","Train","C:\Users\RD004\Box\知能情報処理システム研究室\音声\音声データベース\MSP_PODCAST\Audio\MSP-PODCAST_2357_0245.wav","C:\Users\RD004\Documents\lab\data\MSP_PODCAST\Audio\batch_042\MSP-PODCAST_2357_0245.wav"
"42","133","MSP-PODCAST_2357_0246.wav","SOURCE_ZERO_LENGTH","0","NotContentIndexed","-1","A","1240","Train","C:\Users\RD004\Box\知能情報処理システム研究室\音声\音声データベース\MSP_PODCAST\Audio\MSP-PODCAST_2357_0246.wav","C:\Users\RD004\Documents\lab\data\MSP_PODCAST\Audio\batch_042\MSP-PODCAST_2357_0246.wav"
"42","134","MSP-PODCAST_2357_0248.wav","SOURCE_ZERO_LENGTH","0","NotContentIndexed","-1","A","1240","Train","C:\Users\RD004\Box\知能情報処理システム研究室\音声\音声データベース\MSP_PODCAST\Audio\MSP-PODCAST_2357_0248.wav","C:\Users\RD004\Documents\lab\data\MSP_PODCAST\Audio\batch_042\MSP-PODCAST_2357_0248.wav"
"42","135","MSP-PODCAST_2357_0252.wav","SOURCE_ZERO_LENGTH","0","NotContentIndexed","-1","A","1240","Train","C:\Users\RD004\Box\知能情報処理システム研究室\音声\音声データベース\MSP_PODCAST\Audio\MSP-PODCAST_2357_0252.wav","C:\Users\RD004\Documents\lab\data\MSP_PODCAST\Audio\batch_042\MSP-PODCAST_2357_0252.wav"
"42","136","MSP-PODCAST_2357_0257.wav","SOURCE_ZERO_LENGTH","0","NotContentIndexed","-1","A","1240","Train","C:\Users\RD004\Box\知能情報処理システム研究室\音声\音声データベース\MSP_PODCAST\Audio\MSP-PODCAST_2357_0257.wav","C:\Users\RD004\Documents\lab\data\MSP_PODCAST\Audio\batch_042\MSP-PODCAST_2357_0257.wav"
"42","137","MSP-PODCAST_2357_0261.wav","SOURCE_ZERO_LENGTH","0","NotContentIndexed","-1","H","1240","Train","C:\Users\RD004\Box\知能情報処理システム研究室\音声\音声データベース\MSP_PODCAST\Audio\MSP-PODCAST_2357_0261.wav","C:\Users\RD004\Documents\lab\data\MSP_PODCAST\Audio\batch_042\MSP-PODCAST_2357_0261.wav"
"42","138","MSP-PODCAST_2357_0262.wav","SOURCE_ZERO_LENGTH","0","NotContentIndexed","-1","A","1240","Train","C:\Users\RD004\Box\知能情報処理システム研究室\音声\音声データベース\MSP_PODCAST\Audio\MSP-PODCAST_2357_0262.wav","C:\Users\RD004\Documents\lab\data\MSP_PODCAST\Audio\batch_042\MSP-PODCAST_2357_0262.wav"
"42","139","MSP-PODCAST_2357_0266.wav","SOURCE_ZERO_LENGTH","0","NotContentIndexed","-1","S","1240","Train","C:\Users\RD004\Box\知能情報処理システム研究室\音声\音声データベース\MSP_PODCAST\Audio\MSP-PODCAST_2357_0266.wav","C:\Users\RD004\Documents\lab\data\MSP_PODCAST\Audio\batch_042\MSP-PODCAST_2357_0266.wav"
"42","140","MSP-PODCAST_2357_0267.wav","SOURCE_ZERO_LENGTH","0","NotContentIndexed","-1","A","1240","Train","C:\Users\RD004\Box\知能情報処理システム研究室\音声\音声データベース\MSP_PODCAST\Audio\MSP-PODCAST_2357_0267.wav","C:\Users\RD004\Documents\lab\data\MSP_PODCAST\Audio\batch_042\MSP-PODCAST_2357_0267.wav"
"42","141","MSP-PODCAST_2357_0268.wav","SOURCE_ZERO_LENGTH","0","NotContentIndexed","-1","A","1240","Train","C:\Users\RD004\Box\知能情報処理システム研究室\音声\音声データベース\MSP_PODCAST\Audio\MSP-PODCAST_2357_0268.wav","C:\Users\RD004\Documents\lab\data\MSP_PODCAST\Audio\batch_042\MSP-PODCAST_2357_0268.wav"
"42","142","MSP-PODCAST_2357_0269.wav","SOURCE_ZERO_LENGTH","0","NotContentIndexed","-1","A","1240","Train","C:\Users\RD004\Box\知能情報処理システム研究室\音声\音声データベース\MSP_PODCAST\Audio\MSP-PODCAST_2357_0269.wav","C:\Users\RD004\Documents\lab\data\MSP_PODCAST\Audio\batch_042\MSP-PODCAST_2357_0269.wav"
"42","143","MSP-PODCAST_2357_0270.wav","SOURCE_ZERO_LENGTH","0","NotContentIndexed","-1","A","1240","Train","C:\Users\RD004\Box\知能情報処理システム研究室\音声\音声データベース\MSP_PODCAST\Audio\MSP-PODCAST_2357_0270.wav","C:\Users\RD004\Documents\lab\data\MSP_PODCAST\Audio\batch_042\MSP-PODCAST_2357_0270.wav"
"42","144","MSP-PODCAST_2357_0272.wav","SOURCE_ZERO_LENGTH","0","NotContentIndexed","-1","A","1240","Train","C:\Users\RD004\Box\知能情報処理システム研究室\音声\音声データベース\MSP_PODCAST\Audio\MSP-PODCAST_2357_0272.wav","C:\Users\RD004\Documents\lab\data\MSP_PODCAST\Audio\batch_042\MSP-PODCAST_2357_0272.wav"
"42","145","MSP-PODCAST_2357_0274.wav","SOURCE_ZERO_LENGTH","0","NotContentIndexed","-1","A","1240","Train","C:\Users\RD004\Box\知能情報処理システム研究室\音声\音声データベース\MSP_PODCAST\Audio\MSP-PODCAST_2357_0274.wav","C:\Users\RD004\Documents\lab\data\MSP_PODCAST\Audio\batch_042\MSP-PODCAST_2357_0274.wav"
"42","146","MSP-PODCAST_2357_0279.wav","SOURCE_ZERO_LENGTH","0","NotContentIndexed","-1","A","1240","Train","C:\Users\RD004\Box\知能情報処理システム研究室\音声\音声データベース\MSP_PODCAST\Audio\MSP-PODCAST_2357_0279.wav","C:\Users\RD004\Documents\lab\data\MSP_PODCAST\Audio\batch_042\MSP-PODCAST_2357_0279.wav"
"42","147","MSP-PODCAST_2357_0281.wav","SOURCE_ZERO_LENGTH","0","NotContentIndexed","-1","S","1240","Train","C:\Users\RD004\Box\知能情報処理システム研究室\音声\音声データベース\MSP_PODCAST\Audio\MSP-PODCAST_2357_0281.wav","C:\Users\RD004\Documents\lab\data\MSP_PODCAST\Audio\batch_042\MSP-PODCAST_2357_0281.wav"
"42","148","MSP-PODCAST_2357_0282.wav","SOURCE_ZERO_LENGTH","0","NotContentIndexed","-1","A","1240","Train","C:\Users\RD004\Box\知能情報処理システム研究室\音声\音声データベース\MSP_PODCAST\Audio\MSP-PODCAST_2357_0282.wav","C:\Users\RD004\Documents\lab\data\MSP_PODCAST\Audio\batch_042\MSP-PODCAST_2357_0282.wav"
"42","149","MSP-PODCAST_2357_0284.wav","SOURCE_ZERO_LENGTH","0","NotContentIndexed","-1","A","1240","Train","C:\Users\RD004\Box\知能情報処理システム研究室\音声\音声データベース\MSP_PODCAST\Audio\MSP-PODCAST_2357_0284.wav","C:\Users\RD004\Documents\lab\data\MSP_PODCAST\Audio\batch_042\MSP-PODCAST_2357_0284.wav"
"42","150","MSP-PODCAST_2357_0286.wav","SOURCE_ZERO_LENGTH","0","NotContentIndexed","-1","A","1240","Train","C:\Users\RD004\Box\知能情報処理システム研究室\音声\音声データベース\MSP_PODCAST\Audio\MSP-PODCAST_2357_0286.wav","C:\Users\RD004\Documents\lab\data\MSP_PODCAST\Audio\batch_042\MSP-PODCAST_2357_0286.wav"
"42","151","MSP-PODCAST_2357_0287.wav","SOURCE_ZERO_LENGTH","0","NotContentIndexed","-1","A","1240","Train","C:\Users\RD004\Box\知能情報処理システム研究室\音声\音声データベース\MSP_PODCAST\Audio\MSP-PODCAST_2357_0287.wav","C:\Users\RD004\Documents\lab\data\MSP_PODCAST\Audio\batch_042\MSP-PODCAST_2357_0287.wav"
"42","152","MSP-PODCAST_2357_0290.wav","SOURCE_ZERO_LENGTH","0","NotContentIndexed","-1","A","1240","Train","C:\Users\RD004\Box\知能情報処理システム研究室\音声\音声データベース\MSP_PODCAST\Audio\MSP-PODCAST_2357_0290.wav","C:\Users\RD004\Documents\lab\data\MSP_PODCAST\Audio\batch_042\MSP-PODCAST_2357_0290.wav"
"42","153","MSP-PODCAST_2357_0297.wav","SOURCE_ZERO_LENGTH","0","NotContentIndexed","-1","A","1240","Train","C:\Users\RD004\Box\知能情報処理システム研究室\音声\音声データベース\MSP_PODCAST\Audio\MSP-PODCAST_2357_0297.wav","C:\Users\RD004\Documents\lab\data\MSP_PODCAST\Audio\batch_042\MSP-PODCAST_2357_0297.wav"
"42","154","MSP-PODCAST_2357_0300.wav","SOURCE_ZERO_LENGTH","0","NotContentIndexed","-1","A","1240","Train","C:\Users\RD004\Box\知能情報処理システム研究室\音声\音声データベース\MSP_PODCAST\Audio\MSP-PODCAST_2357_0300.wav","C:\Users\RD004\Documents\lab\data\MSP_PODCAST\Audio\batch_042\MSP-PODCAST_2357_0300.wav"
"42","155","MSP-PODCAST_2357_0302.wav","SOURCE_ZERO_LENGTH","0","NotContentIndexed","-1","A","1240","Train","C:\Users\RD004\Box\知能情報処理システム研究室\音声\音声データベース\MSP_PODCAST\Audio\MSP-PODCAST_2357_0302.wav","C:\Users\RD004\Documents\lab\data\MSP_PODCAST\Audio\batch_042\MSP-PODCAST_2357_0302.wav"
"42","156","MSP-PODCAST_2357_0303.wav","SOURCE_ZERO_LENGTH","0","NotContentIndexed","-1","A","1240","Train","C:\Users\RD004\Box\知能情報処理システム研究室\音声\音声データベース\MSP_PODCAST\Audio\MSP-PODCAST_2357_0303.wav","C:\Users\RD004\Documents\lab\data\MSP_PODCAST\Audio\batch_042\MSP-PODCAST_2357_0303.wav"
"42","157","MSP-PODCAST_2357_0304.wav","SOURCE_ZERO_LENGTH","0","NotContentIndexed","-1","A","1240","Train","C:\Users\RD004\Box\知能情報処理システム研究室\音声\音声データベース\MSP_PODCAST\Audio\MSP-PODCAST_2357_0304.wav","C:\Users\RD004\Documents\lab\data\MSP_PODCAST\Audio\batch_042\MSP-PODCAST_2357_0304.wav"
"42","158","MSP-PODCAST_2357_0305.wav","SOURCE_ZERO_LENGTH","0","NotContentIndexed","-1","H","1240","Train","C:\Users\RD004\Box\知能情報処理システム研究室\音声\音声データベース\MSP_PODCAST\Audio\MSP-PODCAST_2357_0305.wav","C:\Users\RD004\Documents\lab\data\MSP_PODCAST\Audio\batch_042\MSP-PODCAST_2357_0305.wav"
"42","159","MSP-PODCAST_2357_0306.wav","SOURCE_ZERO_LENGTH","0","NotContentIndexed","-1","A","1240","Train","C:\Users\RD004\Box\知能情報処理システム研究室\音声\音声データベース\MSP_PODCAST\Audio\MSP-PODCAST_2357_0306.wav","C:\Users\RD004\Documents\lab\data\MSP_PODCAST\Audio\batch_042\MSP-PODCAST_2357_0306.wav"
"42","160","MSP-PODCAST_2357_0307.wav","SOURCE_ZERO_LENGTH","0","NotContentIndexed","-1","A","1240","Train","C:\Users\RD004\Box\知能情報処理システム研究室\音声\音声データベース\MSP_PODCAST\Audio\MSP-PODCAST_2357_0307.wav","C:\Users\RD004\Documents\lab\data\MSP_PODCAST\Audio\batch_042\MSP-PODCAST_2357_0307.wav"
"42","161","MSP-PODCAST_2357_0308.wav","SOURCE_ZERO_LENGTH","0","NotContentIndexed","-1","A","1240","Train","C:\Users\RD004\Box\知能情報処理システム研究室\音声\音声データベース\MSP_PODCAST\Audio\MSP-PODCAST_2357_0308.wav","C:\Users\RD004\Documents\lab\data\MSP_PODCAST\Audio\batch_042\MSP-PODCAST_2357_0308.wav"
"42","162","MSP-PODCAST_2357_0318.wav","SOURCE_ZERO_LENGTH","0","NotContentIndexed","-1","A","1240","Train","C:\Users\RD004\Box\知能情報処理システム研究室\音声\音声データベース\MSP_PODCAST\Audio\MSP-PODCAST_2357_0318.wav","C:\Users\RD004\Documents\lab\data\MSP_PODCAST\Audio\batch_042\MSP-PODCAST_2357_0318.wav"
"42","163","MSP-PODCAST_2357_0319.wav","SOURCE_ZERO_LENGTH","0","NotContentIndexed","-1","S","1240","Train","C:\Users\RD004\Box\知能情報処理システム研究室\音声\音声データベース\MSP_PODCAST\Audio\MSP-PODCAST_2357_0319.wav","C:\Users\RD004\Documents\lab\data\MSP_PODCAST\Audio\batch_042\MSP-PODCAST_2357_0319.wav"
"42","164","MSP-PODCAST_2357_0323.wav","SOURCE_ZERO_LENGTH","0","NotContentIndexed","-1","A","1240","Train","C:\Users\RD004\Box\知能情報処理システム研究室\音声\音声データベース\MSP_PODCAST\Audio\MSP-PODCAST_2357_0323.wav","C:\Users\RD004\Documents\lab\data\MSP_PODCAST\Audio\batch_042\MSP-PODCAST_2357_0323.wav"
"42","165","MSP-PODCAST_2357_0324.wav","SOURCE_ZERO_LENGTH","0","NotContentIndexed","-1","A","1240","Train","C:\Users\RD004\Box\知能情報処理システム研究室\音声\音声データベース\MSP_PODCAST\Audio\MSP-PODCAST_2357_0324.wav","C:\Users\RD004\Documents\lab\data\MSP_PODCAST\Audio\batch_042\MSP-PODCAST_2357_0324.wav"
"42","166","MSP-PODCAST_2357_0326.wav","SOURCE_ZERO_LENGTH","0","NotContentIndexed","-1","A","1240","Train","C:\Users\RD004\Box\知能情報処理システム研究室\音声\音声データベース\MSP_PODCAST\Audio\MSP-PODCAST_2357_0326.wav","C:\Users\RD004\Documents\lab\data\MSP_PODCAST\Audio\batch_042\MSP-PODCAST_2357_0326.wav"
"42","167","MSP-PODCAST_2357_0329.wav","SOURCE_ZERO_LENGTH","0","NotContentIndexed","-1","A","1240","Train","C:\Users\RD004\Box\知能情報処理システム研究室\音声\音声データベース\MSP_PODCAST\Audio\MSP-PODCAST_2357_0329.wav","C:\Users\RD004\Documents\lab\data\MSP_PODCAST\Audio\batch_042\MSP-PODCAST_2357_0329.wav"
"42","168","MSP-PODCAST_2357_0332.wav","SOURCE_ZERO_LENGTH","0","NotContentIndexed","-1","H","1240","Train","C:\Users\RD004\Box\知能情報処理システム研究室\音声\音声データベース\MSP_PODCAST\Audio\MSP-PODCAST_2357_0332.wav","C:\Users\RD004\Documents\lab\data\MSP_PODCAST\Audio\batch_042\MSP-PODCAST_2357_0332.wav"
"42","169","MSP-PODCAST_2357_0342.wav","SOURCE_ZERO_LENGTH","0","NotContentIndexed","-1","A","1240","Train","C:\Users\RD004\Box\知能情報処理システム研究室\音声\音声データベース\MSP_PODCAST\Audio\MSP-PODCAST_2357_0342.wav","C:\Users\RD004\Documents\lab\data\MSP_PODCAST\Audio\batch_042\MSP-PODCAST_2357_0342.wav"
"42","170","MSP-PODCAST_2357_0343.wav","SOURCE_ZERO_LENGTH","0","NotContentIndexed","-1","H","1240","Train","C:\Users\RD004\Box\知能情報処理システム研究室\音声\音声データベース\MSP_PODCAST\Audio\MSP-PODCAST_2357_0343.wav","C:\Users\RD004\Documents\lab\data\MSP_PODCAST\Audio\batch_042\MSP-PODCAST_2357_0343.wav"
"42","171","MSP-PODCAST_2357_0344.wav","SOURCE_ZERO_LENGTH","0","NotContentIndexed","-1","D","1240","Train","C:\Users\RD004\Box\知能情報処理システム研究室\音声\音声データベース\MSP_PODCAST\Audio\MSP-PODCAST_2357_0344.wav","C:\Users\RD004\Documents\lab\data\MSP_PODCAST\Audio\batch_042\MSP-PODCAST_2357_0344.wav"
"42","172","MSP-PODCAST_2357_0345.wav","SOURCE_ZERO_LENGTH","0","NotContentIndexed","-1","A","1240","Train","C:\Users\RD004\Box\知能情報処理システム研究室\音声\音声データベース\MSP_PODCAST\Audio\MSP-PODCAST_2357_0345.wav","C:\Users\RD004\Documents\lab\data\MSP_PODCAST\Audio\batch_042\MSP-PODCAST_2357_0345.wav"
"42","173","MSP-PODCAST_2357_0355.wav","SOURCE_ZERO_LENGTH","0","NotContentIndexed","-1","A","1240","Train","C:\Users\RD004\Box\知能情報処理システム研究室\音声\音声データベース\MSP_PODCAST\Audio\MSP-PODCAST_2357_0355.wav","C:\Users\RD004\Documents\lab\data\MSP_PODCAST\Audio\batch_042\MSP-PODCAST_2357_0355.wav"
"42","174","MSP-PODCAST_2357_0358.wav","SOURCE_ZERO_LENGTH","0","NotContentIndexed","-1","A","1240","Train","C:\Users\RD004\Box\知能情報処理システム研究室\音声\音声データベース\MSP_PODCAST\Audio\MSP-PODCAST_2357_0358.wav","C:\Users\RD004\Documents\lab\data\MSP_PODCAST\Audio\batch_042\MSP-PODCAST_2357_0358.wav"
"42","175","MSP-PODCAST_2357_0364.wav","SOURCE_ZERO_LENGTH","0","NotContentIndexed","-1","A","1240","Train","C:\Users\RD004\Box\知能情報処理システム研究室\音声\音声データベース\MSP_PODCAST\Audio\MSP-PODCAST_2357_0364.wav","C:\Users\RD004\Documents\lab\data\MSP_PODCAST\Audio\batch_042\MSP-PODCAST_2357_0364.wav"
"42","176","MSP-PODCAST_2357_0368.wav","SOURCE_ZERO_LENGTH","0","NotContentIndexed","-1","A","1240","Train","C:\Users\RD004\Box\知能情報処理システム研究室\音声\音声データベース\MSP_PODCAST\Audio\MSP-PODCAST_2357_0368.wav","C:\Users\RD004\Documents\lab\data\MSP_PODCAST\Audio\batch_042\MSP-PODCAST_2357_0368.wav"
"42","177","MSP-PODCAST_2357_0370.wav","SOURCE_ZERO_LENGTH","0","NotContentIndexed","-1","H","1240","Train","C:\Users\RD004\Box\知能情報処理システム研究室\音声\音声データベース\MSP_PODCAST\Audio\MSP-PODCAST_2357_0370.wav","C:\Users\RD004\Documents\lab\data\MSP_PODCAST\Audio\batch_042\MSP-PODCAST_2357_0370.wav"
"42","178","MSP-PODCAST_2357_0373.wav","SOURCE_ZERO_LENGTH","0","NotContentIndexed","-1","H","1240","Train","C:\Users\RD004\Box\知能情報処理システム研究室\音声\音声データベース\MSP_PODCAST\Audio\MSP-PODCAST_2357_0373.wav","C:\Users\RD004\Documents\lab\data\MSP_PODCAST\Audio\batch_042\MSP-PODCAST_2357_0373.wav"
"42","179","MSP-PODCAST_2357_0375.wav","SOURCE_ZERO_LENGTH","0","NotContentIndexed","-1","D","1240","Train","C:\Users\RD004\Box\知能情報処理システム研究室\音声\音声データベース\MSP_PODCAST\Audio\MSP-PODCAST_2357_0375.wav","C:\Users\RD004\Documents\lab\data\MSP_PODCAST\Audio\batch_042\MSP-PODCAST_2357_0375.wav"
"42","180","MSP-PODCAST_2357_0377.wav","SOURCE_ZERO_LENGTH","0","NotContentIndexed","-1","A","1240","Train","C:\Users\RD004\Box\知能情報処理システム研究室\音声\音声データベース\MSP_PODCAST\Audio\MSP-PODCAST_2357_0377.wav","C:\Users\RD004\Documents\lab\data\MSP_PODCAST\Audio\batch_042\MSP-PODCAST_2357_0377.wav"
"42","181","MSP-PODCAST_2357_0379.wav","SOURCE_ZERO_LENGTH","0","NotContentIndexed","-1","A","1240","Train","C:\Users\RD004\Box\知能情報処理システム研究室\音声\音声データベース\MSP_PODCAST\Audio\MSP-PODCAST_2357_0379.wav","C:\Users\RD004\Documents\lab\data\MSP_PODCAST\Audio\batch_042\MSP-PODCAST_2357_0379.wav"
"42","182","MSP-PODCAST_2357_0381.wav","SOURCE_ZERO_LENGTH","0","NotContentIndexed","-1","A","1240","Train","C:\Users\RD004\Box\知能情報処理システム研究室\音声\音声データベース\MSP_PODCAST\Audio\MSP-PODCAST_2357_0381.wav","C:\Users\RD004\Documents\lab\data\MSP_PODCAST\Audio\batch_042\MSP-PODCAST_2357_0381.wav"
"42","183","MSP-PODCAST_2357_0390.wav","SOURCE_ZERO_LENGTH","0","NotContentIndexed","-1","A","1240","Train","C:\Users\RD004\Box\知能情報処理システム研究室\音声\音声データベース\MSP_PODCAST\Audio\MSP-PODCAST_2357_0390.wav","C:\Users\RD004\Documents\lab\data\MSP_PODCAST\Audio\batch_042\MSP-PODCAST_2357_0390.wav"
